ISO-10303-21;
HEADER;
/* Generated by software containing ST-Developer
 * from STEP Tools, Inc. (www.steptools.com) 
 */

FILE_DESCRIPTION(
/* description */ (''),
/* implementation_level */ '2;1');

FILE_NAME(
/* name */ 'printimate_box.step',
/* time_stamp */ '2026-06-08T13:13:56-07:00',
/* author */ (''),
/* organization */ (''),
/* preprocessor_version */ 'ST-DEVELOPER v20.1',
/* originating_system */ 'Autodesk Translation Framework v15.8.0.0',
/* authorisation */ '');

FILE_SCHEMA (('AUTOMOTIVE_DESIGN { 1 0 10303 214 3 1 1 }'));
ENDSEC;

DATA;
#10=MECHANICAL_DESIGN_GEOMETRIC_PRESENTATION_REPRESENTATION('',(#13),#8998);
#11=SHAPE_REPRESENTATION_RELATIONSHIP('SRR','None',#9005,#12);
#12=ADVANCED_BREP_SHAPE_REPRESENTATION('',(#14),#8997);
#13=STYLED_ITEM('',(#9014),#14);
#14=MANIFOLD_SOLID_BREP('Body1',#4680);
#15=CYLINDRICAL_SURFACE('',#4800,5.);
#16=CYLINDRICAL_SURFACE('',#4806,5.);
#17=CYLINDRICAL_SURFACE('',#4812,5.);
#18=CYLINDRICAL_SURFACE('',#4814,5.);
#19=CYLINDRICAL_SURFACE('',#4819,5.);
#20=CYLINDRICAL_SURFACE('',#4821,5.);
#21=CYLINDRICAL_SURFACE('',#4822,5.);
#22=CYLINDRICAL_SURFACE('',#4823,5.);
#23=CYLINDRICAL_SURFACE('',#4832,4.);
#24=CYLINDRICAL_SURFACE('',#4835,4.);
#25=CYLINDRICAL_SURFACE('',#4838,4.);
#26=CYLINDRICAL_SURFACE('',#4841,4.);
#27=CYLINDRICAL_SURFACE('',#4844,5.);
#28=CIRCLE('',#4797,5.);
#29=CIRCLE('',#4798,5.);
#30=CIRCLE('',#4799,5.);
#31=CIRCLE('',#4801,5.);
#32=CIRCLE('',#4803,5.);
#33=CIRCLE('',#4804,5.);
#34=CIRCLE('',#4805,5.);
#35=CIRCLE('',#4807,5.);
#36=CIRCLE('',#4809,5.);
#37=CIRCLE('',#4810,5.);
#38=CIRCLE('',#4811,5.);
#39=CIRCLE('',#4813,5.);
#40=CIRCLE('',#4816,5.);
#41=CIRCLE('',#4817,5.);
#42=CIRCLE('',#4818,5.);
#43=CIRCLE('',#4820,5.);
#44=CIRCLE('',#4825,4.);
#45=CIRCLE('',#4826,4.);
#46=CIRCLE('',#4827,4.);
#47=CIRCLE('',#4828,4.);
#48=CIRCLE('',#4830,5.);
#49=CIRCLE('',#4833,4.);
#50=CIRCLE('',#4836,4.);
#51=CIRCLE('',#4839,4.);
#52=CIRCLE('',#4842,4.);
#53=CIRCLE('',#4845,5.);
#54=SPHERICAL_SURFACE('',#4796,5.);
#55=SPHERICAL_SURFACE('',#4802,5.);
#56=SPHERICAL_SURFACE('',#4808,5.);
#57=SPHERICAL_SURFACE('',#4815,5.);
#58=FACE_BOUND('',#828,.T.);
#59=FACE_BOUND('',#855,.T.);
#60=FACE_BOUND('',#904,.T.);
#61=FACE_BOUND('',#906,.T.);
#62=FACE_BOUND('',#907,.T.);
#63=FACE_BOUND('',#908,.T.);
#64=FACE_BOUND('',#909,.T.);
#65=FACE_BOUND('',#910,.T.);
#66=FACE_BOUND('',#911,.T.);
#67=FACE_BOUND('',#912,.T.);
#68=FACE_BOUND('',#913,.T.);
#69=FACE_BOUND('',#914,.T.);
#70=FACE_BOUND('',#915,.T.);
#71=FACE_BOUND('',#916,.T.);
#72=FACE_BOUND('',#932,.T.);
#73=FACE_BOUND('',#934,.T.);
#74=FACE_BOUND('',#936,.T.);
#75=FACE_BOUND('',#947,.T.);
#76=FACE_BOUND('',#950,.T.);
#77=FACE_BOUND('',#952,.T.);
#78=FACE_BOUND('',#953,.T.);
#79=B_SPLINE_CURVE_WITH_KNOTS('',3,(#5670,#5671,#5672,#5673,#5674),
 .UNSPECIFIED.,.F.,.F.,(4,1,4),(0.,0.0562007630001061,0.116095196532863),
 .UNSPECIFIED.);
#80=B_SPLINE_CURVE_WITH_KNOTS('',3,(#5677,#5678,#5679,#5680,#5681),
 .UNSPECIFIED.,.F.,.F.,(4,1,4),(0.,0.0562007630001061,0.116095196532863),
 .UNSPECIFIED.);
#81=B_SPLINE_CURVE_WITH_KNOTS('',3,(#5693,#5694,#5695,#5696,#5697),
 .UNSPECIFIED.,.F.,.F.,(4,1,4),(0.,0.031745024355292,0.0656117551138182),
 .UNSPECIFIED.);
#82=B_SPLINE_CURVE_WITH_KNOTS('',3,(#5700,#5701,#5702,#5703,#5704),
 .UNSPECIFIED.,.F.,.F.,(4,1,4),(0.,0.031745024355292,0.0656117551138182),
 .UNSPECIFIED.);
#83=B_SPLINE_CURVE_WITH_KNOTS('',3,(#5716,#5717,#5718,#5719,#5720),
 .UNSPECIFIED.,.F.,.F.,(4,1,4),(0.,0.0309515603612665,0.0619606962067301),
 .UNSPECIFIED.);
#84=B_SPLINE_CURVE_WITH_KNOTS('',3,(#5723,#5724,#5725,#5726,#5727),
 .UNSPECIFIED.,.F.,.F.,(4,1,4),(0.,0.0309515603612665,0.0619606962067301),
 .UNSPECIFIED.);
#85=B_SPLINE_CURVE_WITH_KNOTS('',3,(#5739,#5740,#5741,#5742,#5743),
 .UNSPECIFIED.,.F.,.F.,(4,1,4),(0.,0.0393949702052335,0.0758021945561639),
 .UNSPECIFIED.);
#86=B_SPLINE_CURVE_WITH_KNOTS('',3,(#5746,#5747,#5748,#5749,#5750),
 .UNSPECIFIED.,.F.,.F.,(4,1,4),(0.,0.0393949702052335,0.0758021945561639),
 .UNSPECIFIED.);
#87=B_SPLINE_CURVE_WITH_KNOTS('',3,(#5768,#5769,#5770,#5771,#5772),
 .UNSPECIFIED.,.F.,.F.,(4,1,4),(0.,0.0506896570501429,0.106840864389249),
 .UNSPECIFIED.);
#88=B_SPLINE_CURVE_WITH_KNOTS('',3,(#5775,#5776,#5777,#5778,#5779),
 .UNSPECIFIED.,.F.,.F.,(4,1,4),(0.,0.0506896570501429,0.106840864389249),
 .UNSPECIFIED.);
#89=B_SPLINE_CURVE_WITH_KNOTS('',3,(#5791,#5792,#5793,#5794,#5795),
 .UNSPECIFIED.,.F.,.F.,(4,1,4),(0.,0.0336803357961758,0.0670586516398761),
 .UNSPECIFIED.);
#90=B_SPLINE_CURVE_WITH_KNOTS('',3,(#5798,#5799,#5800,#5801,#5802),
 .UNSPECIFIED.,.F.,.F.,(4,1,4),(0.,0.0336803357961758,0.0670586516398761),
 .UNSPECIFIED.);
#91=B_SPLINE_CURVE_WITH_KNOTS('',3,(#5814,#5815,#5816,#5817,#5818),
 .UNSPECIFIED.,.F.,.F.,(4,1,4),(0.,0.0605934023781493,0.102943671172655),
 .UNSPECIFIED.);
#92=B_SPLINE_CURVE_WITH_KNOTS('',3,(#5821,#5822,#5823,#5824,#5825),
 .UNSPECIFIED.,.F.,.F.,(4,1,4),(0.,0.0605934023781493,0.102943671172655),
 .UNSPECIFIED.);
#93=B_SPLINE_CURVE_WITH_KNOTS('',3,(#5885,#5886,#5887,#5888,#5889),
 .UNSPECIFIED.,.F.,.F.,(4,1,4),(0.,0.0154087821807621,0.0348622590454909),
 .UNSPECIFIED.);
#94=B_SPLINE_CURVE_WITH_KNOTS('',3,(#5893,#5894,#5895,#5896,#5897),
 .UNSPECIFIED.,.F.,.F.,(4,1,4),(0.,0.0154087821807621,0.0348622590454909),
 .UNSPECIFIED.);
#95=B_SPLINE_CURVE_WITH_KNOTS('',3,(#5910,#5911,#5912,#5913,#5914),
 .UNSPECIFIED.,.F.,.F.,(4,1,4),(0.,0.0128282399726579,0.0258067519459794),
 .UNSPECIFIED.);
#96=B_SPLINE_CURVE_WITH_KNOTS('',3,(#5917,#5918,#5919,#5920,#5921),
 .UNSPECIFIED.,.F.,.F.,(4,1,4),(0.,0.0128282399726579,0.0258067519459794),
 .UNSPECIFIED.);
#97=B_SPLINE_CURVE_WITH_KNOTS('',3,(#5933,#5934,#5935,#5936,#5937),
 .UNSPECIFIED.,.F.,.F.,(4,1,4),(0.,0.0345375117561097,0.0543910618618574),
 .UNSPECIFIED.);
#98=B_SPLINE_CURVE_WITH_KNOTS('',3,(#5940,#5941,#5942,#5943,#5944),
 .UNSPECIFIED.,.F.,.F.,(4,1,4),(0.,0.0345375117561097,0.0543910618618574),
 .UNSPECIFIED.);
#99=B_SPLINE_CURVE_WITH_KNOTS('',3,(#6022,#6023,#6024,#6025,#6026),
 .UNSPECIFIED.,.F.,.F.,(4,1,4),(0.,0.0439072729283674,0.117229276936746),
 .UNSPECIFIED.);
#100=B_SPLINE_CURVE_WITH_KNOTS('',3,(#6029,#6030,#6031,#6032,#6033),
 .UNSPECIFIED.,.F.,.F.,(4,1,4),(0.,0.0439072729283674,0.117229276936746),
 .UNSPECIFIED.);
#101=B_SPLINE_CURVE_WITH_KNOTS('',3,(#6045,#6046,#6047,#6048,#6049),
 .UNSPECIFIED.,.F.,.F.,(4,1,4),(0.,0.031791699291675,0.0614187593031298),
 .UNSPECIFIED.);
#102=B_SPLINE_CURVE_WITH_KNOTS('',3,(#6052,#6053,#6054,#6055,#6056),
 .UNSPECIFIED.,.F.,.F.,(4,1,4),(0.,0.031791699291675,0.0614187593031298),
 .UNSPECIFIED.);
#103=B_SPLINE_CURVE_WITH_KNOTS('',3,(#6068,#6069,#6070,#6071,#6072),
 .UNSPECIFIED.,.F.,.F.,(4,1,4),(0.,0.0476640499946864,0.0853356516486785),
 .UNSPECIFIED.);
#104=B_SPLINE_CURVE_WITH_KNOTS('',3,(#6075,#6076,#6077,#6078,#6079),
 .UNSPECIFIED.,.F.,.F.,(4,1,4),(0.,0.0476640499946864,0.0853356516486785),
 .UNSPECIFIED.);
#105=B_SPLINE_CURVE_WITH_KNOTS('',3,(#6091,#6092,#6093,#6094,#6095),
 .UNSPECIFIED.,.F.,.F.,(4,1,4),(0.,0.0398326258781375,0.0748257580904405),
 .UNSPECIFIED.);
#106=B_SPLINE_CURVE_WITH_KNOTS('',3,(#6098,#6099,#6100,#6101,#6102),
 .UNSPECIFIED.,.F.,.F.,(4,1,4),(0.,0.0398326258781375,0.0748257580904405),
 .UNSPECIFIED.);
#107=B_SPLINE_CURVE_WITH_KNOTS('',3,(#6119,#6120,#6121,#6122,#6123),
 .UNSPECIFIED.,.F.,.F.,(4,1,4),(0.,0.0189873680536664,0.0433040028565976),
 .UNSPECIFIED.);
#108=B_SPLINE_CURVE_WITH_KNOTS('',3,(#6124,#6125,#6126,#6127,#6128),
 .UNSPECIFIED.,.F.,.F.,(4,1,4),(0.,0.0189873680536664,0.0433040028565976),
 .UNSPECIFIED.);
#109=B_SPLINE_CURVE_WITH_KNOTS('',3,(#6175,#6176,#6177,#6178,#6179),
 .UNSPECIFIED.,.F.,.F.,(4,1,4),(0.,0.0526513343870744,0.122613196484271),
 .UNSPECIFIED.);
#110=B_SPLINE_CURVE_WITH_KNOTS('',3,(#6182,#6183,#6184,#6185,#6186),
 .UNSPECIFIED.,.F.,.F.,(4,1,4),(0.,0.0526513343870744,0.122613196484271),
 .UNSPECIFIED.);
#111=B_SPLINE_CURVE_WITH_KNOTS('',3,(#6198,#6199,#6200,#6201,#6202),
 .UNSPECIFIED.,.F.,.F.,(4,1,4),(0.,0.0403899463420525,0.082713020494233),
 .UNSPECIFIED.);
#112=B_SPLINE_CURVE_WITH_KNOTS('',3,(#6205,#6206,#6207,#6208,#6209),
 .UNSPECIFIED.,.F.,.F.,(4,1,4),(0.,0.0403899463420525,0.082713020494233),
 .UNSPECIFIED.);
#113=B_SPLINE_CURVE_WITH_KNOTS('',3,(#6221,#6222,#6223,#6224,#6225),
 .UNSPECIFIED.,.F.,.F.,(4,1,4),(0.,0.0403433213374356,0.0807773038774723),
 .UNSPECIFIED.);
#114=B_SPLINE_CURVE_WITH_KNOTS('',3,(#6228,#6229,#6230,#6231,#6232),
 .UNSPECIFIED.,.F.,.F.,(4,1,4),(0.,0.0403433213374356,0.0807773038774723),
 .UNSPECIFIED.);
#115=B_SPLINE_CURVE_WITH_KNOTS('',3,(#6244,#6245,#6246,#6247,#6248),
 .UNSPECIFIED.,.F.,.F.,(4,1,4),(0.,0.0400599599265413,0.087698775979571),
 .UNSPECIFIED.);
#116=B_SPLINE_CURVE_WITH_KNOTS('',3,(#6251,#6252,#6253,#6254,#6255),
 .UNSPECIFIED.,.F.,.F.,(4,1,4),(0.,0.0400599599265413,0.087698775979571),
 .UNSPECIFIED.);
#117=B_SPLINE_CURVE_WITH_KNOTS('',3,(#6267,#6268,#6269,#6270,#6271),
 .UNSPECIFIED.,.F.,.F.,(4,1,4),(0.,0.0576123434054034,0.102326645807829),
 .UNSPECIFIED.);
#118=B_SPLINE_CURVE_WITH_KNOTS('',3,(#6274,#6275,#6276,#6277,#6278),
 .UNSPECIFIED.,.F.,.F.,(4,1,4),(0.,0.0576123434054034,0.102326645807829),
 .UNSPECIFIED.);
#119=B_SPLINE_CURVE_WITH_KNOTS('',3,(#6308,#6309,#6310,#6311,#6312),
 .UNSPECIFIED.,.F.,.F.,(4,1,4),(0.,0.0607484382098942,0.138622471713488),
 .UNSPECIFIED.);
#120=B_SPLINE_CURVE_WITH_KNOTS('',3,(#6315,#6316,#6317,#6318,#6319),
 .UNSPECIFIED.,.F.,.F.,(4,1,4),(0.,0.0607484382098942,0.138622471713488),
 .UNSPECIFIED.);
#121=B_SPLINE_CURVE_WITH_KNOTS('',3,(#6331,#6332,#6333,#6334,#6335),
 .UNSPECIFIED.,.F.,.F.,(4,1,4),(0.,0.0568628091467522,0.11180365062685),
 .UNSPECIFIED.);
#122=B_SPLINE_CURVE_WITH_KNOTS('',3,(#6338,#6339,#6340,#6341,#6342),
 .UNSPECIFIED.,.F.,.F.,(4,1,4),(0.,0.0568628091467522,0.11180365062685),
 .UNSPECIFIED.);
#123=B_SPLINE_CURVE_WITH_KNOTS('',3,(#6354,#6355,#6356,#6357,#6358),
 .UNSPECIFIED.,.F.,.F.,(4,1,4),(0.,0.0297550757266482,0.0616519303836464),
 .UNSPECIFIED.);
#124=B_SPLINE_CURVE_WITH_KNOTS('',3,(#6361,#6362,#6363,#6364,#6365),
 .UNSPECIFIED.,.F.,.F.,(4,1,4),(0.,0.0297550757266482,0.0616519303836464),
 .UNSPECIFIED.);
#125=B_SPLINE_CURVE_WITH_KNOTS('',3,(#6377,#6378,#6379,#6380,#6381),
 .UNSPECIFIED.,.F.,.F.,(4,1,4),(0.,0.0270584296644734,0.0551003484830216),
 .UNSPECIFIED.);
#126=B_SPLINE_CURVE_WITH_KNOTS('',3,(#6384,#6385,#6386,#6387,#6388),
 .UNSPECIFIED.,.F.,.F.,(4,1,4),(0.,0.0270584296644734,0.0551003484830216),
 .UNSPECIFIED.);
#127=B_SPLINE_CURVE_WITH_KNOTS('',3,(#6400,#6401,#6402,#6403,#6404),
 .UNSPECIFIED.,.F.,.F.,(4,1,4),(0.,0.0506734668799404,0.0854331483128759),
 .UNSPECIFIED.);
#128=B_SPLINE_CURVE_WITH_KNOTS('',3,(#6407,#6408,#6409,#6410,#6411),
 .UNSPECIFIED.,.F.,.F.,(4,1,4),(0.,0.0506734668799404,0.0854331483128759),
 .UNSPECIFIED.);
#129=B_SPLINE_CURVE_WITH_KNOTS('',3,(#6441,#6442,#6443,#6444,#6445),
 .UNSPECIFIED.,.F.,.F.,(4,1,4),(0.,0.0697339477896509,0.156866461801874),
 .UNSPECIFIED.);
#130=B_SPLINE_CURVE_WITH_KNOTS('',3,(#6448,#6449,#6450,#6451,#6452),
 .UNSPECIFIED.,.F.,.F.,(4,1,4),(0.,0.0697339477896509,0.156866461801874),
 .UNSPECIFIED.);
#131=B_SPLINE_CURVE_WITH_KNOTS('',3,(#6464,#6465,#6466,#6467,#6468),
 .UNSPECIFIED.,.F.,.F.,(4,1,4),(0.,0.0772011852907905,0.144072536729047),
 .UNSPECIFIED.);
#132=B_SPLINE_CURVE_WITH_KNOTS('',3,(#6471,#6472,#6473,#6474,#6475),
 .UNSPECIFIED.,.F.,.F.,(4,1,4),(0.,0.0772011852907905,0.144072536729047),
 .UNSPECIFIED.);
#133=B_SPLINE_CURVE_WITH_KNOTS('',3,(#6487,#6488,#6489,#6490,#6491),
 .UNSPECIFIED.,.F.,.F.,(4,1,4),(0.,0.109800664256394,0.212837670233739),
 .UNSPECIFIED.);
#134=B_SPLINE_CURVE_WITH_KNOTS('',3,(#6494,#6495,#6496,#6497,#6498),
 .UNSPECIFIED.,.F.,.F.,(4,1,4),(0.,0.109800664256394,0.212837670233739),
 .UNSPECIFIED.);
#135=B_SPLINE_CURVE_WITH_KNOTS('',3,(#6510,#6511,#6512,#6513,#6514),
 .UNSPECIFIED.,.F.,.F.,(4,1,4),(0.,0.0477112307076161,0.0962392206459575),
 .UNSPECIFIED.);
#136=B_SPLINE_CURVE_WITH_KNOTS('',3,(#6517,#6518,#6519,#6520,#6521),
 .UNSPECIFIED.,.F.,.F.,(4,1,4),(0.,0.0477112307076161,0.0962392206459575),
 .UNSPECIFIED.);
#137=B_SPLINE_CURVE_WITH_KNOTS('',3,(#6533,#6534,#6535,#6536,#6537),
 .UNSPECIFIED.,.F.,.F.,(4,1,4),(0.,0.0589070467147424,0.109817347577916),
 .UNSPECIFIED.);
#138=B_SPLINE_CURVE_WITH_KNOTS('',3,(#6540,#6541,#6542,#6543,#6544),
 .UNSPECIFIED.,.F.,.F.,(4,1,4),(0.,0.0589070467147424,0.109817347577916),
 .UNSPECIFIED.);
#139=B_SPLINE_CURVE_WITH_KNOTS('',3,(#6556,#6557,#6558,#6559,#6560),
 .UNSPECIFIED.,.F.,.F.,(4,1,4),(0.,0.0522638978714848,0.107361241393168),
 .UNSPECIFIED.);
#140=B_SPLINE_CURVE_WITH_KNOTS('',3,(#6563,#6564,#6565,#6566,#6567),
 .UNSPECIFIED.,.F.,.F.,(4,1,4),(0.,0.0522638978714848,0.107361241393168),
 .UNSPECIFIED.);
#141=B_SPLINE_CURVE_WITH_KNOTS('',3,(#6579,#6580,#6581,#6582,#6583),
 .UNSPECIFIED.,.F.,.F.,(4,1,4),(0.,0.0498000093746958,0.100362604006947),
 .UNSPECIFIED.);
#142=B_SPLINE_CURVE_WITH_KNOTS('',3,(#6586,#6587,#6588,#6589,#6590),
 .UNSPECIFIED.,.F.,.F.,(4,1,4),(0.,0.0498000093746958,0.100362604006947),
 .UNSPECIFIED.);
#143=B_SPLINE_CURVE_WITH_KNOTS('',3,(#6625,#6626,#6627,#6628,#6629),
 .UNSPECIFIED.,.F.,.F.,(4,1,4),(0.,0.0154092296901713,0.0348622317035698),
 .UNSPECIFIED.);
#144=B_SPLINE_CURVE_WITH_KNOTS('',3,(#6633,#6634,#6635,#6636,#6637),
 .UNSPECIFIED.,.F.,.F.,(4,1,4),(0.,0.0154092296901713,0.0348622317035698),
 .UNSPECIFIED.);
#145=B_SPLINE_CURVE_WITH_KNOTS('',3,(#6650,#6651,#6652,#6653,#6654),
 .UNSPECIFIED.,.F.,.F.,(4,1,4),(0.,0.0128282399726579,0.0258067519459794),
 .UNSPECIFIED.);
#146=B_SPLINE_CURVE_WITH_KNOTS('',3,(#6657,#6658,#6659,#6660,#6661),
 .UNSPECIFIED.,.F.,.F.,(4,1,4),(0.,0.0128282399726579,0.0258067519459794),
 .UNSPECIFIED.);
#147=B_SPLINE_CURVE_WITH_KNOTS('',3,(#6673,#6674,#6675,#6676,#6677),
 .UNSPECIFIED.,.F.,.F.,(4,1,4),(0.,0.0345375117561097,0.0543910618618574),
 .UNSPECIFIED.);
#148=B_SPLINE_CURVE_WITH_KNOTS('',3,(#6680,#6681,#6682,#6683,#6684),
 .UNSPECIFIED.,.F.,.F.,(4,1,4),(0.,0.0345375117561097,0.0543910618618574),
 .UNSPECIFIED.);
#149=B_SPLINE_CURVE_WITH_KNOTS('',3,(#6762,#6763,#6764,#6765,#6766),
 .UNSPECIFIED.,.F.,.F.,(4,1,4),(0.,0.0439072729283674,0.117229267177419),
 .UNSPECIFIED.);
#150=B_SPLINE_CURVE_WITH_KNOTS('',3,(#6769,#6770,#6771,#6772,#6773),
 .UNSPECIFIED.,.F.,.F.,(4,1,4),(0.,0.0439072729283674,0.117229267177419),
 .UNSPECIFIED.);
#151=B_SPLINE_CURVE_WITH_KNOTS('',3,(#6785,#6786,#6787,#6788,#6789),
 .UNSPECIFIED.,.F.,.F.,(4,1,4),(0.,0.031791699291675,0.0614187593031298),
 .UNSPECIFIED.);
#152=B_SPLINE_CURVE_WITH_KNOTS('',3,(#6792,#6793,#6794,#6795,#6796),
 .UNSPECIFIED.,.F.,.F.,(4,1,4),(0.,0.031791699291675,0.0614187593031298),
 .UNSPECIFIED.);
#153=B_SPLINE_CURVE_WITH_KNOTS('',3,(#6808,#6809,#6810,#6811,#6812),
 .UNSPECIFIED.,.F.,.F.,(4,1,4),(0.,0.0476638125164836,0.0853356386600778),
 .UNSPECIFIED.);
#154=B_SPLINE_CURVE_WITH_KNOTS('',3,(#6815,#6816,#6817,#6818,#6819),
 .UNSPECIFIED.,.F.,.F.,(4,1,4),(0.,0.0476638125164836,0.0853356386600778),
 .UNSPECIFIED.);
#155=B_SPLINE_CURVE_WITH_KNOTS('',3,(#6831,#6832,#6833,#6834,#6835),
 .UNSPECIFIED.,.F.,.F.,(4,1,4),(0.,0.0398323907034805,0.074825998824326),
 .UNSPECIFIED.);
#156=B_SPLINE_CURVE_WITH_KNOTS('',3,(#6838,#6839,#6840,#6841,#6842),
 .UNSPECIFIED.,.F.,.F.,(4,1,4),(0.,0.0398323907034805,0.074825998824326),
 .UNSPECIFIED.);
#157=B_SPLINE_CURVE_WITH_KNOTS('',3,(#6859,#6860,#6861,#6862,#6863),
 .UNSPECIFIED.,.F.,.F.,(4,1,4),(0.,0.0189873680536664,0.0433042396146336),
 .UNSPECIFIED.);
#158=B_SPLINE_CURVE_WITH_KNOTS('',3,(#6864,#6865,#6866,#6867,#6868),
 .UNSPECIFIED.,.F.,.F.,(4,1,4),(0.,0.0189873680536664,0.0433042396146336),
 .UNSPECIFIED.);
#159=B_SPLINE_CURVE_WITH_KNOTS('',3,(#6882,#6883,#6884,#6885,#6886),
 .UNSPECIFIED.,.F.,.F.,(4,1,4),(0.,0.0428760971534425,0.100039081653495),
 .UNSPECIFIED.);
#160=B_SPLINE_CURVE_WITH_KNOTS('',3,(#6890,#6891,#6892,#6893,#6894),
 .UNSPECIFIED.,.F.,.F.,(4,1,4),(0.,0.0428760971534425,0.100039081653495),
 .UNSPECIFIED.);
#161=B_SPLINE_CURVE_WITH_KNOTS('',3,(#6907,#6908,#6909,#6910,#6911),
 .UNSPECIFIED.,.F.,.F.,(4,1,4),(0.,0.0484360672984576,0.0953222811765387),
 .UNSPECIFIED.);
#162=B_SPLINE_CURVE_WITH_KNOTS('',3,(#6914,#6915,#6916,#6917,#6918),
 .UNSPECIFIED.,.F.,.F.,(4,1,4),(0.,0.0484360672984576,0.0953222811765387),
 .UNSPECIFIED.);
#163=B_SPLINE_CURVE_WITH_KNOTS('',3,(#6930,#6931,#6932,#6933,#6934),
 .UNSPECIFIED.,.F.,.F.,(4,1,4),(0.,0.0539659024706316,0.104761827537397),
 .UNSPECIFIED.);
#164=B_SPLINE_CURVE_WITH_KNOTS('',3,(#6937,#6938,#6939,#6940,#6941),
 .UNSPECIFIED.,.F.,.F.,(4,1,4),(0.,0.0539659024706316,0.104761827537397),
 .UNSPECIFIED.);
#165=B_SPLINE_CURVE_WITH_KNOTS('',3,(#6953,#6954,#6955,#6956,#6957),
 .UNSPECIFIED.,.F.,.F.,(4,1,4),(0.,0.0417462937972178,0.0926470222539679),
 .UNSPECIFIED.);
#166=B_SPLINE_CURVE_WITH_KNOTS('',3,(#6960,#6961,#6962,#6963,#6964),
 .UNSPECIFIED.,.F.,.F.,(4,1,4),(0.,0.0417462937972178,0.0926470222539679),
 .UNSPECIFIED.);
#167=B_SPLINE_CURVE_WITH_KNOTS('',3,(#6976,#6977,#6978,#6979,#6980),
 .UNSPECIFIED.,.F.,.F.,(4,1,4),(0.,0.0367620491919547,0.0735969567237007),
 .UNSPECIFIED.);
#168=B_SPLINE_CURVE_WITH_KNOTS('',3,(#6983,#6984,#6985,#6986,#6987),
 .UNSPECIFIED.,.F.,.F.,(4,1,4),(0.,0.0367620491919547,0.0735969567237007),
 .UNSPECIFIED.);
#169=B_SPLINE_CURVE_WITH_KNOTS('',3,(#6999,#7000,#7001,#7002,#7003),
 .UNSPECIFIED.,.F.,.F.,(4,1,4),(0.,0.0242308626179468,0.0488880785121061),
 .UNSPECIFIED.);
#170=B_SPLINE_CURVE_WITH_KNOTS('',3,(#7006,#7007,#7008,#7009,#7010),
 .UNSPECIFIED.,.F.,.F.,(4,1,4),(0.,0.0242308626179468,0.0488880785121061),
 .UNSPECIFIED.);
#171=B_SPLINE_CURVE_WITH_KNOTS('',3,(#7022,#7023,#7024,#7025,#7026),
 .UNSPECIFIED.,.F.,.F.,(4,1,4),(0.,0.0260177803092091,0.0509541132175162),
 .UNSPECIFIED.);
#172=B_SPLINE_CURVE_WITH_KNOTS('',3,(#7029,#7030,#7031,#7032,#7033),
 .UNSPECIFIED.,.F.,.F.,(4,1,4),(0.,0.0260177803092091,0.0509541132175162),
 .UNSPECIFIED.);
#173=B_SPLINE_CURVE_WITH_KNOTS('',3,(#7045,#7046,#7047,#7048,#7049),
 .UNSPECIFIED.,.F.,.F.,(4,1,4),(0.,0.0525309971446142,0.0880479693197261),
 .UNSPECIFIED.);
#174=B_SPLINE_CURVE_WITH_KNOTS('',3,(#7052,#7053,#7054,#7055,#7056),
 .UNSPECIFIED.,.F.,.F.,(4,1,4),(0.,0.0525309971446142,0.0880479693197261),
 .UNSPECIFIED.);
#175=B_SPLINE_CURVE_WITH_KNOTS('',3,(#7068,#7069,#7070,#7071,#7072),
 .UNSPECIFIED.,.F.,.F.,(4,1,4),(0.,0.0698314446451382,0.16493596044615),
 .UNSPECIFIED.);
#176=B_SPLINE_CURVE_WITH_KNOTS('',3,(#7075,#7076,#7077,#7078,#7079),
 .UNSPECIFIED.,.F.,.F.,(4,1,4),(0.,0.0698314446451382,0.16493596044615),
 .UNSPECIFIED.);
#177=B_SPLINE_CURVE_WITH_KNOTS('',3,(#7103,#7104,#7105,#7106,#7107),
 .UNSPECIFIED.,.F.,.F.,(4,1,4),(0.,0.0366019531130687,0.073962917906508),
 .UNSPECIFIED.);
#178=B_SPLINE_CURVE_WITH_KNOTS('',3,(#7110,#7111,#7112,#7113,#7114),
 .UNSPECIFIED.,.F.,.F.,(4,1,4),(0.,0.0366019531130687,0.073962917906508),
 .UNSPECIFIED.);
#179=B_SPLINE_CURVE_WITH_KNOTS('',3,(#7126,#7127,#7128,#7129,#7130),
 .UNSPECIFIED.,.F.,.F.,(4,1,4),(0.,0.111879101234974,0.173707648097426),
 .UNSPECIFIED.);
#180=B_SPLINE_CURVE_WITH_KNOTS('',3,(#7133,#7134,#7135,#7136,#7137),
 .UNSPECIFIED.,.F.,.F.,(4,1,4),(0.,0.111879101234974,0.173707648097426),
 .UNSPECIFIED.);
#181=B_SPLINE_CURVE_WITH_KNOTS('',3,(#7155,#7156,#7157,#7158,#7159),
 .UNSPECIFIED.,.F.,.F.,(4,1,4),(0.,0.0353900776398739,0.0907924937332117),
 .UNSPECIFIED.);
#182=B_SPLINE_CURVE_WITH_KNOTS('',3,(#7162,#7163,#7164,#7165,#7166),
 .UNSPECIFIED.,.F.,.F.,(4,1,4),(0.,0.0353900776398739,0.0907924937332117),
 .UNSPECIFIED.);
#183=B_SPLINE_CURVE_WITH_KNOTS('',3,(#7178,#7179,#7180,#7181,#7182),
 .UNSPECIFIED.,.F.,.F.,(4,1,4),(0.,0.0350538804732094,0.0737956668708719),
 .UNSPECIFIED.);
#184=B_SPLINE_CURVE_WITH_KNOTS('',3,(#7185,#7186,#7187,#7188,#7189),
 .UNSPECIFIED.,.F.,.F.,(4,1,4),(0.,0.0350538804732094,0.0737956668708719),
 .UNSPECIFIED.);
#185=B_SPLINE_CURVE_WITH_KNOTS('',3,(#7201,#7202,#7203,#7204,#7205),
 .UNSPECIFIED.,.F.,.F.,(4,1,4),(0.,0.0448443856618308,0.0819728744860401),
 .UNSPECIFIED.);
#186=B_SPLINE_CURVE_WITH_KNOTS('',3,(#7208,#7209,#7210,#7211,#7212),
 .UNSPECIFIED.,.F.,.F.,(4,1,4),(0.,0.0448443856618308,0.0819728744860401),
 .UNSPECIFIED.);
#187=B_SPLINE_CURVE_WITH_KNOTS('',3,(#7224,#7225,#7226,#7227,#7228),
 .UNSPECIFIED.,.F.,.F.,(4,1,4),(0.,0.0673989399101557,0.122325558845093),
 .UNSPECIFIED.);
#188=B_SPLINE_CURVE_WITH_KNOTS('',3,(#7231,#7232,#7233,#7234,#7235),
 .UNSPECIFIED.,.F.,.F.,(4,1,4),(0.,0.0673989399101557,0.122325558845093),
 .UNSPECIFIED.);
#189=B_SPLINE_CURVE_WITH_KNOTS('',3,(#7247,#7248,#7249,#7250,#7251),
 .UNSPECIFIED.,.F.,.F.,(4,1,4),(0.,0.0631989847314864,0.133649080394534),
 .UNSPECIFIED.);
#190=B_SPLINE_CURVE_WITH_KNOTS('',3,(#7254,#7255,#7256,#7257,#7258),
 .UNSPECIFIED.,.F.,.F.,(4,1,4),(0.,0.0631989847314864,0.133649080394534),
 .UNSPECIFIED.);
#191=B_SPLINE_CURVE_WITH_KNOTS('',3,(#7270,#7271,#7272,#7273,#7274),
 .UNSPECIFIED.,.F.,.F.,(4,1,4),(0.,0.0498223314857109,0.105648761762638),
 .UNSPECIFIED.);
#192=B_SPLINE_CURVE_WITH_KNOTS('',3,(#7277,#7278,#7279,#7280,#7281),
 .UNSPECIFIED.,.F.,.F.,(4,1,4),(0.,0.0498223314857109,0.105648761762638),
 .UNSPECIFIED.);
#193=B_SPLINE_CURVE_WITH_KNOTS('',3,(#7293,#7294,#7295,#7296,#7297),
 .UNSPECIFIED.,.F.,.F.,(4,1,4),(0.,0.0582958841813476,0.108998018934692),
 .UNSPECIFIED.);
#194=B_SPLINE_CURVE_WITH_KNOTS('',3,(#7300,#7301,#7302,#7303,#7304),
 .UNSPECIFIED.,.F.,.F.,(4,1,4),(0.,0.0582958841813476,0.108998018934692),
 .UNSPECIFIED.);
#195=B_SPLINE_CURVE_WITH_KNOTS('',3,(#7322,#7323,#7324,#7325,#7326),
 .UNSPECIFIED.,.F.,.F.,(4,1,4),(0.,0.0439335410454408,0.0999010938931281),
 .UNSPECIFIED.);
#196=B_SPLINE_CURVE_WITH_KNOTS('',3,(#7329,#7330,#7331,#7332,#7333),
 .UNSPECIFIED.,.F.,.F.,(4,1,4),(0.,0.0439335410454408,0.0999010938931281),
 .UNSPECIFIED.);
#197=B_SPLINE_CURVE_WITH_KNOTS('',3,(#7345,#7346,#7347,#7348,#7349),
 .UNSPECIFIED.,.F.,.F.,(4,1,4),(0.,0.0606115830678257,0.106739955383465),
 .UNSPECIFIED.);
#198=B_SPLINE_CURVE_WITH_KNOTS('',3,(#7352,#7353,#7354,#7355,#7356),
 .UNSPECIFIED.,.F.,.F.,(4,1,4),(0.,0.0606115830678257,0.106739955383465),
 .UNSPECIFIED.);
#199=B_SPLINE_CURVE_WITH_KNOTS('',3,(#7368,#7369,#7370,#7371,#7372),
 .UNSPECIFIED.,.F.,.F.,(4,1,4),(0.,0.0530374196485297,0.118642305065273),
 .UNSPECIFIED.);
#200=B_SPLINE_CURVE_WITH_KNOTS('',3,(#7375,#7376,#7377,#7378,#7379),
 .UNSPECIFIED.,.F.,.F.,(4,1,4),(0.,0.0530374196485297,0.118642305065273),
 .UNSPECIFIED.);
#201=B_SPLINE_CURVE_WITH_KNOTS('',3,(#7391,#7392,#7393,#7394,#7395),
 .UNSPECIFIED.,.F.,.F.,(4,1,4),(0.,0.0516306170835454,0.0910370388914938),
 .UNSPECIFIED.);
#202=B_SPLINE_CURVE_WITH_KNOTS('',3,(#7398,#7399,#7400,#7401,#7402),
 .UNSPECIFIED.,.F.,.F.,(4,1,4),(0.,0.0516306170835454,0.0910370388914938),
 .UNSPECIFIED.);
#203=B_SPLINE_CURVE_WITH_KNOTS('',3,(#7414,#7415,#7416,#7417,#7418),
 .UNSPECIFIED.,.F.,.F.,(4,1,4),(0.,0.0165125755376917,0.0256540843220994),
 .UNSPECIFIED.);
#204=B_SPLINE_CURVE_WITH_KNOTS('',3,(#7421,#7422,#7423,#7424,#7425),
 .UNSPECIFIED.,.F.,.F.,(4,1,4),(0.,0.0165125755376917,0.0256540843220994),
 .UNSPECIFIED.);
#205=B_SPLINE_CURVE_WITH_KNOTS('',3,(#7437,#7438,#7439,#7440,#7441),
 .UNSPECIFIED.,.F.,.F.,(4,1,4),(0.,0.1044388400889,0.178623158080657),
 .UNSPECIFIED.);
#206=B_SPLINE_CURVE_WITH_KNOTS('',3,(#7444,#7445,#7446,#7447,#7448),
 .UNSPECIFIED.,.F.,.F.,(4,1,4),(0.,0.1044388400889,0.178623158080657),
 .UNSPECIFIED.);
#207=B_SPLINE_CURVE_WITH_KNOTS('',3,(#7460,#7461,#7462,#7463,#7464),
 .UNSPECIFIED.,.F.,.F.,(4,1,4),(0.,0.037056821205715,0.0885896030941234),
 .UNSPECIFIED.);
#208=B_SPLINE_CURVE_WITH_KNOTS('',3,(#7467,#7468,#7469,#7470,#7471),
 .UNSPECIFIED.,.F.,.F.,(4,1,4),(0.,0.037056821205715,0.0885896030941234),
 .UNSPECIFIED.);
#209=B_SPLINE_CURVE_WITH_KNOTS('',3,(#7483,#7484,#7485,#7486,#7487),
 .UNSPECIFIED.,.F.,.F.,(4,1,4),(0.,0.0384140238224981,0.0781598804972511),
 .UNSPECIFIED.);
#210=B_SPLINE_CURVE_WITH_KNOTS('',3,(#7490,#7491,#7492,#7493,#7494),
 .UNSPECIFIED.,.F.,.F.,(4,1,4),(0.,0.0384140238224981,0.0781598804972511),
 .UNSPECIFIED.);
#211=B_SPLINE_CURVE_WITH_KNOTS('',3,(#7506,#7507,#7508,#7509,#7510),
 .UNSPECIFIED.,.F.,.F.,(4,1,4),(0.,0.0390618598433162,0.0766651916852505),
 .UNSPECIFIED.);
#212=B_SPLINE_CURVE_WITH_KNOTS('',3,(#7513,#7514,#7515,#7516,#7517),
 .UNSPECIFIED.,.F.,.F.,(4,1,4),(0.,0.0390618598433162,0.0766651916852505),
 .UNSPECIFIED.);
#213=B_SPLINE_CURVE_WITH_KNOTS('',3,(#7529,#7530,#7531,#7532,#7533),
 .UNSPECIFIED.,.F.,.F.,(4,1,4),(0.,0.0409342132350983,0.0804564848686994),
 .UNSPECIFIED.);
#214=B_SPLINE_CURVE_WITH_KNOTS('',3,(#7536,#7537,#7538,#7539,#7540),
 .UNSPECIFIED.,.F.,.F.,(4,1,4),(0.,0.0409342132350983,0.0804564848686994),
 .UNSPECIFIED.);
#215=B_SPLINE_CURVE_WITH_KNOTS('',3,(#7552,#7553,#7554,#7555,#7556),
 .UNSPECIFIED.,.F.,.F.,(4,1,4),(0.,0.0657685471900419,0.133166299186754),
 .UNSPECIFIED.);
#216=B_SPLINE_CURVE_WITH_KNOTS('',3,(#7559,#7560,#7561,#7562,#7563),
 .UNSPECIFIED.,.F.,.F.,(4,1,4),(0.,0.0657685471900419,0.133166299186754),
 .UNSPECIFIED.);
#217=B_SPLINE_CURVE_WITH_KNOTS('',3,(#7575,#7576,#7577,#7578,#7579),
 .UNSPECIFIED.,.F.,.F.,(4,1,4),(0.,0.0852400893508076,0.156635814707719),
 .UNSPECIFIED.);
#218=B_SPLINE_CURVE_WITH_KNOTS('',3,(#7582,#7583,#7584,#7585,#7586),
 .UNSPECIFIED.,.F.,.F.,(4,1,4),(0.,0.0852400893508076,0.156635814707719),
 .UNSPECIFIED.);
#219=B_SPLINE_CURVE_WITH_KNOTS('',3,(#7598,#7599,#7600,#7601,#7602),
 .UNSPECIFIED.,.F.,.F.,(4,1,4),(0.,0.0540473473240803,0.110185216046729),
 .UNSPECIFIED.);
#220=B_SPLINE_CURVE_WITH_KNOTS('',3,(#7605,#7606,#7607,#7608,#7609),
 .UNSPECIFIED.,.F.,.F.,(4,1,4),(0.,0.0540473473240803,0.110185216046729),
 .UNSPECIFIED.);
#221=B_SPLINE_CURVE_WITH_KNOTS('',3,(#7621,#7622,#7623,#7624,#7625),
 .UNSPECIFIED.,.F.,.F.,(4,1,4),(0.,0.0666321410529642,0.124471018022686),
 .UNSPECIFIED.);
#222=B_SPLINE_CURVE_WITH_KNOTS('',3,(#7628,#7629,#7630,#7631,#7632),
 .UNSPECIFIED.,.F.,.F.,(4,1,4),(0.,0.0666321410529642,0.124471018022686),
 .UNSPECIFIED.);
#223=B_SPLINE_CURVE_WITH_KNOTS('',3,(#7643,#7644,#7645,#7646,#7647),
 .UNSPECIFIED.,.F.,.F.,(4,1,4),(0.,0.0354476782355154,0.0744342747571747),
 .UNSPECIFIED.);
#224=B_SPLINE_CURVE_WITH_KNOTS('',3,(#7648,#7649,#7650,#7651,#7652),
 .UNSPECIFIED.,.F.,.F.,(4,1,4),(0.,0.0354476782355154,0.0744342747571747),
 .UNSPECIFIED.);
#225=B_SPLINE_CURVE_WITH_KNOTS('',3,(#7691,#7692,#7693,#7694,#7695),
 .UNSPECIFIED.,.F.,.F.,(4,1,4),(0.,0.0633663743238223,0.125232399603885),
 .UNSPECIFIED.);
#226=B_SPLINE_CURVE_WITH_KNOTS('',3,(#7699,#7700,#7701,#7702,#7703),
 .UNSPECIFIED.,.F.,.F.,(4,1,4),(0.,0.0633663743238223,0.125232399603885),
 .UNSPECIFIED.);
#227=B_SPLINE_CURVE_WITH_KNOTS('',3,(#7716,#7717,#7718,#7719,#7720),
 .UNSPECIFIED.,.F.,.F.,(4,1,4),(0.,0.0686710574007192,0.137943030752645),
 .UNSPECIFIED.);
#228=B_SPLINE_CURVE_WITH_KNOTS('',3,(#7723,#7724,#7725,#7726,#7727),
 .UNSPECIFIED.,.F.,.F.,(4,1,4),(0.,0.0686710574007192,0.137943030752645),
 .UNSPECIFIED.);
#229=B_SPLINE_CURVE_WITH_KNOTS('',3,(#7739,#7740,#7741,#7742,#7743),
 .UNSPECIFIED.,.F.,.F.,(4,1,4),(0.,0.0652029083321465,0.117085249663082),
 .UNSPECIFIED.);
#230=B_SPLINE_CURVE_WITH_KNOTS('',3,(#7746,#7747,#7748,#7749,#7750),
 .UNSPECIFIED.,.F.,.F.,(4,1,4),(0.,0.0652029083321465,0.117085249663082),
 .UNSPECIFIED.);
#231=B_SPLINE_CURVE_WITH_KNOTS('',3,(#7767,#7768,#7769,#7770,#7771),
 .UNSPECIFIED.,.F.,.F.,(4,1,4),(0.,0.0637947303031901,0.133668255040757),
 .UNSPECIFIED.);
#232=B_SPLINE_CURVE_WITH_KNOTS('',3,(#7772,#7773,#7774,#7775,#7776),
 .UNSPECIFIED.,.F.,.F.,(4,1,4),(0.,0.0637947303031901,0.133668255040757),
 .UNSPECIFIED.);
#233=B_SPLINE_CURVE_WITH_KNOTS('',3,(#7789,#7790,#7791,#7792,#7793),
 .UNSPECIFIED.,.F.,.F.,(4,1,4),(0.,0.0505684626146034,0.0977914010554173),
 .UNSPECIFIED.);
#234=B_SPLINE_CURVE_WITH_KNOTS('',3,(#7797,#7798,#7799,#7800,#7801),
 .UNSPECIFIED.,.F.,.F.,(4,1,4),(0.,0.0505684626146034,0.0977914010554173),
 .UNSPECIFIED.);
#235=B_SPLINE_CURVE_WITH_KNOTS('',3,(#7814,#7815,#7816,#7817,#7818),
 .UNSPECIFIED.,.F.,.F.,(4,1,4),(0.,0.066533296568065,0.134307001634269),
 .UNSPECIFIED.);
#236=B_SPLINE_CURVE_WITH_KNOTS('',3,(#7821,#7822,#7823,#7824,#7825),
 .UNSPECIFIED.,.F.,.F.,(4,1,4),(0.,0.066533296568065,0.134307001634269),
 .UNSPECIFIED.);
#237=B_SPLINE_CURVE_WITH_KNOTS('',3,(#7837,#7838,#7839,#7840,#7841),
 .UNSPECIFIED.,.F.,.F.,(4,1,4),(0.,0.0858598701592987,0.158415341001957),
 .UNSPECIFIED.);
#238=B_SPLINE_CURVE_WITH_KNOTS('',3,(#7844,#7845,#7846,#7847,#7848),
 .UNSPECIFIED.,.F.,.F.,(4,1,4),(0.,0.0858598701592987,0.158415341001957),
 .UNSPECIFIED.);
#239=B_SPLINE_CURVE_WITH_KNOTS('',3,(#7866,#7867,#7868,#7869,#7870),
 .UNSPECIFIED.,.F.,.F.,(4,1,4),(0.,0.0109149452603653,0.0262000723277778),
 .UNSPECIFIED.);
#240=B_SPLINE_CURVE_WITH_KNOTS('',3,(#7873,#7874,#7875,#7876,#7877),
 .UNSPECIFIED.,.F.,.F.,(4,1,4),(0.,0.0109149452603653,0.0262000723277778),
 .UNSPECIFIED.);
#241=B_SPLINE_CURVE_WITH_KNOTS('',3,(#7889,#7890,#7891,#7892,#7893),
 .UNSPECIFIED.,.F.,.F.,(4,1,4),(0.,0.110093884328278,0.23883957361098),
 .UNSPECIFIED.);
#242=B_SPLINE_CURVE_WITH_KNOTS('',3,(#7896,#7897,#7898,#7899,#7900),
 .UNSPECIFIED.,.F.,.F.,(4,1,4),(0.,0.110093884328278,0.23883957361098),
 .UNSPECIFIED.);
#243=B_SPLINE_CURVE_WITH_KNOTS('',3,(#7912,#7913,#7914,#7915,#7916),
 .UNSPECIFIED.,.F.,.F.,(4,1,4),(0.,0.107430167252945,0.210533404953757),
 .UNSPECIFIED.);
#244=B_SPLINE_CURVE_WITH_KNOTS('',3,(#7919,#7920,#7921,#7922,#7923),
 .UNSPECIFIED.,.F.,.F.,(4,1,4),(0.,0.107430167252945,0.210533404953757),
 .UNSPECIFIED.);
#245=B_SPLINE_CURVE_WITH_KNOTS('',3,(#7935,#7936,#7937,#7938,#7939),
 .UNSPECIFIED.,.F.,.F.,(4,1,4),(0.,0.105594946826977,0.216318645284012),
 .UNSPECIFIED.);
#246=B_SPLINE_CURVE_WITH_KNOTS('',3,(#7942,#7943,#7944,#7945,#7946),
 .UNSPECIFIED.,.F.,.F.,(4,1,4),(0.,0.105594946826977,0.216318645284012),
 .UNSPECIFIED.);
#247=B_SPLINE_CURVE_WITH_KNOTS('',3,(#7958,#7959,#7960,#7961,#7962),
 .UNSPECIFIED.,.F.,.F.,(4,1,4),(0.,0.131234690802103,0.243596862790838),
 .UNSPECIFIED.);
#248=B_SPLINE_CURVE_WITH_KNOTS('',3,(#7965,#7966,#7967,#7968,#7969),
 .UNSPECIFIED.,.F.,.F.,(4,1,4),(0.,0.131234690802103,0.243596862790838),
 .UNSPECIFIED.);
#249=B_SPLINE_CURVE_WITH_KNOTS('',3,(#7981,#7982,#7983,#7984,#7985),
 .UNSPECIFIED.,.F.,.F.,(4,1,4),(0.,0.109476614763499,0.236487111949736),
 .UNSPECIFIED.);
#250=B_SPLINE_CURVE_WITH_KNOTS('',3,(#7988,#7989,#7990,#7991,#7992),
 .UNSPECIFIED.,.F.,.F.,(4,1,4),(0.,0.109476614763499,0.236487111949736),
 .UNSPECIFIED.);
#251=B_SPLINE_CURVE_WITH_KNOTS('',3,(#8004,#8005,#8006,#8007,#8008),
 .UNSPECIFIED.,.F.,.F.,(4,1,4),(0.,0.115708306391846,0.221275457378861),
 .UNSPECIFIED.);
#252=B_SPLINE_CURVE_WITH_KNOTS('',3,(#8011,#8012,#8013,#8014,#8015),
 .UNSPECIFIED.,.F.,.F.,(4,1,4),(0.,0.115708306391846,0.221275457378861),
 .UNSPECIFIED.);
#253=B_SPLINE_CURVE_WITH_KNOTS('',3,(#8027,#8028,#8029,#8030,#8031),
 .UNSPECIFIED.,.F.,.F.,(4,1,4),(0.,0.0826094564899715,0.175376497513724),
 .UNSPECIFIED.);
#254=B_SPLINE_CURVE_WITH_KNOTS('',3,(#8034,#8035,#8036,#8037,#8038),
 .UNSPECIFIED.,.F.,.F.,(4,1,4),(0.,0.0826094564899715,0.175376497513724),
 .UNSPECIFIED.);
#255=B_SPLINE_CURVE_WITH_KNOTS('',3,(#8050,#8051,#8052,#8053,#8054),
 .UNSPECIFIED.,.F.,.F.,(4,1,4),(0.,0.0860932109758862,0.166606282622105),
 .UNSPECIFIED.);
#256=B_SPLINE_CURVE_WITH_KNOTS('',3,(#8057,#8058,#8059,#8060,#8061),
 .UNSPECIFIED.,.F.,.F.,(4,1,4),(0.,0.0860932109758862,0.166606282622105),
 .UNSPECIFIED.);
#257=B_SPLINE_CURVE_WITH_KNOTS('',3,(#8078,#8079,#8080,#8081,#8082),
 .UNSPECIFIED.,.F.,.F.,(4,1,4),(0.,0.0502931396997111,0.110147250739421),
 .UNSPECIFIED.);
#258=B_SPLINE_CURVE_WITH_KNOTS('',3,(#8083,#8084,#8085,#8086,#8087),
 .UNSPECIFIED.,.F.,.F.,(4,1,4),(0.,0.0502931396997111,0.110147250739421),
 .UNSPECIFIED.);
#259=B_SPLINE_CURVE_WITH_KNOTS('',3,(#8109,#8110,#8111,#8112,#8113),
 .UNSPECIFIED.,.F.,.F.,(4,1,4),(0.,0.066964057781654,0.161099174965131),
 .UNSPECIFIED.);
#260=B_SPLINE_CURVE_WITH_KNOTS('',3,(#8116,#8117,#8118,#8119,#8120),
 .UNSPECIFIED.,.F.,.F.,(4,1,4),(0.,0.066964057781654,0.161099174965131),
 .UNSPECIFIED.);
#261=B_SPLINE_CURVE_WITH_KNOTS('',3,(#8132,#8133,#8134,#8135,#8136),
 .UNSPECIFIED.,.F.,.F.,(4,1,4),(0.,0.0593679267831708,0.117672856923501),
 .UNSPECIFIED.);
#262=B_SPLINE_CURVE_WITH_KNOTS('',3,(#8139,#8140,#8141,#8142,#8143),
 .UNSPECIFIED.,.F.,.F.,(4,1,4),(0.,0.0593679267831708,0.117672856923501),
 .UNSPECIFIED.);
#263=B_SPLINE_CURVE_WITH_KNOTS('',3,(#8155,#8156,#8157,#8158,#8159),
 .UNSPECIFIED.,.F.,.F.,(4,1,4),(0.,0.0342866289802521,0.0712602078624821),
 .UNSPECIFIED.);
#264=B_SPLINE_CURVE_WITH_KNOTS('',3,(#8162,#8163,#8164,#8165,#8166),
 .UNSPECIFIED.,.F.,.F.,(4,1,4),(0.,0.0342866289802521,0.0712602078624821),
 .UNSPECIFIED.);
#265=B_SPLINE_CURVE_WITH_KNOTS('',3,(#8178,#8179,#8180,#8181,#8182),
 .UNSPECIFIED.,.F.,.F.,(4,1,4),(0.,0.0312583697503846,0.0636261301737171),
 .UNSPECIFIED.);
#266=B_SPLINE_CURVE_WITH_KNOTS('',3,(#8185,#8186,#8187,#8188,#8189),
 .UNSPECIFIED.,.F.,.F.,(4,1,4),(0.,0.0312583697503846,0.0636261301737171),
 .UNSPECIFIED.);
#267=B_SPLINE_CURVE_WITH_KNOTS('',3,(#8201,#8202,#8203,#8204,#8205),
 .UNSPECIFIED.,.F.,.F.,(4,1,4),(0.,0.0524656905787596,0.0905558526663734),
 .UNSPECIFIED.);
#268=B_SPLINE_CURVE_WITH_KNOTS('',3,(#8208,#8209,#8210,#8211,#8212),
 .UNSPECIFIED.,.F.,.F.,(4,1,4),(0.,0.0524656905787596,0.0905558526663734),
 .UNSPECIFIED.);
#269=B_SPLINE_CURVE_WITH_KNOTS('',3,(#8242,#8243,#8244,#8245,#8246),
 .UNSPECIFIED.,.F.,.F.,(4,1,4),(0.,0.0377396441141811,0.0957365864166897),
 .UNSPECIFIED.);
#270=B_SPLINE_CURVE_WITH_KNOTS('',3,(#8249,#8250,#8251,#8252,#8253),
 .UNSPECIFIED.,.F.,.F.,(4,1,4),(0.,0.0377396441141811,0.0957365864166897),
 .UNSPECIFIED.);
#271=B_SPLINE_CURVE_WITH_KNOTS('',3,(#8265,#8266,#8267,#8268,#8269),
 .UNSPECIFIED.,.F.,.F.,(4,1,4),(0.,0.0382287183789062,0.0791821411028678),
 .UNSPECIFIED.);
#272=B_SPLINE_CURVE_WITH_KNOTS('',3,(#8272,#8273,#8274,#8275,#8276),
 .UNSPECIFIED.,.F.,.F.,(4,1,4),(0.,0.0382287183789062,0.0791821411028678),
 .UNSPECIFIED.);
#273=B_SPLINE_CURVE_WITH_KNOTS('',3,(#8288,#8289,#8290,#8291,#8292),
 .UNSPECIFIED.,.F.,.F.,(4,1,4),(0.,0.0442179871321636,0.0830944443001305),
 .UNSPECIFIED.);
#274=B_SPLINE_CURVE_WITH_KNOTS('',3,(#8295,#8296,#8297,#8298,#8299),
 .UNSPECIFIED.,.F.,.F.,(4,1,4),(0.,0.0442179871321636,0.0830944443001305),
 .UNSPECIFIED.);
#275=B_SPLINE_CURVE_WITH_KNOTS('',3,(#8311,#8312,#8313,#8314,#8315),
 .UNSPECIFIED.,.F.,.F.,(4,1,4),(0.,0.0504313093763068,0.0984564833834665),
 .UNSPECIFIED.);
#276=B_SPLINE_CURVE_WITH_KNOTS('',3,(#8318,#8319,#8320,#8321,#8322),
 .UNSPECIFIED.,.F.,.F.,(4,1,4),(0.,0.0504313093763068,0.0984564833834665),
 .UNSPECIFIED.);
#277=B_SPLINE_CURVE_WITH_KNOTS('',3,(#8334,#8335,#8336,#8337,#8338),
 .UNSPECIFIED.,.F.,.F.,(4,1,4),(0.,0.105921939437462,0.214979222634215),
 .UNSPECIFIED.);
#278=B_SPLINE_CURVE_WITH_KNOTS('',3,(#8341,#8342,#8343,#8344,#8345),
 .UNSPECIFIED.,.F.,.F.,(4,1,4),(0.,0.105921939437462,0.214979222634215),
 .UNSPECIFIED.);
#279=B_SPLINE_CURVE_WITH_KNOTS('',3,(#8405,#8406,#8407,#8408,#8409),
 .UNSPECIFIED.,.F.,.F.,(4,1,4),(0.,0.0610144161734882,0.129349919683488),
 .UNSPECIFIED.);
#280=B_SPLINE_CURVE_WITH_KNOTS('',3,(#8413,#8414,#8415,#8416,#8417),
 .UNSPECIFIED.,.F.,.F.,(4,1,4),(0.,0.0610144161734882,0.129349919683488),
 .UNSPECIFIED.);
#281=B_SPLINE_CURVE_WITH_KNOTS('',3,(#8430,#8431,#8432,#8433,#8434),
 .UNSPECIFIED.,.F.,.F.,(4,1,4),(0.,0.0647172582164005,0.125109660311967),
 .UNSPECIFIED.);
#282=B_SPLINE_CURVE_WITH_KNOTS('',3,(#8437,#8438,#8439,#8440,#8441),
 .UNSPECIFIED.,.F.,.F.,(4,1,4),(0.,0.0647172582164005,0.125109660311967),
 .UNSPECIFIED.);
#283=B_SPLINE_CURVE_WITH_KNOTS('',3,(#8453,#8454,#8455,#8456,#8457),
 .UNSPECIFIED.,.F.,.F.,(4,1,4),(0.,0.097537743828057,0.174656229048224),
 .UNSPECIFIED.);
#284=B_SPLINE_CURVE_WITH_KNOTS('',3,(#8460,#8461,#8462,#8463,#8464),
 .UNSPECIFIED.,.F.,.F.,(4,1,4),(0.,0.097537743828057,0.174656229048224),
 .UNSPECIFIED.);
#285=B_SPLINE_CURVE_WITH_KNOTS('',3,(#8476,#8477,#8478,#8479,#8480),
 .UNSPECIFIED.,.F.,.F.,(4,1,4),(0.,0.0790709930337159,0.180840996190774),
 .UNSPECIFIED.);
#286=B_SPLINE_CURVE_WITH_KNOTS('',3,(#8483,#8484,#8485,#8486,#8487),
 .UNSPECIFIED.,.F.,.F.,(4,1,4),(0.,0.0790709930337159,0.180840996190774),
 .UNSPECIFIED.);
#287=B_SPLINE_CURVE_WITH_KNOTS('',3,(#8499,#8500,#8501,#8502,#8503),
 .UNSPECIFIED.,.F.,.F.,(4,1,4),(0.,0.0622534766416313,0.128026111205706),
 .UNSPECIFIED.);
#288=B_SPLINE_CURVE_WITH_KNOTS('',3,(#8506,#8507,#8508,#8509,#8510),
 .UNSPECIFIED.,.F.,.F.,(4,1,4),(0.,0.0622534766416313,0.128026111205706),
 .UNSPECIFIED.);
#289=B_SPLINE_CURVE_WITH_KNOTS('',3,(#8522,#8523,#8524,#8525,#8526),
 .UNSPECIFIED.,.F.,.F.,(4,1,4),(0.,0.0641527482154684,0.125251469981245),
 .UNSPECIFIED.);
#290=B_SPLINE_CURVE_WITH_KNOTS('',3,(#8529,#8530,#8531,#8532,#8533),
 .UNSPECIFIED.,.F.,.F.,(4,1,4),(0.,0.0641527482154684,0.125251469981245),
 .UNSPECIFIED.);
#291=B_SPLINE_CURVE_WITH_KNOTS('',3,(#8545,#8546,#8547,#8548,#8549),
 .UNSPECIFIED.,.F.,.F.,(4,1,4),(0.,0.0979283563133175,0.174009637510071),
 .UNSPECIFIED.);
#292=B_SPLINE_CURVE_WITH_KNOTS('',3,(#8552,#8553,#8554,#8555,#8556),
 .UNSPECIFIED.,.F.,.F.,(4,1,4),(0.,0.0979283563133175,0.174009637510071),
 .UNSPECIFIED.);
#293=B_SPLINE_CURVE_WITH_KNOTS('',3,(#8567,#8568,#8569,#8570,#8571),
 .UNSPECIFIED.,.F.,.F.,(4,1,4),(0.,0.080291106114074,0.179519340579993),
 .UNSPECIFIED.);
#294=B_SPLINE_CURVE_WITH_KNOTS('',3,(#8572,#8573,#8574,#8575,#8576),
 .UNSPECIFIED.,.F.,.F.,(4,1,4),(0.,0.080291106114074,0.179519340579993),
 .UNSPECIFIED.);
#295=B_SPLINE_CURVE_WITH_KNOTS('',3,(#8597,#8598,#8599,#8600,#8601),
 .UNSPECIFIED.,.F.,.F.,(4,1,4),(0.,0.0424160835251936,0.0830299019985004),
 .UNSPECIFIED.);
#296=B_SPLINE_CURVE_WITH_KNOTS('',3,(#8604,#8605,#8606,#8607,#8608),
 .UNSPECIFIED.,.F.,.F.,(4,1,4),(0.,0.0424160835251936,0.0830299019985004),
 .UNSPECIFIED.);
#297=B_SPLINE_CURVE_WITH_KNOTS('',3,(#8620,#8621,#8622,#8623,#8624),
 .UNSPECIFIED.,.F.,.F.,(4,1,4),(0.,0.0469446884259367,0.0914938861758887),
 .UNSPECIFIED.);
#298=B_SPLINE_CURVE_WITH_KNOTS('',3,(#8627,#8628,#8629,#8630,#8631),
 .UNSPECIFIED.,.F.,.F.,(4,1,4),(0.,0.0469446884259367,0.0914938861758887),
 .UNSPECIFIED.);
#299=B_SPLINE_CURVE_WITH_KNOTS('',3,(#8643,#8644,#8645,#8646,#8647),
 .UNSPECIFIED.,.F.,.F.,(4,1,4),(0.,0.0683198127103156,0.134477223512612),
 .UNSPECIFIED.);
#300=B_SPLINE_CURVE_WITH_KNOTS('',3,(#8650,#8651,#8652,#8653,#8654),
 .UNSPECIFIED.,.F.,.F.,(4,1,4),(0.,0.0683198127103156,0.134477223512612),
 .UNSPECIFIED.);
#301=B_SPLINE_CURVE_WITH_KNOTS('',3,(#8666,#8667,#8668,#8669,#8670),
 .UNSPECIFIED.,.F.,.F.,(4,1,4),(0.,0.0738963945745324,0.144894885286999),
 .UNSPECIFIED.);
#302=B_SPLINE_CURVE_WITH_KNOTS('',3,(#8673,#8674,#8675,#8676,#8677),
 .UNSPECIFIED.,.F.,.F.,(4,1,4),(0.,0.0738963945745324,0.144894885286999),
 .UNSPECIFIED.);
#303=B_SPLINE_CURVE_WITH_KNOTS('',3,(#8689,#8690,#8691,#8692,#8693),
 .UNSPECIFIED.,.F.,.F.,(4,1,4),(0.,0.084965993469816,0.164569500730063),
 .UNSPECIFIED.);
#304=B_SPLINE_CURVE_WITH_KNOTS('',3,(#8696,#8697,#8698,#8699,#8700),
 .UNSPECIFIED.,.F.,.F.,(4,1,4),(0.,0.084965993469816,0.164569500730063),
 .UNSPECIFIED.);
#305=B_SPLINE_CURVE_WITH_KNOTS('',3,(#8712,#8713,#8714,#8715,#8716),
 .UNSPECIFIED.,.F.,.F.,(4,1,4),(0.,0.075881415838864,0.155745537843704),
 .UNSPECIFIED.);
#306=B_SPLINE_CURVE_WITH_KNOTS('',3,(#8719,#8720,#8721,#8722,#8723),
 .UNSPECIFIED.,.F.,.F.,(4,1,4),(0.,0.075881415838864,0.155745537843704),
 .UNSPECIFIED.);
#307=B_SPLINE_CURVE_WITH_KNOTS('',3,(#8735,#8736,#8737,#8738,#8739),
 .UNSPECIFIED.,.F.,.F.,(4,1,4),(0.,0.0678666812219645,0.13944594194423),
 .UNSPECIFIED.);
#308=B_SPLINE_CURVE_WITH_KNOTS('',3,(#8742,#8743,#8744,#8745,#8746),
 .UNSPECIFIED.,.F.,.F.,(4,1,4),(0.,0.0678666812219645,0.13944594194423),
 .UNSPECIFIED.);
#309=B_SPLINE_CURVE_WITH_KNOTS('',3,(#8758,#8759,#8760,#8761,#8762),
 .UNSPECIFIED.,.F.,.F.,(4,1,4),(0.,0.0704997633916149,0.137999919947974),
 .UNSPECIFIED.);
#310=B_SPLINE_CURVE_WITH_KNOTS('',3,(#8765,#8766,#8767,#8768,#8769),
 .UNSPECIFIED.,.F.,.F.,(4,1,4),(0.,0.0704997633916149,0.137999919947974),
 .UNSPECIFIED.);
#311=B_SPLINE_CURVE_WITH_KNOTS('',3,(#8781,#8782,#8783,#8784,#8785),
 .UNSPECIFIED.,.F.,.F.,(4,1,4),(0.,0.0471524274450898,0.0999732721531308),
 .UNSPECIFIED.);
#312=B_SPLINE_CURVE_WITH_KNOTS('',3,(#8788,#8789,#8790,#8791,#8792),
 .UNSPECIFIED.,.F.,.F.,(4,1,4),(0.,0.0471524274450898,0.0999732721531308),
 .UNSPECIFIED.);
#313=B_SPLINE_CURVE_WITH_KNOTS('',3,(#8804,#8805,#8806,#8807,#8808),
 .UNSPECIFIED.,.F.,.F.,(4,1,4),(0.,0.0512455828723951,0.0979362381265909),
 .UNSPECIFIED.);
#314=B_SPLINE_CURVE_WITH_KNOTS('',3,(#8811,#8812,#8813,#8814,#8815),
 .UNSPECIFIED.,.F.,.F.,(4,1,4),(0.,0.0512455828723951,0.0979362381265909),
 .UNSPECIFIED.);
#315=B_SPLINE_SURFACE_WITH_KNOTS('',3,1,((#5659,#5660),(#5661,#5662),(#5663,
#5664),(#5665,#5666),(#5667,#5668)),.UNSPECIFIED.,.F.,.F.,.F.,(4,1,4),(2,
2),(0.,0.0562007630001061,0.116095196532863),(0.,0.1),.UNSPECIFIED.);
#316=B_SPLINE_SURFACE_WITH_KNOTS('',3,1,((#5682,#5683),(#5684,#5685),(#5686,
#5687),(#5688,#5689),(#5690,#5691)),.UNSPECIFIED.,.F.,.F.,.F.,(4,1,4),(2,
2),(0.,0.031745024355292,0.0656117551138182),(0.,0.1),.UNSPECIFIED.);
#317=B_SPLINE_SURFACE_WITH_KNOTS('',3,1,((#5705,#5706),(#5707,#5708),(#5709,
#5710),(#5711,#5712),(#5713,#5714)),.UNSPECIFIED.,.F.,.F.,.F.,(4,1,4),(2,
2),(0.,0.0309515603612665,0.0619606962067301),(0.,0.1),.UNSPECIFIED.);
#318=B_SPLINE_SURFACE_WITH_KNOTS('',3,1,((#5728,#5729),(#5730,#5731),(#5732,
#5733),(#5734,#5735),(#5736,#5737)),.UNSPECIFIED.,.F.,.F.,.F.,(4,1,4),(2,
2),(0.,0.0393949702052335,0.0758021945561639),(0.,0.1),.UNSPECIFIED.);
#319=B_SPLINE_SURFACE_WITH_KNOTS('',3,1,((#5757,#5758),(#5759,#5760),(#5761,
#5762),(#5763,#5764),(#5765,#5766)),.UNSPECIFIED.,.F.,.F.,.F.,(4,1,4),(2,
2),(0.,0.0506896570501429,0.106840864389249),(0.,0.1),.UNSPECIFIED.);
#320=B_SPLINE_SURFACE_WITH_KNOTS('',3,1,((#5780,#5781),(#5782,#5783),(#5784,
#5785),(#5786,#5787),(#5788,#5789)),.UNSPECIFIED.,.F.,.F.,.F.,(4,1,4),(2,
2),(0.,0.0336803357961758,0.0670586516398761),(0.,0.1),.UNSPECIFIED.);
#321=B_SPLINE_SURFACE_WITH_KNOTS('',3,1,((#5803,#5804),(#5805,#5806),(#5807,
#5808),(#5809,#5810),(#5811,#5812)),.UNSPECIFIED.,.F.,.F.,.F.,(4,1,4),(2,
2),(0.,0.0605934023781493,0.102943671172655),(0.,0.1),.UNSPECIFIED.);
#322=B_SPLINE_SURFACE_WITH_KNOTS('',3,1,((#5873,#5874),(#5875,#5876),(#5877,
#5878),(#5879,#5880),(#5881,#5882)),.UNSPECIFIED.,.F.,.F.,.F.,(4,1,4),(2,
2),(0.,0.0154087821807621,0.0348622590454909),(0.,0.1),.UNSPECIFIED.);
#323=B_SPLINE_SURFACE_WITH_KNOTS('',3,1,((#5899,#5900),(#5901,#5902),(#5903,
#5904),(#5905,#5906),(#5907,#5908)),.UNSPECIFIED.,.F.,.F.,.F.,(4,1,4),(2,
2),(0.,0.0128282399726579,0.0258067519459794),(0.,0.1),.UNSPECIFIED.);
#324=B_SPLINE_SURFACE_WITH_KNOTS('',3,1,((#5922,#5923),(#5924,#5925),(#5926,
#5927),(#5928,#5929),(#5930,#5931)),.UNSPECIFIED.,.F.,.F.,.F.,(4,1,4),(2,
2),(0.,0.0345375117561097,0.0543910618618574),(0.,0.1),.UNSPECIFIED.);
#325=B_SPLINE_SURFACE_WITH_KNOTS('',3,1,((#6011,#6012),(#6013,#6014),(#6015,
#6016),(#6017,#6018),(#6019,#6020)),.UNSPECIFIED.,.F.,.F.,.F.,(4,1,4),(2,
2),(0.,0.0439072729283674,0.117229276936746),(0.,0.1),.UNSPECIFIED.);
#326=B_SPLINE_SURFACE_WITH_KNOTS('',3,1,((#6034,#6035),(#6036,#6037),(#6038,
#6039),(#6040,#6041),(#6042,#6043)),.UNSPECIFIED.,.F.,.F.,.F.,(4,1,4),(2,
2),(0.,0.031791699291675,0.0614187593031298),(0.,0.1),.UNSPECIFIED.);
#327=B_SPLINE_SURFACE_WITH_KNOTS('',3,1,((#6057,#6058),(#6059,#6060),(#6061,
#6062),(#6063,#6064),(#6065,#6066)),.UNSPECIFIED.,.F.,.F.,.F.,(4,1,4),(2,
2),(0.,0.0476640499946864,0.0853356516486785),(0.,0.1),.UNSPECIFIED.);
#328=B_SPLINE_SURFACE_WITH_KNOTS('',3,1,((#6080,#6081),(#6082,#6083),(#6084,
#6085),(#6086,#6087),(#6088,#6089)),.UNSPECIFIED.,.F.,.F.,.F.,(4,1,4),(2,
2),(0.,0.0398326258781375,0.0748257580904405),(0.,0.1),.UNSPECIFIED.);
#329=B_SPLINE_SURFACE_WITH_KNOTS('',3,1,((#6109,#6110),(#6111,#6112),(#6113,
#6114),(#6115,#6116),(#6117,#6118)),.UNSPECIFIED.,.F.,.F.,.F.,(4,1,4),(2,
2),(0.,0.0189873680536664,0.0433040028565976),(0.,0.1),.UNSPECIFIED.);
#330=B_SPLINE_SURFACE_WITH_KNOTS('',3,1,((#6164,#6165),(#6166,#6167),(#6168,
#6169),(#6170,#6171),(#6172,#6173)),.UNSPECIFIED.,.F.,.F.,.F.,(4,1,4),(2,
2),(0.,0.0526513343870744,0.122613196484271),(0.,0.1),.UNSPECIFIED.);
#331=B_SPLINE_SURFACE_WITH_KNOTS('',3,1,((#6187,#6188),(#6189,#6190),(#6191,
#6192),(#6193,#6194),(#6195,#6196)),.UNSPECIFIED.,.F.,.F.,.F.,(4,1,4),(2,
2),(0.,0.0403899463420525,0.082713020494233),(0.,0.1),.UNSPECIFIED.);
#332=B_SPLINE_SURFACE_WITH_KNOTS('',3,1,((#6210,#6211),(#6212,#6213),(#6214,
#6215),(#6216,#6217),(#6218,#6219)),.UNSPECIFIED.,.F.,.F.,.F.,(4,1,4),(2,
2),(0.,0.0403433213374356,0.0807773038774723),(0.,0.1),.UNSPECIFIED.);
#333=B_SPLINE_SURFACE_WITH_KNOTS('',3,1,((#6233,#6234),(#6235,#6236),(#6237,
#6238),(#6239,#6240),(#6241,#6242)),.UNSPECIFIED.,.F.,.F.,.F.,(4,1,4),(2,
2),(0.,0.0400599599265413,0.087698775979571),(0.,0.1),.UNSPECIFIED.);
#334=B_SPLINE_SURFACE_WITH_KNOTS('',3,1,((#6256,#6257),(#6258,#6259),(#6260,
#6261),(#6262,#6263),(#6264,#6265)),.UNSPECIFIED.,.F.,.F.,.F.,(4,1,4),(2,
2),(0.,0.0576123434054034,0.102326645807829),(0.,0.1),.UNSPECIFIED.);
#335=B_SPLINE_SURFACE_WITH_KNOTS('',3,1,((#6297,#6298),(#6299,#6300),(#6301,
#6302),(#6303,#6304),(#6305,#6306)),.UNSPECIFIED.,.F.,.F.,.F.,(4,1,4),(2,
2),(0.,0.0607484382098942,0.138622471713488),(0.,0.1),.UNSPECIFIED.);
#336=B_SPLINE_SURFACE_WITH_KNOTS('',3,1,((#6320,#6321),(#6322,#6323),(#6324,
#6325),(#6326,#6327),(#6328,#6329)),.UNSPECIFIED.,.F.,.F.,.F.,(4,1,4),(2,
2),(0.,0.0568628091467522,0.11180365062685),(0.,0.1),.UNSPECIFIED.);
#337=B_SPLINE_SURFACE_WITH_KNOTS('',3,1,((#6343,#6344),(#6345,#6346),(#6347,
#6348),(#6349,#6350),(#6351,#6352)),.UNSPECIFIED.,.F.,.F.,.F.,(4,1,4),(2,
2),(0.,0.0297550757266482,0.0616519303836464),(0.,0.1),.UNSPECIFIED.);
#338=B_SPLINE_SURFACE_WITH_KNOTS('',3,1,((#6366,#6367),(#6368,#6369),(#6370,
#6371),(#6372,#6373),(#6374,#6375)),.UNSPECIFIED.,.F.,.F.,.F.,(4,1,4),(2,
2),(0.,0.0270584296644734,0.0551003484830216),(0.,0.1),.UNSPECIFIED.);
#339=B_SPLINE_SURFACE_WITH_KNOTS('',3,1,((#6389,#6390),(#6391,#6392),(#6393,
#6394),(#6395,#6396),(#6397,#6398)),.UNSPECIFIED.,.F.,.F.,.F.,(4,1,4),(2,
2),(0.,0.0506734668799404,0.0854331483128759),(0.,0.1),.UNSPECIFIED.);
#340=B_SPLINE_SURFACE_WITH_KNOTS('',3,1,((#6430,#6431),(#6432,#6433),(#6434,
#6435),(#6436,#6437),(#6438,#6439)),.UNSPECIFIED.,.F.,.F.,.F.,(4,1,4),(2,
2),(0.,0.0697339477896509,0.156866461801874),(0.,0.1),.UNSPECIFIED.);
#341=B_SPLINE_SURFACE_WITH_KNOTS('',3,1,((#6453,#6454),(#6455,#6456),(#6457,
#6458),(#6459,#6460),(#6461,#6462)),.UNSPECIFIED.,.F.,.F.,.F.,(4,1,4),(2,
2),(0.,0.0772011852907905,0.144072536729047),(0.,0.1),.UNSPECIFIED.);
#342=B_SPLINE_SURFACE_WITH_KNOTS('',3,1,((#6476,#6477),(#6478,#6479),(#6480,
#6481),(#6482,#6483),(#6484,#6485)),.UNSPECIFIED.,.F.,.F.,.F.,(4,1,4),(2,
2),(0.,0.109800664256394,0.212837670233739),(0.,0.1),.UNSPECIFIED.);
#343=B_SPLINE_SURFACE_WITH_KNOTS('',3,1,((#6499,#6500),(#6501,#6502),(#6503,
#6504),(#6505,#6506),(#6507,#6508)),.UNSPECIFIED.,.F.,.F.,.F.,(4,1,4),(2,
2),(0.,0.0477112307076161,0.0962392206459575),(0.,0.1),.UNSPECIFIED.);
#344=B_SPLINE_SURFACE_WITH_KNOTS('',3,1,((#6522,#6523),(#6524,#6525),(#6526,
#6527),(#6528,#6529),(#6530,#6531)),.UNSPECIFIED.,.F.,.F.,.F.,(4,1,4),(2,
2),(0.,0.0589070467147424,0.109817347577916),(0.,0.1),.UNSPECIFIED.);
#345=B_SPLINE_SURFACE_WITH_KNOTS('',3,1,((#6545,#6546),(#6547,#6548),(#6549,
#6550),(#6551,#6552),(#6553,#6554)),.UNSPECIFIED.,.F.,.F.,.F.,(4,1,4),(2,
2),(0.,0.0522638978714848,0.107361241393168),(0.,0.1),.UNSPECIFIED.);
#346=B_SPLINE_SURFACE_WITH_KNOTS('',3,1,((#6568,#6569),(#6570,#6571),(#6572,
#6573),(#6574,#6575),(#6576,#6577)),.UNSPECIFIED.,.F.,.F.,.F.,(4,1,4),(2,
2),(0.,0.0498000093746958,0.100362604006947),(0.,0.1),.UNSPECIFIED.);
#347=B_SPLINE_SURFACE_WITH_KNOTS('',3,1,((#6613,#6614),(#6615,#6616),(#6617,
#6618),(#6619,#6620),(#6621,#6622)),.UNSPECIFIED.,.F.,.F.,.F.,(4,1,4),(2,
2),(0.,0.0154092296901713,0.0348622317035698),(0.,0.1),.UNSPECIFIED.);
#348=B_SPLINE_SURFACE_WITH_KNOTS('',3,1,((#6639,#6640),(#6641,#6642),(#6643,
#6644),(#6645,#6646),(#6647,#6648)),.UNSPECIFIED.,.F.,.F.,.F.,(4,1,4),(2,
2),(0.,0.0128282399726579,0.0258067519459794),(0.,0.1),.UNSPECIFIED.);
#349=B_SPLINE_SURFACE_WITH_KNOTS('',3,1,((#6662,#6663),(#6664,#6665),(#6666,
#6667),(#6668,#6669),(#6670,#6671)),.UNSPECIFIED.,.F.,.F.,.F.,(4,1,4),(2,
2),(0.,0.0345375117561097,0.0543910618618574),(0.,0.1),.UNSPECIFIED.);
#350=B_SPLINE_SURFACE_WITH_KNOTS('',3,1,((#6751,#6752),(#6753,#6754),(#6755,
#6756),(#6757,#6758),(#6759,#6760)),.UNSPECIFIED.,.F.,.F.,.F.,(4,1,4),(2,
2),(0.,0.0439072729283674,0.117229267177419),(0.,0.1),.UNSPECIFIED.);
#351=B_SPLINE_SURFACE_WITH_KNOTS('',3,1,((#6774,#6775),(#6776,#6777),(#6778,
#6779),(#6780,#6781),(#6782,#6783)),.UNSPECIFIED.,.F.,.F.,.F.,(4,1,4),(2,
2),(0.,0.031791699291675,0.0614187593031298),(0.,0.1),.UNSPECIFIED.);
#352=B_SPLINE_SURFACE_WITH_KNOTS('',3,1,((#6797,#6798),(#6799,#6800),(#6801,
#6802),(#6803,#6804),(#6805,#6806)),.UNSPECIFIED.,.F.,.F.,.F.,(4,1,4),(2,
2),(0.,0.0476638125164836,0.0853356386600778),(0.,0.1),.UNSPECIFIED.);
#353=B_SPLINE_SURFACE_WITH_KNOTS('',3,1,((#6820,#6821),(#6822,#6823),(#6824,
#6825),(#6826,#6827),(#6828,#6829)),.UNSPECIFIED.,.F.,.F.,.F.,(4,1,4),(2,
2),(0.,0.0398323907034805,0.074825998824326),(0.,0.1),.UNSPECIFIED.);
#354=B_SPLINE_SURFACE_WITH_KNOTS('',3,1,((#6849,#6850),(#6851,#6852),(#6853,
#6854),(#6855,#6856),(#6857,#6858)),.UNSPECIFIED.,.F.,.F.,.F.,(4,1,4),(2,
2),(0.,0.0189873680536664,0.0433042396146336),(0.,0.1),.UNSPECIFIED.);
#355=B_SPLINE_SURFACE_WITH_KNOTS('',3,1,((#6870,#6871),(#6872,#6873),(#6874,
#6875),(#6876,#6877),(#6878,#6879)),.UNSPECIFIED.,.F.,.F.,.F.,(4,1,4),(2,
2),(0.,0.0428760971534425,0.100039081653495),(0.,0.1),.UNSPECIFIED.);
#356=B_SPLINE_SURFACE_WITH_KNOTS('',3,1,((#6896,#6897),(#6898,#6899),(#6900,
#6901),(#6902,#6903),(#6904,#6905)),.UNSPECIFIED.,.F.,.F.,.F.,(4,1,4),(2,
2),(0.,0.0484360672984576,0.0953222811765387),(0.,0.1),.UNSPECIFIED.);
#357=B_SPLINE_SURFACE_WITH_KNOTS('',3,1,((#6919,#6920),(#6921,#6922),(#6923,
#6924),(#6925,#6926),(#6927,#6928)),.UNSPECIFIED.,.F.,.F.,.F.,(4,1,4),(2,
2),(0.,0.0539659024706316,0.104761827537397),(0.,0.1),.UNSPECIFIED.);
#358=B_SPLINE_SURFACE_WITH_KNOTS('',3,1,((#6942,#6943),(#6944,#6945),(#6946,
#6947),(#6948,#6949),(#6950,#6951)),.UNSPECIFIED.,.F.,.F.,.F.,(4,1,4),(2,
2),(0.,0.0417462937972178,0.0926470222539679),(0.,0.1),.UNSPECIFIED.);
#359=B_SPLINE_SURFACE_WITH_KNOTS('',3,1,((#6965,#6966),(#6967,#6968),(#6969,
#6970),(#6971,#6972),(#6973,#6974)),.UNSPECIFIED.,.F.,.F.,.F.,(4,1,4),(2,
2),(0.,0.0367620491919547,0.0735969567237007),(0.,0.1),.UNSPECIFIED.);
#360=B_SPLINE_SURFACE_WITH_KNOTS('',3,1,((#6988,#6989),(#6990,#6991),(#6992,
#6993),(#6994,#6995),(#6996,#6997)),.UNSPECIFIED.,.F.,.F.,.F.,(4,1,4),(2,
2),(0.,0.0242308626179468,0.0488880785121061),(0.,0.1),.UNSPECIFIED.);
#361=B_SPLINE_SURFACE_WITH_KNOTS('',3,1,((#7011,#7012),(#7013,#7014),(#7015,
#7016),(#7017,#7018),(#7019,#7020)),.UNSPECIFIED.,.F.,.F.,.F.,(4,1,4),(2,
2),(0.,0.0260177803092091,0.0509541132175162),(0.,0.1),.UNSPECIFIED.);
#362=B_SPLINE_SURFACE_WITH_KNOTS('',3,1,((#7034,#7035),(#7036,#7037),(#7038,
#7039),(#7040,#7041),(#7042,#7043)),.UNSPECIFIED.,.F.,.F.,.F.,(4,1,4),(2,
2),(0.,0.0525309971446142,0.0880479693197261),(0.,0.1),.UNSPECIFIED.);
#363=B_SPLINE_SURFACE_WITH_KNOTS('',3,1,((#7057,#7058),(#7059,#7060),(#7061,
#7062),(#7063,#7064),(#7065,#7066)),.UNSPECIFIED.,.F.,.F.,.F.,(4,1,4),(2,
2),(0.,0.0698314446451382,0.16493596044615),(0.,0.1),.UNSPECIFIED.);
#364=B_SPLINE_SURFACE_WITH_KNOTS('',3,1,((#7092,#7093),(#7094,#7095),(#7096,
#7097),(#7098,#7099),(#7100,#7101)),.UNSPECIFIED.,.F.,.F.,.F.,(4,1,4),(2,
2),(0.,0.0366019531130687,0.073962917906508),(0.,0.1),.UNSPECIFIED.);
#365=B_SPLINE_SURFACE_WITH_KNOTS('',3,1,((#7115,#7116),(#7117,#7118),(#7119,
#7120),(#7121,#7122),(#7123,#7124)),.UNSPECIFIED.,.F.,.F.,.F.,(4,1,4),(2,
2),(0.,0.111879101234974,0.173707648097426),(0.,0.1),.UNSPECIFIED.);
#366=B_SPLINE_SURFACE_WITH_KNOTS('',3,1,((#7144,#7145),(#7146,#7147),(#7148,
#7149),(#7150,#7151),(#7152,#7153)),.UNSPECIFIED.,.F.,.F.,.F.,(4,1,4),(2,
2),(0.,0.0353900776398739,0.0907924937332117),(0.,0.1),.UNSPECIFIED.);
#367=B_SPLINE_SURFACE_WITH_KNOTS('',3,1,((#7167,#7168),(#7169,#7170),(#7171,
#7172),(#7173,#7174),(#7175,#7176)),.UNSPECIFIED.,.F.,.F.,.F.,(4,1,4),(2,
2),(0.,0.0350538804732094,0.0737956668708719),(0.,0.1),.UNSPECIFIED.);
#368=B_SPLINE_SURFACE_WITH_KNOTS('',3,1,((#7190,#7191),(#7192,#7193),(#7194,
#7195),(#7196,#7197),(#7198,#7199)),.UNSPECIFIED.,.F.,.F.,.F.,(4,1,4),(2,
2),(0.,0.0448443856618308,0.0819728744860401),(0.,0.1),.UNSPECIFIED.);
#369=B_SPLINE_SURFACE_WITH_KNOTS('',3,1,((#7213,#7214),(#7215,#7216),(#7217,
#7218),(#7219,#7220),(#7221,#7222)),.UNSPECIFIED.,.F.,.F.,.F.,(4,1,4),(2,
2),(0.,0.0673989399101557,0.122325558845093),(0.,0.1),.UNSPECIFIED.);
#370=B_SPLINE_SURFACE_WITH_KNOTS('',3,1,((#7236,#7237),(#7238,#7239),(#7240,
#7241),(#7242,#7243),(#7244,#7245)),.UNSPECIFIED.,.F.,.F.,.F.,(4,1,4),(2,
2),(0.,0.0631989847314864,0.133649080394534),(0.,0.1),.UNSPECIFIED.);
#371=B_SPLINE_SURFACE_WITH_KNOTS('',3,1,((#7259,#7260),(#7261,#7262),(#7263,
#7264),(#7265,#7266),(#7267,#7268)),.UNSPECIFIED.,.F.,.F.,.F.,(4,1,4),(2,
2),(0.,0.0498223314857109,0.105648761762638),(0.,0.1),.UNSPECIFIED.);
#372=B_SPLINE_SURFACE_WITH_KNOTS('',3,1,((#7282,#7283),(#7284,#7285),(#7286,
#7287),(#7288,#7289),(#7290,#7291)),.UNSPECIFIED.,.F.,.F.,.F.,(4,1,4),(2,
2),(0.,0.0582958841813476,0.108998018934692),(0.,0.1),.UNSPECIFIED.);
#373=B_SPLINE_SURFACE_WITH_KNOTS('',3,1,((#7311,#7312),(#7313,#7314),(#7315,
#7316),(#7317,#7318),(#7319,#7320)),.UNSPECIFIED.,.F.,.F.,.F.,(4,1,4),(2,
2),(0.,0.0439335410454408,0.0999010938931281),(0.,0.1),.UNSPECIFIED.);
#374=B_SPLINE_SURFACE_WITH_KNOTS('',3,1,((#7334,#7335),(#7336,#7337),(#7338,
#7339),(#7340,#7341),(#7342,#7343)),.UNSPECIFIED.,.F.,.F.,.F.,(4,1,4),(2,
2),(0.,0.0606115830678257,0.106739955383465),(0.,0.1),.UNSPECIFIED.);
#375=B_SPLINE_SURFACE_WITH_KNOTS('',3,1,((#7357,#7358),(#7359,#7360),(#7361,
#7362),(#7363,#7364),(#7365,#7366)),.UNSPECIFIED.,.F.,.F.,.F.,(4,1,4),(2,
2),(0.,0.0530374196485297,0.118642305065273),(0.,0.1),.UNSPECIFIED.);
#376=B_SPLINE_SURFACE_WITH_KNOTS('',3,1,((#7380,#7381),(#7382,#7383),(#7384,
#7385),(#7386,#7387),(#7388,#7389)),.UNSPECIFIED.,.F.,.F.,.F.,(4,1,4),(2,
2),(0.,0.0516306170835454,0.0910370388914938),(0.,0.1),.UNSPECIFIED.);
#377=B_SPLINE_SURFACE_WITH_KNOTS('',3,1,((#7403,#7404),(#7405,#7406),(#7407,
#7408),(#7409,#7410),(#7411,#7412)),.UNSPECIFIED.,.F.,.F.,.F.,(4,1,4),(2,
2),(0.,0.0165125755376917,0.0256540843220994),(0.,0.1),.UNSPECIFIED.);
#378=B_SPLINE_SURFACE_WITH_KNOTS('',3,1,((#7426,#7427),(#7428,#7429),(#7430,
#7431),(#7432,#7433),(#7434,#7435)),.UNSPECIFIED.,.F.,.F.,.F.,(4,1,4),(2,
2),(0.,0.1044388400889,0.178623158080657),(0.,0.1),.UNSPECIFIED.);
#379=B_SPLINE_SURFACE_WITH_KNOTS('',3,1,((#7449,#7450),(#7451,#7452),(#7453,
#7454),(#7455,#7456),(#7457,#7458)),.UNSPECIFIED.,.F.,.F.,.F.,(4,1,4),(2,
2),(0.,0.037056821205715,0.0885896030941234),(0.,0.1),.UNSPECIFIED.);
#380=B_SPLINE_SURFACE_WITH_KNOTS('',3,1,((#7472,#7473),(#7474,#7475),(#7476,
#7477),(#7478,#7479),(#7480,#7481)),.UNSPECIFIED.,.F.,.F.,.F.,(4,1,4),(2,
2),(0.,0.0384140238224981,0.0781598804972511),(0.,0.1),.UNSPECIFIED.);
#381=B_SPLINE_SURFACE_WITH_KNOTS('',3,1,((#7495,#7496),(#7497,#7498),(#7499,
#7500),(#7501,#7502),(#7503,#7504)),.UNSPECIFIED.,.F.,.F.,.F.,(4,1,4),(2,
2),(0.,0.0390618598433162,0.0766651916852505),(0.,0.1),.UNSPECIFIED.);
#382=B_SPLINE_SURFACE_WITH_KNOTS('',3,1,((#7518,#7519),(#7520,#7521),(#7522,
#7523),(#7524,#7525),(#7526,#7527)),.UNSPECIFIED.,.F.,.F.,.F.,(4,1,4),(2,
2),(0.,0.0409342132350983,0.0804564848686994),(0.,0.1),.UNSPECIFIED.);
#383=B_SPLINE_SURFACE_WITH_KNOTS('',3,1,((#7541,#7542),(#7543,#7544),(#7545,
#7546),(#7547,#7548),(#7549,#7550)),.UNSPECIFIED.,.F.,.F.,.F.,(4,1,4),(2,
2),(0.,0.0657685471900419,0.133166299186754),(0.,0.1),.UNSPECIFIED.);
#384=B_SPLINE_SURFACE_WITH_KNOTS('',3,1,((#7564,#7565),(#7566,#7567),(#7568,
#7569),(#7570,#7571),(#7572,#7573)),.UNSPECIFIED.,.F.,.F.,.F.,(4,1,4),(2,
2),(0.,0.0852400893508076,0.156635814707719),(0.,0.1),.UNSPECIFIED.);
#385=B_SPLINE_SURFACE_WITH_KNOTS('',3,1,((#7587,#7588),(#7589,#7590),(#7591,
#7592),(#7593,#7594),(#7595,#7596)),.UNSPECIFIED.,.F.,.F.,.F.,(4,1,4),(2,
2),(0.,0.0540473473240803,0.110185216046729),(0.,0.1),.UNSPECIFIED.);
#386=B_SPLINE_SURFACE_WITH_KNOTS('',3,1,((#7610,#7611),(#7612,#7613),(#7614,
#7615),(#7616,#7617),(#7618,#7619)),.UNSPECIFIED.,.F.,.F.,.F.,(4,1,4),(2,
2),(0.,0.0666321410529642,0.124471018022686),(0.,0.1),.UNSPECIFIED.);
#387=B_SPLINE_SURFACE_WITH_KNOTS('',3,1,((#7633,#7634),(#7635,#7636),(#7637,
#7638),(#7639,#7640),(#7641,#7642)),.UNSPECIFIED.,.F.,.F.,.F.,(4,1,4),(2,
2),(0.,0.0354476782355154,0.0744342747571747),(0.,0.1),.UNSPECIFIED.);
#388=B_SPLINE_SURFACE_WITH_KNOTS('',3,1,((#7679,#7680),(#7681,#7682),(#7683,
#7684),(#7685,#7686),(#7687,#7688)),.UNSPECIFIED.,.F.,.F.,.F.,(4,1,4),(2,
2),(0.,0.0633663743238223,0.125232399603885),(0.,0.1),.UNSPECIFIED.);
#389=B_SPLINE_SURFACE_WITH_KNOTS('',3,1,((#7705,#7706),(#7707,#7708),(#7709,
#7710),(#7711,#7712),(#7713,#7714)),.UNSPECIFIED.,.F.,.F.,.F.,(4,1,4),(2,
2),(0.,0.0686710574007192,0.137943030752645),(0.,0.1),.UNSPECIFIED.);
#390=B_SPLINE_SURFACE_WITH_KNOTS('',3,1,((#7728,#7729),(#7730,#7731),(#7732,
#7733),(#7734,#7735),(#7736,#7737)),.UNSPECIFIED.,.F.,.F.,.F.,(4,1,4),(2,
2),(0.,0.0652029083321465,0.117085249663082),(0.,0.1),.UNSPECIFIED.);
#391=B_SPLINE_SURFACE_WITH_KNOTS('',3,1,((#7757,#7758),(#7759,#7760),(#7761,
#7762),(#7763,#7764),(#7765,#7766)),.UNSPECIFIED.,.F.,.F.,.F.,(4,1,4),(2,
2),(0.,0.0637947303031901,0.133668255040757),(0.,0.1),.UNSPECIFIED.);
#392=B_SPLINE_SURFACE_WITH_KNOTS('',3,1,((#7777,#7778),(#7779,#7780),(#7781,
#7782),(#7783,#7784),(#7785,#7786)),.UNSPECIFIED.,.F.,.F.,.F.,(4,1,4),(2,
2),(0.,0.0505684626146034,0.0977914010554173),(0.,0.1),.UNSPECIFIED.);
#393=B_SPLINE_SURFACE_WITH_KNOTS('',3,1,((#7803,#7804),(#7805,#7806),(#7807,
#7808),(#7809,#7810),(#7811,#7812)),.UNSPECIFIED.,.F.,.F.,.F.,(4,1,4),(2,
2),(0.,0.066533296568065,0.134307001634269),(0.,0.1),.UNSPECIFIED.);
#394=B_SPLINE_SURFACE_WITH_KNOTS('',3,1,((#7826,#7827),(#7828,#7829),(#7830,
#7831),(#7832,#7833),(#7834,#7835)),.UNSPECIFIED.,.F.,.F.,.F.,(4,1,4),(2,
2),(0.,0.0858598701592987,0.158415341001957),(0.,0.1),.UNSPECIFIED.);
#395=B_SPLINE_SURFACE_WITH_KNOTS('',3,1,((#7855,#7856),(#7857,#7858),(#7859,
#7860),(#7861,#7862),(#7863,#7864)),.UNSPECIFIED.,.F.,.F.,.F.,(4,1,4),(2,
2),(0.,0.0109149452603653,0.0262000723277778),(0.,0.1),.UNSPECIFIED.);
#396=B_SPLINE_SURFACE_WITH_KNOTS('',3,1,((#7878,#7879),(#7880,#7881),(#7882,
#7883),(#7884,#7885),(#7886,#7887)),.UNSPECIFIED.,.F.,.F.,.F.,(4,1,4),(2,
2),(0.,0.110093884328278,0.23883957361098),(0.,0.1),.UNSPECIFIED.);
#397=B_SPLINE_SURFACE_WITH_KNOTS('',3,1,((#7901,#7902),(#7903,#7904),(#7905,
#7906),(#7907,#7908),(#7909,#7910)),.UNSPECIFIED.,.F.,.F.,.F.,(4,1,4),(2,
2),(0.,0.107430167252945,0.210533404953757),(0.,0.1),.UNSPECIFIED.);
#398=B_SPLINE_SURFACE_WITH_KNOTS('',3,1,((#7924,#7925),(#7926,#7927),(#7928,
#7929),(#7930,#7931),(#7932,#7933)),.UNSPECIFIED.,.F.,.F.,.F.,(4,1,4),(2,
2),(0.,0.105594946826977,0.216318645284012),(0.,0.1),.UNSPECIFIED.);
#399=B_SPLINE_SURFACE_WITH_KNOTS('',3,1,((#7947,#7948),(#7949,#7950),(#7951,
#7952),(#7953,#7954),(#7955,#7956)),.UNSPECIFIED.,.F.,.F.,.F.,(4,1,4),(2,
2),(0.,0.131234690802103,0.243596862790838),(0.,0.1),.UNSPECIFIED.);
#400=B_SPLINE_SURFACE_WITH_KNOTS('',3,1,((#7970,#7971),(#7972,#7973),(#7974,
#7975),(#7976,#7977),(#7978,#7979)),.UNSPECIFIED.,.F.,.F.,.F.,(4,1,4),(2,
2),(0.,0.109476614763499,0.236487111949736),(0.,0.1),.UNSPECIFIED.);
#401=B_SPLINE_SURFACE_WITH_KNOTS('',3,1,((#7993,#7994),(#7995,#7996),(#7997,
#7998),(#7999,#8000),(#8001,#8002)),.UNSPECIFIED.,.F.,.F.,.F.,(4,1,4),(2,
2),(0.,0.115708306391846,0.221275457378861),(0.,0.1),.UNSPECIFIED.);
#402=B_SPLINE_SURFACE_WITH_KNOTS('',3,1,((#8016,#8017),(#8018,#8019),(#8020,
#8021),(#8022,#8023),(#8024,#8025)),.UNSPECIFIED.,.F.,.F.,.F.,(4,1,4),(2,
2),(0.,0.0826094564899715,0.175376497513724),(0.,0.1),.UNSPECIFIED.);
#403=B_SPLINE_SURFACE_WITH_KNOTS('',3,1,((#8039,#8040),(#8041,#8042),(#8043,
#8044),(#8045,#8046),(#8047,#8048)),.UNSPECIFIED.,.F.,.F.,.F.,(4,1,4),(2,
2),(0.,0.0860932109758862,0.166606282622105),(0.,0.1),.UNSPECIFIED.);
#404=B_SPLINE_SURFACE_WITH_KNOTS('',3,1,((#8068,#8069),(#8070,#8071),(#8072,
#8073),(#8074,#8075),(#8076,#8077)),.UNSPECIFIED.,.F.,.F.,.F.,(4,1,4),(2,
2),(0.,0.0502931396997111,0.110147250739421),(0.,0.1),.UNSPECIFIED.);
#405=B_SPLINE_SURFACE_WITH_KNOTS('',3,1,((#8098,#8099),(#8100,#8101),(#8102,
#8103),(#8104,#8105),(#8106,#8107)),.UNSPECIFIED.,.F.,.F.,.F.,(4,1,4),(2,
2),(0.,0.066964057781654,0.161099174965131),(0.,0.1),.UNSPECIFIED.);
#406=B_SPLINE_SURFACE_WITH_KNOTS('',3,1,((#8121,#8122),(#8123,#8124),(#8125,
#8126),(#8127,#8128),(#8129,#8130)),.UNSPECIFIED.,.F.,.F.,.F.,(4,1,4),(2,
2),(0.,0.0593679267831708,0.117672856923501),(0.,0.1),.UNSPECIFIED.);
#407=B_SPLINE_SURFACE_WITH_KNOTS('',3,1,((#8144,#8145),(#8146,#8147),(#8148,
#8149),(#8150,#8151),(#8152,#8153)),.UNSPECIFIED.,.F.,.F.,.F.,(4,1,4),(2,
2),(0.,0.0342866289802521,0.0712602078624821),(0.,0.1),.UNSPECIFIED.);
#408=B_SPLINE_SURFACE_WITH_KNOTS('',3,1,((#8167,#8168),(#8169,#8170),(#8171,
#8172),(#8173,#8174),(#8175,#8176)),.UNSPECIFIED.,.F.,.F.,.F.,(4,1,4),(2,
2),(0.,0.0312583697503846,0.0636261301737171),(0.,0.1),.UNSPECIFIED.);
#409=B_SPLINE_SURFACE_WITH_KNOTS('',3,1,((#8190,#8191),(#8192,#8193),(#8194,
#8195),(#8196,#8197),(#8198,#8199)),.UNSPECIFIED.,.F.,.F.,.F.,(4,1,4),(2,
2),(0.,0.0524656905787596,0.0905558526663734),(0.,0.1),.UNSPECIFIED.);
#410=B_SPLINE_SURFACE_WITH_KNOTS('',3,1,((#8231,#8232),(#8233,#8234),(#8235,
#8236),(#8237,#8238),(#8239,#8240)),.UNSPECIFIED.,.F.,.F.,.F.,(4,1,4),(2,
2),(0.,0.0377396441141811,0.0957365864166897),(0.,0.1),.UNSPECIFIED.);
#411=B_SPLINE_SURFACE_WITH_KNOTS('',3,1,((#8254,#8255),(#8256,#8257),(#8258,
#8259),(#8260,#8261),(#8262,#8263)),.UNSPECIFIED.,.F.,.F.,.F.,(4,1,4),(2,
2),(0.,0.0382287183789062,0.0791821411028678),(0.,0.1),.UNSPECIFIED.);
#412=B_SPLINE_SURFACE_WITH_KNOTS('',3,1,((#8277,#8278),(#8279,#8280),(#8281,
#8282),(#8283,#8284),(#8285,#8286)),.UNSPECIFIED.,.F.,.F.,.F.,(4,1,4),(2,
2),(0.,0.0442179871321636,0.0830944443001305),(0.,0.1),.UNSPECIFIED.);
#413=B_SPLINE_SURFACE_WITH_KNOTS('',3,1,((#8300,#8301),(#8302,#8303),(#8304,
#8305),(#8306,#8307),(#8308,#8309)),.UNSPECIFIED.,.F.,.F.,.F.,(4,1,4),(2,
2),(0.,0.0504313093763068,0.0984564833834665),(0.,0.1),.UNSPECIFIED.);
#414=B_SPLINE_SURFACE_WITH_KNOTS('',3,1,((#8323,#8324),(#8325,#8326),(#8327,
#8328),(#8329,#8330),(#8331,#8332)),.UNSPECIFIED.,.F.,.F.,.F.,(4,1,4),(2,
2),(0.,0.105921939437462,0.214979222634215),(0.,0.1),.UNSPECIFIED.);
#415=B_SPLINE_SURFACE_WITH_KNOTS('',3,1,((#8393,#8394),(#8395,#8396),(#8397,
#8398),(#8399,#8400),(#8401,#8402)),.UNSPECIFIED.,.F.,.F.,.F.,(4,1,4),(2,
2),(0.,0.0610144161734882,0.129349919683488),(0.,0.1),.UNSPECIFIED.);
#416=B_SPLINE_SURFACE_WITH_KNOTS('',3,1,((#8419,#8420),(#8421,#8422),(#8423,
#8424),(#8425,#8426),(#8427,#8428)),.UNSPECIFIED.,.F.,.F.,.F.,(4,1,4),(2,
2),(0.,0.0647172582164005,0.125109660311967),(0.,0.1),.UNSPECIFIED.);
#417=B_SPLINE_SURFACE_WITH_KNOTS('',3,1,((#8442,#8443),(#8444,#8445),(#8446,
#8447),(#8448,#8449),(#8450,#8451)),.UNSPECIFIED.,.F.,.F.,.F.,(4,1,4),(2,
2),(0.,0.097537743828057,0.174656229048224),(0.,0.1),.UNSPECIFIED.);
#418=B_SPLINE_SURFACE_WITH_KNOTS('',3,1,((#8465,#8466),(#8467,#8468),(#8469,
#8470),(#8471,#8472),(#8473,#8474)),.UNSPECIFIED.,.F.,.F.,.F.,(4,1,4),(2,
2),(0.,0.0790709930337159,0.180840996190774),(0.,0.1),.UNSPECIFIED.);
#419=B_SPLINE_SURFACE_WITH_KNOTS('',3,1,((#8488,#8489),(#8490,#8491),(#8492,
#8493),(#8494,#8495),(#8496,#8497)),.UNSPECIFIED.,.F.,.F.,.F.,(4,1,4),(2,
2),(0.,0.0622534766416313,0.128026111205706),(0.,0.1),.UNSPECIFIED.);
#420=B_SPLINE_SURFACE_WITH_KNOTS('',3,1,((#8511,#8512),(#8513,#8514),(#8515,
#8516),(#8517,#8518),(#8519,#8520)),.UNSPECIFIED.,.F.,.F.,.F.,(4,1,4),(2,
2),(0.,0.0641527482154684,0.125251469981245),(0.,0.1),.UNSPECIFIED.);
#421=B_SPLINE_SURFACE_WITH_KNOTS('',3,1,((#8534,#8535),(#8536,#8537),(#8538,
#8539),(#8540,#8541),(#8542,#8543)),.UNSPECIFIED.,.F.,.F.,.F.,(4,1,4),(2,
2),(0.,0.0979283563133175,0.174009637510071),(0.,0.1),.UNSPECIFIED.);
#422=B_SPLINE_SURFACE_WITH_KNOTS('',3,1,((#8557,#8558),(#8559,#8560),(#8561,
#8562),(#8563,#8564),(#8565,#8566)),.UNSPECIFIED.,.F.,.F.,.F.,(4,1,4),(2,
2),(0.,0.080291106114074,0.179519340579993),(0.,0.1),.UNSPECIFIED.);
#423=B_SPLINE_SURFACE_WITH_KNOTS('',3,1,((#8586,#8587),(#8588,#8589),(#8590,
#8591),(#8592,#8593),(#8594,#8595)),.UNSPECIFIED.,.F.,.F.,.F.,(4,1,4),(2,
2),(0.,0.0424160835251936,0.0830299019985004),(0.,0.1),.UNSPECIFIED.);
#424=B_SPLINE_SURFACE_WITH_KNOTS('',3,1,((#8609,#8610),(#8611,#8612),(#8613,
#8614),(#8615,#8616),(#8617,#8618)),.UNSPECIFIED.,.F.,.F.,.F.,(4,1,4),(2,
2),(0.,0.0469446884259367,0.0914938861758887),(0.,0.1),.UNSPECIFIED.);
#425=B_SPLINE_SURFACE_WITH_KNOTS('',3,1,((#8632,#8633),(#8634,#8635),(#8636,
#8637),(#8638,#8639),(#8640,#8641)),.UNSPECIFIED.,.F.,.F.,.F.,(4,1,4),(2,
2),(0.,0.0683198127103156,0.134477223512612),(0.,0.1),.UNSPECIFIED.);
#426=B_SPLINE_SURFACE_WITH_KNOTS('',3,1,((#8655,#8656),(#8657,#8658),(#8659,
#8660),(#8661,#8662),(#8663,#8664)),.UNSPECIFIED.,.F.,.F.,.F.,(4,1,4),(2,
2),(0.,0.0738963945745324,0.144894885286999),(0.,0.1),.UNSPECIFIED.);
#427=B_SPLINE_SURFACE_WITH_KNOTS('',3,1,((#8678,#8679),(#8680,#8681),(#8682,
#8683),(#8684,#8685),(#8686,#8687)),.UNSPECIFIED.,.F.,.F.,.F.,(4,1,4),(2,
2),(0.,0.084965993469816,0.164569500730063),(0.,0.1),.UNSPECIFIED.);
#428=B_SPLINE_SURFACE_WITH_KNOTS('',3,1,((#8701,#8702),(#8703,#8704),(#8705,
#8706),(#8707,#8708),(#8709,#8710)),.UNSPECIFIED.,.F.,.F.,.F.,(4,1,4),(2,
2),(0.,0.075881415838864,0.155745537843704),(0.,0.1),.UNSPECIFIED.);
#429=B_SPLINE_SURFACE_WITH_KNOTS('',3,1,((#8724,#8725),(#8726,#8727),(#8728,
#8729),(#8730,#8731),(#8732,#8733)),.UNSPECIFIED.,.F.,.F.,.F.,(4,1,4),(2,
2),(0.,0.0678666812219645,0.13944594194423),(0.,0.1),.UNSPECIFIED.);
#430=B_SPLINE_SURFACE_WITH_KNOTS('',3,1,((#8747,#8748),(#8749,#8750),(#8751,
#8752),(#8753,#8754),(#8755,#8756)),.UNSPECIFIED.,.F.,.F.,.F.,(4,1,4),(2,
2),(0.,0.0704997633916149,0.137999919947974),(0.,0.1),.UNSPECIFIED.);
#431=B_SPLINE_SURFACE_WITH_KNOTS('',3,1,((#8770,#8771),(#8772,#8773),(#8774,
#8775),(#8776,#8777),(#8778,#8779)),.UNSPECIFIED.,.F.,.F.,.F.,(4,1,4),(2,
2),(0.,0.0471524274450898,0.0999732721531308),(0.,0.1),.UNSPECIFIED.);
#432=B_SPLINE_SURFACE_WITH_KNOTS('',3,1,((#8793,#8794),(#8795,#8796),(#8797,
#8798),(#8799,#8800),(#8801,#8802)),.UNSPECIFIED.,.F.,.F.,.F.,(4,1,4),(2,
2),(0.,0.0512455828723951,0.0979362381265909),(0.,0.1),.UNSPECIFIED.);
#433=FACE_OUTER_BOUND('',#685,.T.);
#434=FACE_OUTER_BOUND('',#686,.T.);
#435=FACE_OUTER_BOUND('',#687,.T.);
#436=FACE_OUTER_BOUND('',#688,.T.);
#437=FACE_OUTER_BOUND('',#689,.T.);
#438=FACE_OUTER_BOUND('',#690,.T.);
#439=FACE_OUTER_BOUND('',#691,.T.);
#440=FACE_OUTER_BOUND('',#692,.T.);
#441=FACE_OUTER_BOUND('',#693,.T.);
#442=FACE_OUTER_BOUND('',#694,.T.);
#443=FACE_OUTER_BOUND('',#695,.T.);
#444=FACE_OUTER_BOUND('',#696,.T.);
#445=FACE_OUTER_BOUND('',#697,.T.);
#446=FACE_OUTER_BOUND('',#698,.T.);
#447=FACE_OUTER_BOUND('',#699,.T.);
#448=FACE_OUTER_BOUND('',#700,.T.);
#449=FACE_OUTER_BOUND('',#701,.T.);
#450=FACE_OUTER_BOUND('',#702,.T.);
#451=FACE_OUTER_BOUND('',#703,.T.);
#452=FACE_OUTER_BOUND('',#704,.T.);
#453=FACE_OUTER_BOUND('',#705,.T.);
#454=FACE_OUTER_BOUND('',#706,.T.);
#455=FACE_OUTER_BOUND('',#707,.T.);
#456=FACE_OUTER_BOUND('',#708,.T.);
#457=FACE_OUTER_BOUND('',#709,.T.);
#458=FACE_OUTER_BOUND('',#710,.T.);
#459=FACE_OUTER_BOUND('',#711,.T.);
#460=FACE_OUTER_BOUND('',#712,.T.);
#461=FACE_OUTER_BOUND('',#713,.T.);
#462=FACE_OUTER_BOUND('',#714,.T.);
#463=FACE_OUTER_BOUND('',#715,.T.);
#464=FACE_OUTER_BOUND('',#716,.T.);
#465=FACE_OUTER_BOUND('',#717,.T.);
#466=FACE_OUTER_BOUND('',#718,.T.);
#467=FACE_OUTER_BOUND('',#719,.T.);
#468=FACE_OUTER_BOUND('',#720,.T.);
#469=FACE_OUTER_BOUND('',#721,.T.);
#470=FACE_OUTER_BOUND('',#722,.T.);
#471=FACE_OUTER_BOUND('',#723,.T.);
#472=FACE_OUTER_BOUND('',#724,.T.);
#473=FACE_OUTER_BOUND('',#725,.T.);
#474=FACE_OUTER_BOUND('',#726,.T.);
#475=FACE_OUTER_BOUND('',#727,.T.);
#476=FACE_OUTER_BOUND('',#728,.T.);
#477=FACE_OUTER_BOUND('',#729,.T.);
#478=FACE_OUTER_BOUND('',#730,.T.);
#479=FACE_OUTER_BOUND('',#731,.T.);
#480=FACE_OUTER_BOUND('',#732,.T.);
#481=FACE_OUTER_BOUND('',#733,.T.);
#482=FACE_OUTER_BOUND('',#734,.T.);
#483=FACE_OUTER_BOUND('',#735,.T.);
#484=FACE_OUTER_BOUND('',#736,.T.);
#485=FACE_OUTER_BOUND('',#737,.T.);
#486=FACE_OUTER_BOUND('',#738,.T.);
#487=FACE_OUTER_BOUND('',#739,.T.);
#488=FACE_OUTER_BOUND('',#740,.T.);
#489=FACE_OUTER_BOUND('',#741,.T.);
#490=FACE_OUTER_BOUND('',#742,.T.);
#491=FACE_OUTER_BOUND('',#743,.T.);
#492=FACE_OUTER_BOUND('',#744,.T.);
#493=FACE_OUTER_BOUND('',#745,.T.);
#494=FACE_OUTER_BOUND('',#746,.T.);
#495=FACE_OUTER_BOUND('',#747,.T.);
#496=FACE_OUTER_BOUND('',#748,.T.);
#497=FACE_OUTER_BOUND('',#749,.T.);
#498=FACE_OUTER_BOUND('',#750,.T.);
#499=FACE_OUTER_BOUND('',#751,.T.);
#500=FACE_OUTER_BOUND('',#752,.T.);
#501=FACE_OUTER_BOUND('',#753,.T.);
#502=FACE_OUTER_BOUND('',#754,.T.);
#503=FACE_OUTER_BOUND('',#755,.T.);
#504=FACE_OUTER_BOUND('',#756,.T.);
#505=FACE_OUTER_BOUND('',#757,.T.);
#506=FACE_OUTER_BOUND('',#758,.T.);
#507=FACE_OUTER_BOUND('',#759,.T.);
#508=FACE_OUTER_BOUND('',#760,.T.);
#509=FACE_OUTER_BOUND('',#761,.T.);
#510=FACE_OUTER_BOUND('',#762,.T.);
#511=FACE_OUTER_BOUND('',#763,.T.);
#512=FACE_OUTER_BOUND('',#764,.T.);
#513=FACE_OUTER_BOUND('',#765,.T.);
#514=FACE_OUTER_BOUND('',#766,.T.);
#515=FACE_OUTER_BOUND('',#767,.T.);
#516=FACE_OUTER_BOUND('',#768,.T.);
#517=FACE_OUTER_BOUND('',#769,.T.);
#518=FACE_OUTER_BOUND('',#770,.T.);
#519=FACE_OUTER_BOUND('',#771,.T.);
#520=FACE_OUTER_BOUND('',#772,.T.);
#521=FACE_OUTER_BOUND('',#773,.T.);
#522=FACE_OUTER_BOUND('',#774,.T.);
#523=FACE_OUTER_BOUND('',#775,.T.);
#524=FACE_OUTER_BOUND('',#776,.T.);
#525=FACE_OUTER_BOUND('',#777,.T.);
#526=FACE_OUTER_BOUND('',#778,.T.);
#527=FACE_OUTER_BOUND('',#779,.T.);
#528=FACE_OUTER_BOUND('',#780,.T.);
#529=FACE_OUTER_BOUND('',#781,.T.);
#530=FACE_OUTER_BOUND('',#782,.T.);
#531=FACE_OUTER_BOUND('',#783,.T.);
#532=FACE_OUTER_BOUND('',#784,.T.);
#533=FACE_OUTER_BOUND('',#785,.T.);
#534=FACE_OUTER_BOUND('',#786,.T.);
#535=FACE_OUTER_BOUND('',#787,.T.);
#536=FACE_OUTER_BOUND('',#788,.T.);
#537=FACE_OUTER_BOUND('',#789,.T.);
#538=FACE_OUTER_BOUND('',#790,.T.);
#539=FACE_OUTER_BOUND('',#791,.T.);
#540=FACE_OUTER_BOUND('',#792,.T.);
#541=FACE_OUTER_BOUND('',#793,.T.);
#542=FACE_OUTER_BOUND('',#794,.T.);
#543=FACE_OUTER_BOUND('',#795,.T.);
#544=FACE_OUTER_BOUND('',#796,.T.);
#545=FACE_OUTER_BOUND('',#797,.T.);
#546=FACE_OUTER_BOUND('',#798,.T.);
#547=FACE_OUTER_BOUND('',#799,.T.);
#548=FACE_OUTER_BOUND('',#800,.T.);
#549=FACE_OUTER_BOUND('',#801,.T.);
#550=FACE_OUTER_BOUND('',#802,.T.);
#551=FACE_OUTER_BOUND('',#803,.T.);
#552=FACE_OUTER_BOUND('',#804,.T.);
#553=FACE_OUTER_BOUND('',#805,.T.);
#554=FACE_OUTER_BOUND('',#806,.T.);
#555=FACE_OUTER_BOUND('',#807,.T.);
#556=FACE_OUTER_BOUND('',#808,.T.);
#557=FACE_OUTER_BOUND('',#809,.T.);
#558=FACE_OUTER_BOUND('',#810,.T.);
#559=FACE_OUTER_BOUND('',#811,.T.);
#560=FACE_OUTER_BOUND('',#812,.T.);
#561=FACE_OUTER_BOUND('',#813,.T.);
#562=FACE_OUTER_BOUND('',#814,.T.);
#563=FACE_OUTER_BOUND('',#815,.T.);
#564=FACE_OUTER_BOUND('',#816,.T.);
#565=FACE_OUTER_BOUND('',#817,.T.);
#566=FACE_OUTER_BOUND('',#818,.T.);
#567=FACE_OUTER_BOUND('',#819,.T.);
#568=FACE_OUTER_BOUND('',#820,.T.);
#569=FACE_OUTER_BOUND('',#821,.T.);
#570=FACE_OUTER_BOUND('',#822,.T.);
#571=FACE_OUTER_BOUND('',#823,.T.);
#572=FACE_OUTER_BOUND('',#824,.T.);
#573=FACE_OUTER_BOUND('',#825,.T.);
#574=FACE_OUTER_BOUND('',#826,.T.);
#575=FACE_OUTER_BOUND('',#827,.T.);
#576=FACE_OUTER_BOUND('',#829,.T.);
#577=FACE_OUTER_BOUND('',#830,.T.);
#578=FACE_OUTER_BOUND('',#831,.T.);
#579=FACE_OUTER_BOUND('',#832,.T.);
#580=FACE_OUTER_BOUND('',#833,.T.);
#581=FACE_OUTER_BOUND('',#834,.T.);
#582=FACE_OUTER_BOUND('',#835,.T.);
#583=FACE_OUTER_BOUND('',#836,.T.);
#584=FACE_OUTER_BOUND('',#837,.T.);
#585=FACE_OUTER_BOUND('',#838,.T.);
#586=FACE_OUTER_BOUND('',#839,.T.);
#587=FACE_OUTER_BOUND('',#840,.T.);
#588=FACE_OUTER_BOUND('',#841,.T.);
#589=FACE_OUTER_BOUND('',#842,.T.);
#590=FACE_OUTER_BOUND('',#843,.T.);
#591=FACE_OUTER_BOUND('',#844,.T.);
#592=FACE_OUTER_BOUND('',#845,.T.);
#593=FACE_OUTER_BOUND('',#846,.T.);
#594=FACE_OUTER_BOUND('',#847,.T.);
#595=FACE_OUTER_BOUND('',#848,.T.);
#596=FACE_OUTER_BOUND('',#849,.T.);
#597=FACE_OUTER_BOUND('',#850,.T.);
#598=FACE_OUTER_BOUND('',#851,.T.);
#599=FACE_OUTER_BOUND('',#852,.T.);
#600=FACE_OUTER_BOUND('',#853,.T.);
#601=FACE_OUTER_BOUND('',#854,.T.);
#602=FACE_OUTER_BOUND('',#856,.T.);
#603=FACE_OUTER_BOUND('',#857,.T.);
#604=FACE_OUTER_BOUND('',#858,.T.);
#605=FACE_OUTER_BOUND('',#859,.T.);
#606=FACE_OUTER_BOUND('',#860,.T.);
#607=FACE_OUTER_BOUND('',#861,.T.);
#608=FACE_OUTER_BOUND('',#862,.T.);
#609=FACE_OUTER_BOUND('',#863,.T.);
#610=FACE_OUTER_BOUND('',#864,.T.);
#611=FACE_OUTER_BOUND('',#865,.T.);
#612=FACE_OUTER_BOUND('',#866,.T.);
#613=FACE_OUTER_BOUND('',#867,.T.);
#614=FACE_OUTER_BOUND('',#868,.T.);
#615=FACE_OUTER_BOUND('',#869,.T.);
#616=FACE_OUTER_BOUND('',#870,.T.);
#617=FACE_OUTER_BOUND('',#871,.T.);
#618=FACE_OUTER_BOUND('',#872,.T.);
#619=FACE_OUTER_BOUND('',#873,.T.);
#620=FACE_OUTER_BOUND('',#874,.T.);
#621=FACE_OUTER_BOUND('',#875,.T.);
#622=FACE_OUTER_BOUND('',#876,.T.);
#623=FACE_OUTER_BOUND('',#877,.T.);
#624=FACE_OUTER_BOUND('',#878,.T.);
#625=FACE_OUTER_BOUND('',#879,.T.);
#626=FACE_OUTER_BOUND('',#880,.T.);
#627=FACE_OUTER_BOUND('',#881,.T.);
#628=FACE_OUTER_BOUND('',#882,.T.);
#629=FACE_OUTER_BOUND('',#883,.T.);
#630=FACE_OUTER_BOUND('',#884,.T.);
#631=FACE_OUTER_BOUND('',#885,.T.);
#632=FACE_OUTER_BOUND('',#886,.T.);
#633=FACE_OUTER_BOUND('',#887,.T.);
#634=FACE_OUTER_BOUND('',#888,.T.);
#635=FACE_OUTER_BOUND('',#889,.T.);
#636=FACE_OUTER_BOUND('',#890,.T.);
#637=FACE_OUTER_BOUND('',#891,.T.);
#638=FACE_OUTER_BOUND('',#892,.T.);
#639=FACE_OUTER_BOUND('',#893,.T.);
#640=FACE_OUTER_BOUND('',#894,.T.);
#641=FACE_OUTER_BOUND('',#895,.T.);
#642=FACE_OUTER_BOUND('',#896,.T.);
#643=FACE_OUTER_BOUND('',#897,.T.);
#644=FACE_OUTER_BOUND('',#898,.T.);
#645=FACE_OUTER_BOUND('',#899,.T.);
#646=FACE_OUTER_BOUND('',#900,.T.);
#647=FACE_OUTER_BOUND('',#901,.T.);
#648=FACE_OUTER_BOUND('',#902,.T.);
#649=FACE_OUTER_BOUND('',#903,.T.);
#650=FACE_OUTER_BOUND('',#905,.T.);
#651=FACE_OUTER_BOUND('',#917,.T.);
#652=FACE_OUTER_BOUND('',#918,.T.);
#653=FACE_OUTER_BOUND('',#919,.T.);
#654=FACE_OUTER_BOUND('',#920,.T.);
#655=FACE_OUTER_BOUND('',#921,.T.);
#656=FACE_OUTER_BOUND('',#922,.T.);
#657=FACE_OUTER_BOUND('',#923,.T.);
#658=FACE_OUTER_BOUND('',#924,.T.);
#659=FACE_OUTER_BOUND('',#925,.T.);
#660=FACE_OUTER_BOUND('',#926,.T.);
#661=FACE_OUTER_BOUND('',#927,.T.);
#662=FACE_OUTER_BOUND('',#928,.T.);
#663=FACE_OUTER_BOUND('',#929,.T.);
#664=FACE_OUTER_BOUND('',#930,.T.);
#665=FACE_OUTER_BOUND('',#931,.T.);
#666=FACE_OUTER_BOUND('',#933,.T.);
#667=FACE_OUTER_BOUND('',#935,.T.);
#668=FACE_OUTER_BOUND('',#937,.T.);
#669=FACE_OUTER_BOUND('',#938,.T.);
#670=FACE_OUTER_BOUND('',#939,.T.);
#671=FACE_OUTER_BOUND('',#940,.T.);
#672=FACE_OUTER_BOUND('',#941,.T.);
#673=FACE_OUTER_BOUND('',#942,.T.);
#674=FACE_OUTER_BOUND('',#943,.T.);
#675=FACE_OUTER_BOUND('',#944,.T.);
#676=FACE_OUTER_BOUND('',#945,.T.);
#677=FACE_OUTER_BOUND('',#946,.T.);
#678=FACE_OUTER_BOUND('',#948,.T.);
#679=FACE_OUTER_BOUND('',#949,.T.);
#680=FACE_OUTER_BOUND('',#951,.T.);
#681=FACE_OUTER_BOUND('',#954,.T.);
#682=FACE_OUTER_BOUND('',#955,.T.);
#683=FACE_OUTER_BOUND('',#956,.T.);
#684=FACE_OUTER_BOUND('',#957,.T.);
#685=EDGE_LOOP('',(#2941,#2942,#2943,#2944));
#686=EDGE_LOOP('',(#2945,#2946,#2947,#2948));
#687=EDGE_LOOP('',(#2949,#2950,#2951,#2952));
#688=EDGE_LOOP('',(#2953,#2954,#2955,#2956));
#689=EDGE_LOOP('',(#2957,#2958,#2959,#2960));
#690=EDGE_LOOP('',(#2961,#2962,#2963,#2964));
#691=EDGE_LOOP('',(#2965,#2966,#2967,#2968));
#692=EDGE_LOOP('',(#2969,#2970,#2971,#2972));
#693=EDGE_LOOP('',(#2973,#2974,#2975,#2976));
#694=EDGE_LOOP('',(#2977,#2978,#2979,#2980));
#695=EDGE_LOOP('',(#2981,#2982,#2983,#2984));
#696=EDGE_LOOP('',(#2985,#2986,#2987,#2988));
#697=EDGE_LOOP('',(#2989,#2990,#2991,#2992));
#698=EDGE_LOOP('',(#2993,#2994,#2995,#2996));
#699=EDGE_LOOP('',(#2997,#2998,#2999,#3000));
#700=EDGE_LOOP('',(#3001,#3002,#3003,#3004));
#701=EDGE_LOOP('',(#3005,#3006,#3007,#3008));
#702=EDGE_LOOP('',(#3009,#3010,#3011,#3012));
#703=EDGE_LOOP('',(#3013,#3014,#3015,#3016));
#704=EDGE_LOOP('',(#3017,#3018,#3019,#3020));
#705=EDGE_LOOP('',(#3021,#3022,#3023,#3024));
#706=EDGE_LOOP('',(#3025,#3026,#3027,#3028));
#707=EDGE_LOOP('',(#3029,#3030,#3031,#3032));
#708=EDGE_LOOP('',(#3033,#3034,#3035,#3036,#3037,#3038,#3039,#3040,#3041,
#3042,#3043,#3044,#3045));
#709=EDGE_LOOP('',(#3046,#3047,#3048,#3049));
#710=EDGE_LOOP('',(#3050,#3051,#3052,#3053));
#711=EDGE_LOOP('',(#3054,#3055,#3056,#3057));
#712=EDGE_LOOP('',(#3058,#3059,#3060,#3061));
#713=EDGE_LOOP('',(#3062,#3063,#3064,#3065));
#714=EDGE_LOOP('',(#3066,#3067,#3068,#3069));
#715=EDGE_LOOP('',(#3070,#3071,#3072,#3073));
#716=EDGE_LOOP('',(#3074,#3075,#3076,#3077));
#717=EDGE_LOOP('',(#3078,#3079,#3080,#3081));
#718=EDGE_LOOP('',(#3082,#3083,#3084,#3085));
#719=EDGE_LOOP('',(#3086,#3087,#3088,#3089));
#720=EDGE_LOOP('',(#3090,#3091,#3092,#3093));
#721=EDGE_LOOP('',(#3094,#3095,#3096,#3097));
#722=EDGE_LOOP('',(#3098,#3099,#3100,#3101));
#723=EDGE_LOOP('',(#3102,#3103,#3104,#3105));
#724=EDGE_LOOP('',(#3106,#3107,#3108,#3109));
#725=EDGE_LOOP('',(#3110,#3111,#3112,#3113));
#726=EDGE_LOOP('',(#3114,#3115,#3116,#3117));
#727=EDGE_LOOP('',(#3118,#3119,#3120,#3121));
#728=EDGE_LOOP('',(#3122,#3123,#3124,#3125));
#729=EDGE_LOOP('',(#3126,#3127,#3128,#3129));
#730=EDGE_LOOP('',(#3130,#3131,#3132,#3133));
#731=EDGE_LOOP('',(#3134,#3135,#3136,#3137));
#732=EDGE_LOOP('',(#3138,#3139,#3140,#3141));
#733=EDGE_LOOP('',(#3142,#3143,#3144,#3145));
#734=EDGE_LOOP('',(#3146,#3147,#3148,#3149,#3150,#3151,#3152,#3153,#3154,
#3155,#3156,#3157,#3158,#3159,#3160,#3161,#3162,#3163,#3164,#3165));
#735=EDGE_LOOP('',(#3166,#3167,#3168,#3169));
#736=EDGE_LOOP('',(#3170,#3171,#3172,#3173));
#737=EDGE_LOOP('',(#3174,#3175,#3176,#3177));
#738=EDGE_LOOP('',(#3178,#3179,#3180,#3181));
#739=EDGE_LOOP('',(#3182,#3183,#3184,#3185));
#740=EDGE_LOOP('',(#3186,#3187,#3188,#3189));
#741=EDGE_LOOP('',(#3190,#3191,#3192,#3193));
#742=EDGE_LOOP('',(#3194,#3195,#3196,#3197));
#743=EDGE_LOOP('',(#3198,#3199,#3200,#3201));
#744=EDGE_LOOP('',(#3202,#3203,#3204,#3205));
#745=EDGE_LOOP('',(#3206,#3207,#3208,#3209));
#746=EDGE_LOOP('',(#3210,#3211,#3212,#3213));
#747=EDGE_LOOP('',(#3214,#3215,#3216,#3217));
#748=EDGE_LOOP('',(#3218,#3219,#3220,#3221));
#749=EDGE_LOOP('',(#3222,#3223,#3224,#3225));
#750=EDGE_LOOP('',(#3226,#3227,#3228,#3229));
#751=EDGE_LOOP('',(#3230,#3231,#3232,#3233));
#752=EDGE_LOOP('',(#3234,#3235,#3236,#3237));
#753=EDGE_LOOP('',(#3238,#3239,#3240,#3241));
#754=EDGE_LOOP('',(#3242,#3243,#3244,#3245));
#755=EDGE_LOOP('',(#3246,#3247,#3248,#3249));
#756=EDGE_LOOP('',(#3250,#3251,#3252,#3253));
#757=EDGE_LOOP('',(#3254,#3255,#3256,#3257));
#758=EDGE_LOOP('',(#3258,#3259,#3260,#3261));
#759=EDGE_LOOP('',(#3262,#3263,#3264,#3265));
#760=EDGE_LOOP('',(#3266,#3267,#3268,#3269));
#761=EDGE_LOOP('',(#3270,#3271,#3272,#3273));
#762=EDGE_LOOP('',(#3274,#3275,#3276,#3277));
#763=EDGE_LOOP('',(#3278,#3279,#3280,#3281));
#764=EDGE_LOOP('',(#3282,#3283,#3284,#3285));
#765=EDGE_LOOP('',(#3286,#3287,#3288,#3289));
#766=EDGE_LOOP('',(#3290,#3291,#3292,#3293));
#767=EDGE_LOOP('',(#3294,#3295,#3296,#3297));
#768=EDGE_LOOP('',(#3298,#3299,#3300,#3301,#3302,#3303,#3304,#3305,#3306,
#3307,#3308,#3309,#3310,#3311,#3312,#3313,#3314,#3315,#3316,#3317,#3318,
#3319,#3320,#3321,#3322,#3323,#3324,#3325));
#769=EDGE_LOOP('',(#3326,#3327,#3328,#3329));
#770=EDGE_LOOP('',(#3330,#3331,#3332,#3333));
#771=EDGE_LOOP('',(#3334,#3335,#3336,#3337));
#772=EDGE_LOOP('',(#3338,#3339,#3340,#3341));
#773=EDGE_LOOP('',(#3342,#3343,#3344,#3345));
#774=EDGE_LOOP('',(#3346,#3347,#3348,#3349));
#775=EDGE_LOOP('',(#3350,#3351,#3352,#3353));
#776=EDGE_LOOP('',(#3354,#3355,#3356,#3357));
#777=EDGE_LOOP('',(#3358,#3359,#3360,#3361));
#778=EDGE_LOOP('',(#3362,#3363,#3364,#3365));
#779=EDGE_LOOP('',(#3366,#3367,#3368,#3369));
#780=EDGE_LOOP('',(#3370,#3371,#3372,#3373));
#781=EDGE_LOOP('',(#3374,#3375,#3376,#3377));
#782=EDGE_LOOP('',(#3378,#3379,#3380,#3381));
#783=EDGE_LOOP('',(#3382,#3383,#3384,#3385));
#784=EDGE_LOOP('',(#3386,#3387,#3388,#3389));
#785=EDGE_LOOP('',(#3390,#3391,#3392,#3393));
#786=EDGE_LOOP('',(#3394,#3395,#3396,#3397));
#787=EDGE_LOOP('',(#3398,#3399,#3400,#3401));
#788=EDGE_LOOP('',(#3402,#3403,#3404,#3405));
#789=EDGE_LOOP('',(#3406,#3407,#3408,#3409,#3410,#3411,#3412,#3413,#3414,
#3415,#3416,#3417,#3418,#3419,#3420,#3421,#3422,#3423,#3424,#3425));
#790=EDGE_LOOP('',(#3426,#3427,#3428,#3429));
#791=EDGE_LOOP('',(#3430,#3431,#3432,#3433));
#792=EDGE_LOOP('',(#3434,#3435,#3436,#3437));
#793=EDGE_LOOP('',(#3438,#3439,#3440,#3441));
#794=EDGE_LOOP('',(#3442,#3443,#3444,#3445));
#795=EDGE_LOOP('',(#3446,#3447,#3448,#3449));
#796=EDGE_LOOP('',(#3450,#3451,#3452,#3453));
#797=EDGE_LOOP('',(#3454,#3455,#3456,#3457));
#798=EDGE_LOOP('',(#3458,#3459,#3460,#3461));
#799=EDGE_LOOP('',(#3462,#3463,#3464,#3465));
#800=EDGE_LOOP('',(#3466,#3467,#3468,#3469));
#801=EDGE_LOOP('',(#3470,#3471,#3472,#3473));
#802=EDGE_LOOP('',(#3474,#3475,#3476,#3477));
#803=EDGE_LOOP('',(#3478,#3479,#3480,#3481));
#804=EDGE_LOOP('',(#3482,#3483,#3484,#3485));
#805=EDGE_LOOP('',(#3486,#3487,#3488,#3489));
#806=EDGE_LOOP('',(#3490,#3491,#3492,#3493));
#807=EDGE_LOOP('',(#3494,#3495,#3496,#3497));
#808=EDGE_LOOP('',(#3498,#3499,#3500,#3501));
#809=EDGE_LOOP('',(#3502,#3503,#3504,#3505));
#810=EDGE_LOOP('',(#3506,#3507,#3508,#3509));
#811=EDGE_LOOP('',(#3510,#3511,#3512,#3513));
#812=EDGE_LOOP('',(#3514,#3515,#3516,#3517));
#813=EDGE_LOOP('',(#3518,#3519,#3520,#3521));
#814=EDGE_LOOP('',(#3522,#3523,#3524,#3525));
#815=EDGE_LOOP('',(#3526,#3527,#3528,#3529));
#816=EDGE_LOOP('',(#3530,#3531,#3532,#3533));
#817=EDGE_LOOP('',(#3534,#3535,#3536,#3537));
#818=EDGE_LOOP('',(#3538,#3539,#3540,#3541));
#819=EDGE_LOOP('',(#3542,#3543,#3544,#3545));
#820=EDGE_LOOP('',(#3546,#3547,#3548,#3549));
#821=EDGE_LOOP('',(#3550,#3551,#3552,#3553));
#822=EDGE_LOOP('',(#3554,#3555,#3556,#3557));
#823=EDGE_LOOP('',(#3558,#3559,#3560,#3561));
#824=EDGE_LOOP('',(#3562,#3563,#3564,#3565));
#825=EDGE_LOOP('',(#3566,#3567,#3568,#3569));
#826=EDGE_LOOP('',(#3570,#3571,#3572,#3573));
#827=EDGE_LOOP('',(#3574,#3575,#3576,#3577,#3578,#3579,#3580,#3581,#3582,
#3583,#3584,#3585,#3586,#3587,#3588,#3589,#3590,#3591,#3592,#3593,#3594,
#3595,#3596,#3597,#3598,#3599,#3600));
#828=EDGE_LOOP('',(#3601,#3602,#3603,#3604,#3605,#3606,#3607,#3608,#3609,
#3610));
#829=EDGE_LOOP('',(#3611,#3612,#3613,#3614));
#830=EDGE_LOOP('',(#3615,#3616,#3617,#3618));
#831=EDGE_LOOP('',(#3619,#3620,#3621,#3622));
#832=EDGE_LOOP('',(#3623,#3624,#3625,#3626));
#833=EDGE_LOOP('',(#3627,#3628,#3629,#3630));
#834=EDGE_LOOP('',(#3631,#3632,#3633,#3634));
#835=EDGE_LOOP('',(#3635,#3636,#3637,#3638));
#836=EDGE_LOOP('',(#3639,#3640,#3641,#3642));
#837=EDGE_LOOP('',(#3643,#3644,#3645,#3646));
#838=EDGE_LOOP('',(#3647,#3648,#3649,#3650));
#839=EDGE_LOOP('',(#3651,#3652,#3653,#3654));
#840=EDGE_LOOP('',(#3655,#3656,#3657,#3658));
#841=EDGE_LOOP('',(#3659,#3660,#3661,#3662));
#842=EDGE_LOOP('',(#3663,#3664,#3665,#3666));
#843=EDGE_LOOP('',(#3667,#3668,#3669,#3670));
#844=EDGE_LOOP('',(#3671,#3672,#3673,#3674));
#845=EDGE_LOOP('',(#3675,#3676,#3677,#3678));
#846=EDGE_LOOP('',(#3679,#3680,#3681,#3682));
#847=EDGE_LOOP('',(#3683,#3684,#3685,#3686));
#848=EDGE_LOOP('',(#3687,#3688,#3689,#3690));
#849=EDGE_LOOP('',(#3691,#3692,#3693,#3694));
#850=EDGE_LOOP('',(#3695,#3696,#3697,#3698));
#851=EDGE_LOOP('',(#3699,#3700,#3701,#3702));
#852=EDGE_LOOP('',(#3703,#3704,#3705,#3706));
#853=EDGE_LOOP('',(#3707,#3708,#3709,#3710));
#854=EDGE_LOOP('',(#3711,#3712,#3713,#3714,#3715,#3716,#3717,#3718,#3719,
#3720,#3721,#3722,#3723,#3724,#3725));
#855=EDGE_LOOP('',(#3726,#3727,#3728,#3729,#3730));
#856=EDGE_LOOP('',(#3731,#3732,#3733,#3734));
#857=EDGE_LOOP('',(#3735,#3736,#3737,#3738));
#858=EDGE_LOOP('',(#3739,#3740,#3741,#3742));
#859=EDGE_LOOP('',(#3743,#3744,#3745,#3746));
#860=EDGE_LOOP('',(#3747,#3748,#3749,#3750));
#861=EDGE_LOOP('',(#3751,#3752,#3753,#3754));
#862=EDGE_LOOP('',(#3755,#3756,#3757,#3758));
#863=EDGE_LOOP('',(#3759,#3760,#3761,#3762));
#864=EDGE_LOOP('',(#3763,#3764,#3765,#3766));
#865=EDGE_LOOP('',(#3767,#3768,#3769,#3770));
#866=EDGE_LOOP('',(#3771,#3772,#3773,#3774));
#867=EDGE_LOOP('',(#3775,#3776,#3777,#3778));
#868=EDGE_LOOP('',(#3779,#3780,#3781,#3782));
#869=EDGE_LOOP('',(#3783,#3784,#3785,#3786));
#870=EDGE_LOOP('',(#3787,#3788,#3789,#3790));
#871=EDGE_LOOP('',(#3791,#3792,#3793,#3794));
#872=EDGE_LOOP('',(#3795,#3796,#3797,#3798));
#873=EDGE_LOOP('',(#3799,#3800,#3801,#3802));
#874=EDGE_LOOP('',(#3803,#3804,#3805,#3806,#3807,#3808,#3809,#3810,#3811,
#3812,#3813,#3814,#3815,#3816,#3817,#3818,#3819,#3820));
#875=EDGE_LOOP('',(#3821,#3822,#3823,#3824));
#876=EDGE_LOOP('',(#3825,#3826,#3827,#3828));
#877=EDGE_LOOP('',(#3829,#3830,#3831,#3832));
#878=EDGE_LOOP('',(#3833,#3834,#3835,#3836));
#879=EDGE_LOOP('',(#3837,#3838,#3839,#3840));
#880=EDGE_LOOP('',(#3841,#3842,#3843,#3844));
#881=EDGE_LOOP('',(#3845,#3846,#3847,#3848));
#882=EDGE_LOOP('',(#3849,#3850,#3851,#3852));
#883=EDGE_LOOP('',(#3853,#3854,#3855,#3856));
#884=EDGE_LOOP('',(#3857,#3858,#3859,#3860));
#885=EDGE_LOOP('',(#3861,#3862,#3863,#3864));
#886=EDGE_LOOP('',(#3865,#3866,#3867,#3868));
#887=EDGE_LOOP('',(#3869,#3870,#3871,#3872));
#888=EDGE_LOOP('',(#3873,#3874,#3875,#3876));
#889=EDGE_LOOP('',(#3877,#3878,#3879,#3880));
#890=EDGE_LOOP('',(#3881,#3882,#3883,#3884));
#891=EDGE_LOOP('',(#3885,#3886,#3887,#3888));
#892=EDGE_LOOP('',(#3889,#3890,#3891,#3892));
#893=EDGE_LOOP('',(#3893,#3894,#3895,#3896));
#894=EDGE_LOOP('',(#3897,#3898,#3899,#3900));
#895=EDGE_LOOP('',(#3901,#3902,#3903,#3904));
#896=EDGE_LOOP('',(#3905,#3906,#3907,#3908));
#897=EDGE_LOOP('',(#3909,#3910,#3911,#3912));
#898=EDGE_LOOP('',(#3913,#3914,#3915,#3916));
#899=EDGE_LOOP('',(#3917,#3918,#3919,#3920));
#900=EDGE_LOOP('',(#3921,#3922,#3923,#3924));
#901=EDGE_LOOP('',(#3925,#3926,#3927,#3928));
#902=EDGE_LOOP('',(#3929,#3930,#3931,#3932));
#903=EDGE_LOOP('',(#3933,#3934,#3935,#3936,#3937,#3938,#3939,#3940,#3941,
#3942,#3943,#3944,#3945,#3946,#3947));
#904=EDGE_LOOP('',(#3948,#3949,#3950,#3951,#3952,#3953,#3954,#3955));
#905=EDGE_LOOP('',(#3956,#3957,#3958,#3959,#3960,#3961,#3962,#3963,#3964,
#3965,#3966,#3967,#3968,#3969,#3970,#3971,#3972,#3973,#3974,#3975));
#906=EDGE_LOOP('',(#3976,#3977,#3978,#3979,#3980,#3981,#3982,#3983,#3984,
#3985,#3986,#3987,#3988,#3989,#3990));
#907=EDGE_LOOP('',(#3991,#3992,#3993,#3994));
#908=EDGE_LOOP('',(#3995,#3996,#3997,#3998,#3999,#4000,#4001,#4002,#4003,
#4004,#4005,#4006,#4007,#4008,#4009,#4010,#4011,#4012));
#909=EDGE_LOOP('',(#4013,#4014,#4015,#4016));
#910=EDGE_LOOP('',(#4017,#4018,#4019,#4020,#4021,#4022,#4023,#4024,#4025,
#4026,#4027,#4028,#4029,#4030,#4031,#4032,#4033,#4034,#4035,#4036,#4037,
#4038,#4039,#4040,#4041,#4042,#4043));
#911=EDGE_LOOP('',(#4044,#4045,#4046,#4047,#4048,#4049,#4050,#4051,#4052,
#4053,#4054,#4055,#4056,#4057,#4058,#4059,#4060,#4061,#4062,#4063));
#912=EDGE_LOOP('',(#4064,#4065,#4066,#4067,#4068,#4069,#4070,#4071,#4072,
#4073,#4074,#4075,#4076,#4077,#4078,#4079,#4080,#4081,#4082,#4083,#4084,
#4085,#4086,#4087,#4088,#4089,#4090,#4091));
#913=EDGE_LOOP('',(#4092,#4093,#4094,#4095));
#914=EDGE_LOOP('',(#4096,#4097,#4098,#4099,#4100,#4101,#4102,#4103,#4104,
#4105,#4106,#4107,#4108,#4109,#4110,#4111,#4112,#4113,#4114,#4115));
#915=EDGE_LOOP('',(#4116,#4117,#4118,#4119));
#916=EDGE_LOOP('',(#4120,#4121,#4122,#4123,#4124,#4125,#4126,#4127,#4128,
#4129,#4130,#4131,#4132));
#917=EDGE_LOOP('',(#4133,#4134,#4135,#4136,#4137,#4138,#4139,#4140));
#918=EDGE_LOOP('',(#4141,#4142,#4143,#4144,#4145,#4146,#4147,#4148,#4149,
#4150));
#919=EDGE_LOOP('',(#4151,#4152,#4153));
#920=EDGE_LOOP('',(#4154,#4155,#4156,#4157));
#921=EDGE_LOOP('',(#4158,#4159,#4160));
#922=EDGE_LOOP('',(#4161,#4162,#4163,#4164,#4165));
#923=EDGE_LOOP('',(#4166,#4167,#4168));
#924=EDGE_LOOP('',(#4169,#4170,#4171,#4172));
#925=EDGE_LOOP('',(#4173,#4174,#4175,#4176));
#926=EDGE_LOOP('',(#4177,#4178,#4179));
#927=EDGE_LOOP('',(#4180,#4181,#4182,#4183));
#928=EDGE_LOOP('',(#4184,#4185,#4186,#4187));
#929=EDGE_LOOP('',(#4188,#4189,#4190,#4191));
#930=EDGE_LOOP('',(#4192,#4193,#4194,#4195));
#931=EDGE_LOOP('',(#4196,#4197,#4198,#4199));
#932=EDGE_LOOP('',(#4200,#4201,#4202,#4203,#4204,#4205,#4206,#4207));
#933=EDGE_LOOP('',(#4208,#4209,#4210,#4211));
#934=EDGE_LOOP('',(#4212));
#935=EDGE_LOOP('',(#4213,#4214,#4215,#4216));
#936=EDGE_LOOP('',(#4217,#4218,#4219,#4220));
#937=EDGE_LOOP('',(#4221,#4222,#4223,#4224));
#938=EDGE_LOOP('',(#4225,#4226,#4227,#4228));
#939=EDGE_LOOP('',(#4229,#4230,#4231,#4232));
#940=EDGE_LOOP('',(#4233,#4234,#4235,#4236));
#941=EDGE_LOOP('',(#4237,#4238,#4239,#4240));
#942=EDGE_LOOP('',(#4241,#4242,#4243,#4244));
#943=EDGE_LOOP('',(#4245,#4246,#4247,#4248));
#944=EDGE_LOOP('',(#4249,#4250,#4251,#4252));
#945=EDGE_LOOP('',(#4253,#4254,#4255,#4256));
#946=EDGE_LOOP('',(#4257,#4258,#4259,#4260));
#947=EDGE_LOOP('',(#4261,#4262,#4263,#4264));
#948=EDGE_LOOP('',(#4265,#4266,#4267,#4268));
#949=EDGE_LOOP('',(#4269,#4270,#4271,#4272));
#950=EDGE_LOOP('',(#4273));
#951=EDGE_LOOP('',(#4274,#4275,#4276,#4277));
#952=EDGE_LOOP('',(#4278,#4279,#4280,#4281));
#953=EDGE_LOOP('',(#4282,#4283,#4284,#4285,#4286,#4287,#4288,#4289));
#954=EDGE_LOOP('',(#4290,#4291,#4292,#4293));
#955=EDGE_LOOP('',(#4294,#4295,#4296,#4297,#4298));
#956=EDGE_LOOP('',(#4299,#4300,#4301,#4302));
#957=EDGE_LOOP('',(#4303,#4304,#4305,#4306,#4307,#4308,#4309,#4310));
#958=LINE('',#5603,#1381);
#959=LINE('',#5605,#1382);
#960=LINE('',#5607,#1383);
#961=LINE('',#5608,#1384);
#962=LINE('',#5611,#1385);
#963=LINE('',#5613,#1386);
#964=LINE('',#5614,#1387);
#965=LINE('',#5617,#1388);
#966=LINE('',#5619,#1389);
#967=LINE('',#5620,#1390);
#968=LINE('',#5622,#1391);
#969=LINE('',#5623,#1392);
#970=LINE('',#5628,#1393);
#971=LINE('',#5630,#1394);
#972=LINE('',#5632,#1395);
#973=LINE('',#5633,#1396);
#974=LINE('',#5636,#1397);
#975=LINE('',#5638,#1398);
#976=LINE('',#5639,#1399);
#977=LINE('',#5642,#1400);
#978=LINE('',#5644,#1401);
#979=LINE('',#5645,#1402);
#980=LINE('',#5647,#1403);
#981=LINE('',#5648,#1404);
#982=LINE('',#5653,#1405);
#983=LINE('',#5655,#1406);
#984=LINE('',#5657,#1407);
#985=LINE('',#5658,#1408);
#986=LINE('',#5676,#1409);
#987=LINE('',#5699,#1410);
#988=LINE('',#5722,#1411);
#989=LINE('',#5745,#1412);
#990=LINE('',#5753,#1413);
#991=LINE('',#5755,#1414);
#992=LINE('',#5756,#1415);
#993=LINE('',#5774,#1416);
#994=LINE('',#5797,#1417);
#995=LINE('',#5820,#1418);
#996=LINE('',#5828,#1419);
#997=LINE('',#5830,#1420);
#998=LINE('',#5831,#1421);
#999=LINE('',#5834,#1422);
#1000=LINE('',#5836,#1423);
#1001=LINE('',#5837,#1424);
#1002=LINE('',#5840,#1425);
#1003=LINE('',#5842,#1426);
#1004=LINE('',#5843,#1427);
#1005=LINE('',#5845,#1428);
#1006=LINE('',#5846,#1429);
#1007=LINE('',#5851,#1430);
#1008=LINE('',#5853,#1431);
#1009=LINE('',#5855,#1432);
#1010=LINE('',#5856,#1433);
#1011=LINE('',#5859,#1434);
#1012=LINE('',#5861,#1435);
#1013=LINE('',#5862,#1436);
#1014=LINE('',#5865,#1437);
#1015=LINE('',#5867,#1438);
#1016=LINE('',#5868,#1439);
#1017=LINE('',#5870,#1440);
#1018=LINE('',#5871,#1441);
#1019=LINE('',#5891,#1442);
#1020=LINE('',#5898,#1443);
#1021=LINE('',#5916,#1444);
#1022=LINE('',#5939,#1445);
#1023=LINE('',#5947,#1446);
#1024=LINE('',#5949,#1447);
#1025=LINE('',#5950,#1448);
#1026=LINE('',#5953,#1449);
#1027=LINE('',#5955,#1450);
#1028=LINE('',#5956,#1451);
#1029=LINE('',#5959,#1452);
#1030=LINE('',#5961,#1453);
#1031=LINE('',#5962,#1454);
#1032=LINE('',#5965,#1455);
#1033=LINE('',#5967,#1456);
#1034=LINE('',#5968,#1457);
#1035=LINE('',#5971,#1458);
#1036=LINE('',#5973,#1459);
#1037=LINE('',#5974,#1460);
#1038=LINE('',#5977,#1461);
#1039=LINE('',#5979,#1462);
#1040=LINE('',#5980,#1463);
#1041=LINE('',#5983,#1464);
#1042=LINE('',#5985,#1465);
#1043=LINE('',#5986,#1466);
#1044=LINE('',#5989,#1467);
#1045=LINE('',#5991,#1468);
#1046=LINE('',#5992,#1469);
#1047=LINE('',#5995,#1470);
#1048=LINE('',#5997,#1471);
#1049=LINE('',#5998,#1472);
#1050=LINE('',#6001,#1473);
#1051=LINE('',#6003,#1474);
#1052=LINE('',#6004,#1475);
#1053=LINE('',#6007,#1476);
#1054=LINE('',#6009,#1477);
#1055=LINE('',#6010,#1478);
#1056=LINE('',#6028,#1479);
#1057=LINE('',#6051,#1480);
#1058=LINE('',#6074,#1481);
#1059=LINE('',#6097,#1482);
#1060=LINE('',#6105,#1483);
#1061=LINE('',#6107,#1484);
#1062=LINE('',#6108,#1485);
#1063=LINE('',#6133,#1486);
#1064=LINE('',#6135,#1487);
#1065=LINE('',#6137,#1488);
#1066=LINE('',#6138,#1489);
#1067=LINE('',#6141,#1490);
#1068=LINE('',#6143,#1491);
#1069=LINE('',#6144,#1492);
#1070=LINE('',#6147,#1493);
#1071=LINE('',#6149,#1494);
#1072=LINE('',#6150,#1495);
#1073=LINE('',#6152,#1496);
#1074=LINE('',#6153,#1497);
#1075=LINE('',#6158,#1498);
#1076=LINE('',#6160,#1499);
#1077=LINE('',#6162,#1500);
#1078=LINE('',#6163,#1501);
#1079=LINE('',#6181,#1502);
#1080=LINE('',#6204,#1503);
#1081=LINE('',#6227,#1504);
#1082=LINE('',#6250,#1505);
#1083=LINE('',#6273,#1506);
#1084=LINE('',#6281,#1507);
#1085=LINE('',#6283,#1508);
#1086=LINE('',#6284,#1509);
#1087=LINE('',#6287,#1510);
#1088=LINE('',#6289,#1511);
#1089=LINE('',#6290,#1512);
#1090=LINE('',#6293,#1513);
#1091=LINE('',#6295,#1514);
#1092=LINE('',#6296,#1515);
#1093=LINE('',#6314,#1516);
#1094=LINE('',#6337,#1517);
#1095=LINE('',#6360,#1518);
#1096=LINE('',#6383,#1519);
#1097=LINE('',#6406,#1520);
#1098=LINE('',#6414,#1521);
#1099=LINE('',#6416,#1522);
#1100=LINE('',#6417,#1523);
#1101=LINE('',#6420,#1524);
#1102=LINE('',#6422,#1525);
#1103=LINE('',#6423,#1526);
#1104=LINE('',#6426,#1527);
#1105=LINE('',#6428,#1528);
#1106=LINE('',#6429,#1529);
#1107=LINE('',#6447,#1530);
#1108=LINE('',#6470,#1531);
#1109=LINE('',#6493,#1532);
#1110=LINE('',#6516,#1533);
#1111=LINE('',#6539,#1534);
#1112=LINE('',#6562,#1535);
#1113=LINE('',#6585,#1536);
#1114=LINE('',#6593,#1537);
#1115=LINE('',#6595,#1538);
#1116=LINE('',#6596,#1539);
#1117=LINE('',#6599,#1540);
#1118=LINE('',#6601,#1541);
#1119=LINE('',#6602,#1542);
#1120=LINE('',#6605,#1543);
#1121=LINE('',#6607,#1544);
#1122=LINE('',#6608,#1545);
#1123=LINE('',#6610,#1546);
#1124=LINE('',#6611,#1547);
#1125=LINE('',#6631,#1548);
#1126=LINE('',#6638,#1549);
#1127=LINE('',#6656,#1550);
#1128=LINE('',#6679,#1551);
#1129=LINE('',#6687,#1552);
#1130=LINE('',#6689,#1553);
#1131=LINE('',#6690,#1554);
#1132=LINE('',#6693,#1555);
#1133=LINE('',#6695,#1556);
#1134=LINE('',#6696,#1557);
#1135=LINE('',#6699,#1558);
#1136=LINE('',#6701,#1559);
#1137=LINE('',#6702,#1560);
#1138=LINE('',#6705,#1561);
#1139=LINE('',#6707,#1562);
#1140=LINE('',#6708,#1563);
#1141=LINE('',#6711,#1564);
#1142=LINE('',#6713,#1565);
#1143=LINE('',#6714,#1566);
#1144=LINE('',#6717,#1567);
#1145=LINE('',#6719,#1568);
#1146=LINE('',#6720,#1569);
#1147=LINE('',#6723,#1570);
#1148=LINE('',#6725,#1571);
#1149=LINE('',#6726,#1572);
#1150=LINE('',#6729,#1573);
#1151=LINE('',#6731,#1574);
#1152=LINE('',#6732,#1575);
#1153=LINE('',#6735,#1576);
#1154=LINE('',#6737,#1577);
#1155=LINE('',#6738,#1578);
#1156=LINE('',#6741,#1579);
#1157=LINE('',#6743,#1580);
#1158=LINE('',#6744,#1581);
#1159=LINE('',#6747,#1582);
#1160=LINE('',#6749,#1583);
#1161=LINE('',#6750,#1584);
#1162=LINE('',#6768,#1585);
#1163=LINE('',#6791,#1586);
#1164=LINE('',#6814,#1587);
#1165=LINE('',#6837,#1588);
#1166=LINE('',#6845,#1589);
#1167=LINE('',#6847,#1590);
#1168=LINE('',#6848,#1591);
#1169=LINE('',#6888,#1592);
#1170=LINE('',#6895,#1593);
#1171=LINE('',#6913,#1594);
#1172=LINE('',#6936,#1595);
#1173=LINE('',#6959,#1596);
#1174=LINE('',#6982,#1597);
#1175=LINE('',#7005,#1598);
#1176=LINE('',#7028,#1599);
#1177=LINE('',#7051,#1600);
#1178=LINE('',#7074,#1601);
#1179=LINE('',#7081,#1602);
#1180=LINE('',#7082,#1603);
#1181=LINE('',#7086,#1604);
#1182=LINE('',#7088,#1605);
#1183=LINE('',#7090,#1606);
#1184=LINE('',#7091,#1607);
#1185=LINE('',#7109,#1608);
#1186=LINE('',#7132,#1609);
#1187=LINE('',#7140,#1610);
#1188=LINE('',#7142,#1611);
#1189=LINE('',#7143,#1612);
#1190=LINE('',#7161,#1613);
#1191=LINE('',#7184,#1614);
#1192=LINE('',#7207,#1615);
#1193=LINE('',#7230,#1616);
#1194=LINE('',#7253,#1617);
#1195=LINE('',#7276,#1618);
#1196=LINE('',#7299,#1619);
#1197=LINE('',#7307,#1620);
#1198=LINE('',#7309,#1621);
#1199=LINE('',#7310,#1622);
#1200=LINE('',#7328,#1623);
#1201=LINE('',#7351,#1624);
#1202=LINE('',#7374,#1625);
#1203=LINE('',#7397,#1626);
#1204=LINE('',#7420,#1627);
#1205=LINE('',#7443,#1628);
#1206=LINE('',#7466,#1629);
#1207=LINE('',#7489,#1630);
#1208=LINE('',#7512,#1631);
#1209=LINE('',#7535,#1632);
#1210=LINE('',#7558,#1633);
#1211=LINE('',#7581,#1634);
#1212=LINE('',#7604,#1635);
#1213=LINE('',#7627,#1636);
#1214=LINE('',#7657,#1637);
#1215=LINE('',#7659,#1638);
#1216=LINE('',#7661,#1639);
#1217=LINE('',#7662,#1640);
#1218=LINE('',#7665,#1641);
#1219=LINE('',#7667,#1642);
#1220=LINE('',#7668,#1643);
#1221=LINE('',#7671,#1644);
#1222=LINE('',#7673,#1645);
#1223=LINE('',#7674,#1646);
#1224=LINE('',#7676,#1647);
#1225=LINE('',#7677,#1648);
#1226=LINE('',#7697,#1649);
#1227=LINE('',#7704,#1650);
#1228=LINE('',#7722,#1651);
#1229=LINE('',#7745,#1652);
#1230=LINE('',#7753,#1653);
#1231=LINE('',#7755,#1654);
#1232=LINE('',#7756,#1655);
#1233=LINE('',#7795,#1656);
#1234=LINE('',#7802,#1657);
#1235=LINE('',#7820,#1658);
#1236=LINE('',#7843,#1659);
#1237=LINE('',#7851,#1660);
#1238=LINE('',#7853,#1661);
#1239=LINE('',#7854,#1662);
#1240=LINE('',#7872,#1663);
#1241=LINE('',#7895,#1664);
#1242=LINE('',#7918,#1665);
#1243=LINE('',#7941,#1666);
#1244=LINE('',#7964,#1667);
#1245=LINE('',#7987,#1668);
#1246=LINE('',#8010,#1669);
#1247=LINE('',#8033,#1670);
#1248=LINE('',#8056,#1671);
#1249=LINE('',#8064,#1672);
#1250=LINE('',#8066,#1673);
#1251=LINE('',#8067,#1674);
#1252=LINE('',#8092,#1675);
#1253=LINE('',#8094,#1676);
#1254=LINE('',#8096,#1677);
#1255=LINE('',#8097,#1678);
#1256=LINE('',#8115,#1679);
#1257=LINE('',#8138,#1680);
#1258=LINE('',#8161,#1681);
#1259=LINE('',#8184,#1682);
#1260=LINE('',#8207,#1683);
#1261=LINE('',#8215,#1684);
#1262=LINE('',#8217,#1685);
#1263=LINE('',#8218,#1686);
#1264=LINE('',#8221,#1687);
#1265=LINE('',#8223,#1688);
#1266=LINE('',#8224,#1689);
#1267=LINE('',#8227,#1690);
#1268=LINE('',#8229,#1691);
#1269=LINE('',#8230,#1692);
#1270=LINE('',#8248,#1693);
#1271=LINE('',#8271,#1694);
#1272=LINE('',#8294,#1695);
#1273=LINE('',#8317,#1696);
#1274=LINE('',#8340,#1697);
#1275=LINE('',#8348,#1698);
#1276=LINE('',#8350,#1699);
#1277=LINE('',#8351,#1700);
#1278=LINE('',#8354,#1701);
#1279=LINE('',#8356,#1702);
#1280=LINE('',#8357,#1703);
#1281=LINE('',#8360,#1704);
#1282=LINE('',#8362,#1705);
#1283=LINE('',#8363,#1706);
#1284=LINE('',#8365,#1707);
#1285=LINE('',#8366,#1708);
#1286=LINE('',#8371,#1709);
#1287=LINE('',#8373,#1710);
#1288=LINE('',#8375,#1711);
#1289=LINE('',#8376,#1712);
#1290=LINE('',#8379,#1713);
#1291=LINE('',#8381,#1714);
#1292=LINE('',#8382,#1715);
#1293=LINE('',#8385,#1716);
#1294=LINE('',#8387,#1717);
#1295=LINE('',#8388,#1718);
#1296=LINE('',#8390,#1719);
#1297=LINE('',#8391,#1720);
#1298=LINE('',#8411,#1721);
#1299=LINE('',#8418,#1722);
#1300=LINE('',#8436,#1723);
#1301=LINE('',#8459,#1724);
#1302=LINE('',#8482,#1725);
#1303=LINE('',#8505,#1726);
#1304=LINE('',#8528,#1727);
#1305=LINE('',#8551,#1728);
#1306=LINE('',#8580,#1729);
#1307=LINE('',#8582,#1730);
#1308=LINE('',#8584,#1731);
#1309=LINE('',#8585,#1732);
#1310=LINE('',#8603,#1733);
#1311=LINE('',#8626,#1734);
#1312=LINE('',#8649,#1735);
#1313=LINE('',#8672,#1736);
#1314=LINE('',#8695,#1737);
#1315=LINE('',#8718,#1738);
#1316=LINE('',#8741,#1739);
#1317=LINE('',#8764,#1740);
#1318=LINE('',#8787,#1741);
#1319=LINE('',#8810,#1742);
#1320=LINE('',#8818,#1743);
#1321=LINE('',#8820,#1744);
#1322=LINE('',#8821,#1745);
#1323=LINE('',#8824,#1746);
#1324=LINE('',#8826,#1747);
#1325=LINE('',#8827,#1748);
#1326=LINE('',#8830,#1749);
#1327=LINE('',#8832,#1750);
#1328=LINE('',#8833,#1751);
#1329=LINE('',#8835,#1752);
#1330=LINE('',#8836,#1753);
#1331=LINE('',#8841,#1754);
#1332=LINE('',#8843,#1755);
#1333=LINE('',#8844,#1756);
#1334=LINE('',#8846,#1757);
#1335=LINE('',#8847,#1758);
#1336=LINE('',#8859,#1759);
#1337=LINE('',#8869,#1760);
#1338=LINE('',#8881,#1761);
#1339=LINE('',#8882,#1762);
#1340=LINE('',#8884,#1763);
#1341=LINE('',#8885,#1764);
#1342=LINE('',#8897,#1765);
#1343=LINE('',#8898,#1766);
#1344=LINE('',#8900,#1767);
#1345=LINE('',#8901,#1768);
#1346=LINE('',#8903,#1769);
#1347=LINE('',#8904,#1770);
#1348=LINE('',#8906,#1771);
#1349=LINE('',#8908,#1772);
#1350=LINE('',#8911,#1773);
#1351=LINE('',#8915,#1774);
#1352=LINE('',#8919,#1775);
#1353=LINE('',#8923,#1776);
#1354=LINE('',#8926,#1777);
#1355=LINE('',#8932,#1778);
#1356=LINE('',#8934,#1779);
#1357=LINE('',#8936,#1780);
#1358=LINE('',#8937,#1781);
#1359=LINE('',#8942,#1782);
#1360=LINE('',#8943,#1783);
#1361=LINE('',#8946,#1784);
#1362=LINE('',#8947,#1785);
#1363=LINE('',#8951,#1786);
#1364=LINE('',#8954,#1787);
#1365=LINE('',#8955,#1788);
#1366=LINE('',#8959,#1789);
#1367=LINE('',#8962,#1790);
#1368=LINE('',#8963,#1791);
#1369=LINE('',#8967,#1792);
#1370=LINE('',#8969,#1793);
#1371=LINE('',#8973,#1794);
#1372=LINE('',#8977,#1795);
#1373=LINE('',#8978,#1796);
#1374=LINE('',#8979,#1797);
#1375=LINE('',#8982,#1798);
#1376=LINE('',#8983,#1799);
#1377=LINE('',#8986,#1800);
#1378=LINE('',#8987,#1801);
#1379=LINE('',#8989,#1802);
#1380=LINE('',#8991,#1803);
#1381=VECTOR('',#4858,10.);
#1382=VECTOR('',#4859,10.);
#1383=VECTOR('',#4860,10.);
#1384=VECTOR('',#4861,10.);
#1385=VECTOR('',#4864,10.);
#1386=VECTOR('',#4865,10.);
#1387=VECTOR('',#4866,10.);
#1388=VECTOR('',#4869,10.);
#1389=VECTOR('',#4870,10.);
#1390=VECTOR('',#4871,10.);
#1391=VECTOR('',#4874,10.);
#1392=VECTOR('',#4875,10.);
#1393=VECTOR('',#4880,10.);
#1394=VECTOR('',#4881,10.);
#1395=VECTOR('',#4882,10.);
#1396=VECTOR('',#4883,10.);
#1397=VECTOR('',#4886,10.);
#1398=VECTOR('',#4887,10.);
#1399=VECTOR('',#4888,10.);
#1400=VECTOR('',#4891,10.);
#1401=VECTOR('',#4892,10.);
#1402=VECTOR('',#4893,10.);
#1403=VECTOR('',#4896,10.);
#1404=VECTOR('',#4897,10.);
#1405=VECTOR('',#4902,10.);
#1406=VECTOR('',#4903,10.);
#1407=VECTOR('',#4904,10.);
#1408=VECTOR('',#4905,10.);
#1409=VECTOR('',#4906,10.);
#1410=VECTOR('',#4907,10.);
#1411=VECTOR('',#4908,10.);
#1412=VECTOR('',#4909,10.);
#1413=VECTOR('',#4912,10.);
#1414=VECTOR('',#4913,10.);
#1415=VECTOR('',#4914,10.);
#1416=VECTOR('',#4915,10.);
#1417=VECTOR('',#4916,10.);
#1418=VECTOR('',#4917,10.);
#1419=VECTOR('',#4920,10.);
#1420=VECTOR('',#4921,10.);
#1421=VECTOR('',#4922,10.);
#1422=VECTOR('',#4925,10.);
#1423=VECTOR('',#4926,10.);
#1424=VECTOR('',#4927,10.);
#1425=VECTOR('',#4930,10.);
#1426=VECTOR('',#4931,10.);
#1427=VECTOR('',#4932,10.);
#1428=VECTOR('',#4935,10.);
#1429=VECTOR('',#4936,10.);
#1430=VECTOR('',#4941,10.);
#1431=VECTOR('',#4942,10.);
#1432=VECTOR('',#4943,10.);
#1433=VECTOR('',#4944,10.);
#1434=VECTOR('',#4947,10.);
#1435=VECTOR('',#4948,10.);
#1436=VECTOR('',#4949,10.);
#1437=VECTOR('',#4952,10.);
#1438=VECTOR('',#4953,10.);
#1439=VECTOR('',#4954,10.);
#1440=VECTOR('',#4957,10.);
#1441=VECTOR('',#4958,10.);
#1442=VECTOR('',#4961,10.);
#1443=VECTOR('',#4962,10.);
#1444=VECTOR('',#4963,10.);
#1445=VECTOR('',#4964,10.);
#1446=VECTOR('',#4967,10.);
#1447=VECTOR('',#4968,10.);
#1448=VECTOR('',#4969,10.);
#1449=VECTOR('',#4972,10.);
#1450=VECTOR('',#4973,10.);
#1451=VECTOR('',#4974,10.);
#1452=VECTOR('',#4977,10.);
#1453=VECTOR('',#4978,10.);
#1454=VECTOR('',#4979,10.);
#1455=VECTOR('',#4982,10.);
#1456=VECTOR('',#4983,10.);
#1457=VECTOR('',#4984,10.);
#1458=VECTOR('',#4987,10.);
#1459=VECTOR('',#4988,10.);
#1460=VECTOR('',#4989,10.);
#1461=VECTOR('',#4992,10.);
#1462=VECTOR('',#4993,10.);
#1463=VECTOR('',#4994,10.);
#1464=VECTOR('',#4997,10.);
#1465=VECTOR('',#4998,10.);
#1466=VECTOR('',#4999,10.);
#1467=VECTOR('',#5002,10.);
#1468=VECTOR('',#5003,10.);
#1469=VECTOR('',#5004,10.);
#1470=VECTOR('',#5007,10.);
#1471=VECTOR('',#5008,10.);
#1472=VECTOR('',#5009,10.);
#1473=VECTOR('',#5012,10.);
#1474=VECTOR('',#5013,10.);
#1475=VECTOR('',#5014,10.);
#1476=VECTOR('',#5017,10.);
#1477=VECTOR('',#5018,10.);
#1478=VECTOR('',#5019,10.);
#1479=VECTOR('',#5020,10.);
#1480=VECTOR('',#5021,10.);
#1481=VECTOR('',#5022,10.);
#1482=VECTOR('',#5023,10.);
#1483=VECTOR('',#5026,10.);
#1484=VECTOR('',#5027,10.);
#1485=VECTOR('',#5028,10.);
#1486=VECTOR('',#5033,10.);
#1487=VECTOR('',#5034,10.);
#1488=VECTOR('',#5035,10.);
#1489=VECTOR('',#5036,10.);
#1490=VECTOR('',#5039,10.);
#1491=VECTOR('',#5040,10.);
#1492=VECTOR('',#5041,10.);
#1493=VECTOR('',#5044,10.);
#1494=VECTOR('',#5045,10.);
#1495=VECTOR('',#5046,10.);
#1496=VECTOR('',#5049,10.);
#1497=VECTOR('',#5050,10.);
#1498=VECTOR('',#5055,10.);
#1499=VECTOR('',#5056,10.);
#1500=VECTOR('',#5057,10.);
#1501=VECTOR('',#5058,10.);
#1502=VECTOR('',#5059,10.);
#1503=VECTOR('',#5060,10.);
#1504=VECTOR('',#5061,10.);
#1505=VECTOR('',#5062,10.);
#1506=VECTOR('',#5063,10.);
#1507=VECTOR('',#5066,10.);
#1508=VECTOR('',#5067,10.);
#1509=VECTOR('',#5068,10.);
#1510=VECTOR('',#5071,10.);
#1511=VECTOR('',#5072,10.);
#1512=VECTOR('',#5073,10.);
#1513=VECTOR('',#5076,10.);
#1514=VECTOR('',#5077,10.);
#1515=VECTOR('',#5078,10.);
#1516=VECTOR('',#5079,10.);
#1517=VECTOR('',#5080,10.);
#1518=VECTOR('',#5081,10.);
#1519=VECTOR('',#5082,10.);
#1520=VECTOR('',#5083,10.);
#1521=VECTOR('',#5086,10.);
#1522=VECTOR('',#5087,10.);
#1523=VECTOR('',#5088,10.);
#1524=VECTOR('',#5091,10.);
#1525=VECTOR('',#5092,10.);
#1526=VECTOR('',#5093,10.);
#1527=VECTOR('',#5096,10.);
#1528=VECTOR('',#5097,10.);
#1529=VECTOR('',#5098,10.);
#1530=VECTOR('',#5099,10.);
#1531=VECTOR('',#5100,10.);
#1532=VECTOR('',#5101,10.);
#1533=VECTOR('',#5102,10.);
#1534=VECTOR('',#5103,10.);
#1535=VECTOR('',#5104,10.);
#1536=VECTOR('',#5105,10.);
#1537=VECTOR('',#5108,10.);
#1538=VECTOR('',#5109,10.);
#1539=VECTOR('',#5110,10.);
#1540=VECTOR('',#5113,10.);
#1541=VECTOR('',#5114,10.);
#1542=VECTOR('',#5115,10.);
#1543=VECTOR('',#5118,10.);
#1544=VECTOR('',#5119,10.);
#1545=VECTOR('',#5120,10.);
#1546=VECTOR('',#5123,10.);
#1547=VECTOR('',#5124,10.);
#1548=VECTOR('',#5127,10.);
#1549=VECTOR('',#5128,10.);
#1550=VECTOR('',#5129,10.);
#1551=VECTOR('',#5130,10.);
#1552=VECTOR('',#5133,10.);
#1553=VECTOR('',#5134,10.);
#1554=VECTOR('',#5135,10.);
#1555=VECTOR('',#5138,10.);
#1556=VECTOR('',#5139,10.);
#1557=VECTOR('',#5140,10.);
#1558=VECTOR('',#5143,10.);
#1559=VECTOR('',#5144,10.);
#1560=VECTOR('',#5145,10.);
#1561=VECTOR('',#5148,10.);
#1562=VECTOR('',#5149,10.);
#1563=VECTOR('',#5150,10.);
#1564=VECTOR('',#5153,10.);
#1565=VECTOR('',#5154,10.);
#1566=VECTOR('',#5155,10.);
#1567=VECTOR('',#5158,10.);
#1568=VECTOR('',#5159,10.);
#1569=VECTOR('',#5160,10.);
#1570=VECTOR('',#5163,10.);
#1571=VECTOR('',#5164,10.);
#1572=VECTOR('',#5165,10.);
#1573=VECTOR('',#5168,10.);
#1574=VECTOR('',#5169,10.);
#1575=VECTOR('',#5170,10.);
#1576=VECTOR('',#5173,10.);
#1577=VECTOR('',#5174,10.);
#1578=VECTOR('',#5175,10.);
#1579=VECTOR('',#5178,10.);
#1580=VECTOR('',#5179,10.);
#1581=VECTOR('',#5180,10.);
#1582=VECTOR('',#5183,10.);
#1583=VECTOR('',#5184,10.);
#1584=VECTOR('',#5185,10.);
#1585=VECTOR('',#5186,10.);
#1586=VECTOR('',#5187,10.);
#1587=VECTOR('',#5188,10.);
#1588=VECTOR('',#5189,10.);
#1589=VECTOR('',#5192,10.);
#1590=VECTOR('',#5193,10.);
#1591=VECTOR('',#5194,10.);
#1592=VECTOR('',#5197,10.);
#1593=VECTOR('',#5198,10.);
#1594=VECTOR('',#5199,10.);
#1595=VECTOR('',#5200,10.);
#1596=VECTOR('',#5201,10.);
#1597=VECTOR('',#5202,10.);
#1598=VECTOR('',#5203,10.);
#1599=VECTOR('',#5204,10.);
#1600=VECTOR('',#5205,10.);
#1601=VECTOR('',#5206,10.);
#1602=VECTOR('',#5209,10.);
#1603=VECTOR('',#5210,10.);
#1604=VECTOR('',#5213,10.);
#1605=VECTOR('',#5214,10.);
#1606=VECTOR('',#5215,10.);
#1607=VECTOR('',#5216,10.);
#1608=VECTOR('',#5217,10.);
#1609=VECTOR('',#5218,10.);
#1610=VECTOR('',#5221,10.);
#1611=VECTOR('',#5222,10.);
#1612=VECTOR('',#5223,10.);
#1613=VECTOR('',#5224,10.);
#1614=VECTOR('',#5225,10.);
#1615=VECTOR('',#5226,10.);
#1616=VECTOR('',#5227,10.);
#1617=VECTOR('',#5228,10.);
#1618=VECTOR('',#5229,10.);
#1619=VECTOR('',#5230,10.);
#1620=VECTOR('',#5233,10.);
#1621=VECTOR('',#5234,10.);
#1622=VECTOR('',#5235,10.);
#1623=VECTOR('',#5236,10.);
#1624=VECTOR('',#5237,10.);
#1625=VECTOR('',#5238,10.);
#1626=VECTOR('',#5239,10.);
#1627=VECTOR('',#5240,10.);
#1628=VECTOR('',#5241,10.);
#1629=VECTOR('',#5242,10.);
#1630=VECTOR('',#5243,10.);
#1631=VECTOR('',#5244,10.);
#1632=VECTOR('',#5245,10.);
#1633=VECTOR('',#5246,10.);
#1634=VECTOR('',#5247,10.);
#1635=VECTOR('',#5248,10.);
#1636=VECTOR('',#5249,10.);
#1637=VECTOR('',#5254,10.);
#1638=VECTOR('',#5255,10.);
#1639=VECTOR('',#5256,10.);
#1640=VECTOR('',#5257,10.);
#1641=VECTOR('',#5260,10.);
#1642=VECTOR('',#5261,10.);
#1643=VECTOR('',#5262,10.);
#1644=VECTOR('',#5265,10.);
#1645=VECTOR('',#5266,10.);
#1646=VECTOR('',#5267,10.);
#1647=VECTOR('',#5270,10.);
#1648=VECTOR('',#5271,10.);
#1649=VECTOR('',#5274,10.);
#1650=VECTOR('',#5275,10.);
#1651=VECTOR('',#5276,10.);
#1652=VECTOR('',#5277,10.);
#1653=VECTOR('',#5280,10.);
#1654=VECTOR('',#5281,10.);
#1655=VECTOR('',#5282,10.);
#1656=VECTOR('',#5283,10.);
#1657=VECTOR('',#5284,10.);
#1658=VECTOR('',#5285,10.);
#1659=VECTOR('',#5286,10.);
#1660=VECTOR('',#5289,10.);
#1661=VECTOR('',#5290,10.);
#1662=VECTOR('',#5291,10.);
#1663=VECTOR('',#5292,10.);
#1664=VECTOR('',#5293,10.);
#1665=VECTOR('',#5294,10.);
#1666=VECTOR('',#5295,10.);
#1667=VECTOR('',#5296,10.);
#1668=VECTOR('',#5297,10.);
#1669=VECTOR('',#5298,10.);
#1670=VECTOR('',#5299,10.);
#1671=VECTOR('',#5300,10.);
#1672=VECTOR('',#5303,10.);
#1673=VECTOR('',#5304,10.);
#1674=VECTOR('',#5305,10.);
#1675=VECTOR('',#5310,10.);
#1676=VECTOR('',#5311,10.);
#1677=VECTOR('',#5312,10.);
#1678=VECTOR('',#5313,10.);
#1679=VECTOR('',#5314,10.);
#1680=VECTOR('',#5315,10.);
#1681=VECTOR('',#5316,10.);
#1682=VECTOR('',#5317,10.);
#1683=VECTOR('',#5318,10.);
#1684=VECTOR('',#5321,10.);
#1685=VECTOR('',#5322,10.);
#1686=VECTOR('',#5323,10.);
#1687=VECTOR('',#5326,10.);
#1688=VECTOR('',#5327,10.);
#1689=VECTOR('',#5328,10.);
#1690=VECTOR('',#5331,10.);
#1691=VECTOR('',#5332,10.);
#1692=VECTOR('',#5333,10.);
#1693=VECTOR('',#5334,10.);
#1694=VECTOR('',#5335,10.);
#1695=VECTOR('',#5336,10.);
#1696=VECTOR('',#5337,10.);
#1697=VECTOR('',#5338,10.);
#1698=VECTOR('',#5341,10.);
#1699=VECTOR('',#5342,10.);
#1700=VECTOR('',#5343,10.);
#1701=VECTOR('',#5346,10.);
#1702=VECTOR('',#5347,10.);
#1703=VECTOR('',#5348,10.);
#1704=VECTOR('',#5351,10.);
#1705=VECTOR('',#5352,10.);
#1706=VECTOR('',#5353,10.);
#1707=VECTOR('',#5356,10.);
#1708=VECTOR('',#5357,10.);
#1709=VECTOR('',#5362,10.);
#1710=VECTOR('',#5363,10.);
#1711=VECTOR('',#5364,10.);
#1712=VECTOR('',#5365,10.);
#1713=VECTOR('',#5368,10.);
#1714=VECTOR('',#5369,10.);
#1715=VECTOR('',#5370,10.);
#1716=VECTOR('',#5373,10.);
#1717=VECTOR('',#5374,10.);
#1718=VECTOR('',#5375,10.);
#1719=VECTOR('',#5378,10.);
#1720=VECTOR('',#5379,10.);
#1721=VECTOR('',#5382,10.);
#1722=VECTOR('',#5383,10.);
#1723=VECTOR('',#5384,10.);
#1724=VECTOR('',#5385,10.);
#1725=VECTOR('',#5386,10.);
#1726=VECTOR('',#5387,10.);
#1727=VECTOR('',#5388,10.);
#1728=VECTOR('',#5389,10.);
#1729=VECTOR('',#5392,10.);
#1730=VECTOR('',#5393,10.);
#1731=VECTOR('',#5394,10.);
#1732=VECTOR('',#5395,10.);
#1733=VECTOR('',#5396,10.);
#1734=VECTOR('',#5397,10.);
#1735=VECTOR('',#5398,10.);
#1736=VECTOR('',#5399,10.);
#1737=VECTOR('',#5400,10.);
#1738=VECTOR('',#5401,10.);
#1739=VECTOR('',#5402,10.);
#1740=VECTOR('',#5403,10.);
#1741=VECTOR('',#5404,10.);
#1742=VECTOR('',#5405,10.);
#1743=VECTOR('',#5408,10.);
#1744=VECTOR('',#5409,10.);
#1745=VECTOR('',#5410,10.);
#1746=VECTOR('',#5413,10.);
#1747=VECTOR('',#5414,10.);
#1748=VECTOR('',#5415,10.);
#1749=VECTOR('',#5418,10.);
#1750=VECTOR('',#5419,10.);
#1751=VECTOR('',#5420,10.);
#1752=VECTOR('',#5423,10.);
#1753=VECTOR('',#5424,10.);
#1754=VECTOR('',#5429,10.);
#1755=VECTOR('',#5430,10.);
#1756=VECTOR('',#5431,10.);
#1757=VECTOR('',#5432,10.);
#1758=VECTOR('',#5433,10.);
#1759=VECTOR('',#5450,10.);
#1760=VECTOR('',#5463,10.);
#1761=VECTOR('',#5476,10.);
#1762=VECTOR('',#5477,10.);
#1763=VECTOR('',#5480,10.);
#1764=VECTOR('',#5481,10.);
#1765=VECTOR('',#5494,10.);
#1766=VECTOR('',#5495,10.);
#1767=VECTOR('',#5498,10.);
#1768=VECTOR('',#5499,10.);
#1769=VECTOR('',#5502,10.);
#1770=VECTOR('',#5503,10.);
#1771=VECTOR('',#5506,10.);
#1772=VECTOR('',#5509,10.);
#1773=VECTOR('',#5510,10.);
#1774=VECTOR('',#5513,10.);
#1775=VECTOR('',#5516,10.);
#1776=VECTOR('',#5519,10.);
#1777=VECTOR('',#5524,10.);
#1778=VECTOR('',#5529,10.);
#1779=VECTOR('',#5530,10.);
#1780=VECTOR('',#5531,10.);
#1781=VECTOR('',#5532,10.);
#1782=VECTOR('',#5537,10.);
#1783=VECTOR('',#5538,10.);
#1784=VECTOR('',#5541,10.);
#1785=VECTOR('',#5542,10.);
#1786=VECTOR('',#5547,10.);
#1787=VECTOR('',#5550,10.);
#1788=VECTOR('',#5551,10.);
#1789=VECTOR('',#5556,10.);
#1790=VECTOR('',#5559,10.);
#1791=VECTOR('',#5560,10.);
#1792=VECTOR('',#5565,10.);
#1793=VECTOR('',#5568,10.);
#1794=VECTOR('',#5573,5.);
#1795=VECTOR('',#5576,10.);
#1796=VECTOR('',#5577,10.);
#1797=VECTOR('',#5578,10.);
#1798=VECTOR('',#5581,10.);
#1799=VECTOR('',#5582,10.);
#1800=VECTOR('',#5585,10.);
#1801=VECTOR('',#5586,10.);
#1802=VECTOR('',#5589,10.);
#1803=VECTOR('',#5592,10.);
#1804=VERTEX_POINT('',#5601);
#1805=VERTEX_POINT('',#5602);
#1806=VERTEX_POINT('',#5604);
#1807=VERTEX_POINT('',#5606);
#1808=VERTEX_POINT('',#5610);
#1809=VERTEX_POINT('',#5612);
#1810=VERTEX_POINT('',#5616);
#1811=VERTEX_POINT('',#5618);
#1812=VERTEX_POINT('',#5626);
#1813=VERTEX_POINT('',#5627);
#1814=VERTEX_POINT('',#5629);
#1815=VERTEX_POINT('',#5631);
#1816=VERTEX_POINT('',#5635);
#1817=VERTEX_POINT('',#5637);
#1818=VERTEX_POINT('',#5641);
#1819=VERTEX_POINT('',#5643);
#1820=VERTEX_POINT('',#5651);
#1821=VERTEX_POINT('',#5652);
#1822=VERTEX_POINT('',#5654);
#1823=VERTEX_POINT('',#5656);
#1824=VERTEX_POINT('',#5669);
#1825=VERTEX_POINT('',#5675);
#1826=VERTEX_POINT('',#5692);
#1827=VERTEX_POINT('',#5698);
#1828=VERTEX_POINT('',#5715);
#1829=VERTEX_POINT('',#5721);
#1830=VERTEX_POINT('',#5738);
#1831=VERTEX_POINT('',#5744);
#1832=VERTEX_POINT('',#5752);
#1833=VERTEX_POINT('',#5754);
#1834=VERTEX_POINT('',#5767);
#1835=VERTEX_POINT('',#5773);
#1836=VERTEX_POINT('',#5790);
#1837=VERTEX_POINT('',#5796);
#1838=VERTEX_POINT('',#5813);
#1839=VERTEX_POINT('',#5819);
#1840=VERTEX_POINT('',#5827);
#1841=VERTEX_POINT('',#5829);
#1842=VERTEX_POINT('',#5833);
#1843=VERTEX_POINT('',#5835);
#1844=VERTEX_POINT('',#5839);
#1845=VERTEX_POINT('',#5841);
#1846=VERTEX_POINT('',#5849);
#1847=VERTEX_POINT('',#5850);
#1848=VERTEX_POINT('',#5852);
#1849=VERTEX_POINT('',#5854);
#1850=VERTEX_POINT('',#5858);
#1851=VERTEX_POINT('',#5860);
#1852=VERTEX_POINT('',#5864);
#1853=VERTEX_POINT('',#5866);
#1854=VERTEX_POINT('',#5883);
#1855=VERTEX_POINT('',#5884);
#1856=VERTEX_POINT('',#5890);
#1857=VERTEX_POINT('',#5892);
#1858=VERTEX_POINT('',#5909);
#1859=VERTEX_POINT('',#5915);
#1860=VERTEX_POINT('',#5932);
#1861=VERTEX_POINT('',#5938);
#1862=VERTEX_POINT('',#5946);
#1863=VERTEX_POINT('',#5948);
#1864=VERTEX_POINT('',#5952);
#1865=VERTEX_POINT('',#5954);
#1866=VERTEX_POINT('',#5958);
#1867=VERTEX_POINT('',#5960);
#1868=VERTEX_POINT('',#5964);
#1869=VERTEX_POINT('',#5966);
#1870=VERTEX_POINT('',#5970);
#1871=VERTEX_POINT('',#5972);
#1872=VERTEX_POINT('',#5976);
#1873=VERTEX_POINT('',#5978);
#1874=VERTEX_POINT('',#5982);
#1875=VERTEX_POINT('',#5984);
#1876=VERTEX_POINT('',#5988);
#1877=VERTEX_POINT('',#5990);
#1878=VERTEX_POINT('',#5994);
#1879=VERTEX_POINT('',#5996);
#1880=VERTEX_POINT('',#6000);
#1881=VERTEX_POINT('',#6002);
#1882=VERTEX_POINT('',#6006);
#1883=VERTEX_POINT('',#6008);
#1884=VERTEX_POINT('',#6021);
#1885=VERTEX_POINT('',#6027);
#1886=VERTEX_POINT('',#6044);
#1887=VERTEX_POINT('',#6050);
#1888=VERTEX_POINT('',#6067);
#1889=VERTEX_POINT('',#6073);
#1890=VERTEX_POINT('',#6090);
#1891=VERTEX_POINT('',#6096);
#1892=VERTEX_POINT('',#6104);
#1893=VERTEX_POINT('',#6106);
#1894=VERTEX_POINT('',#6131);
#1895=VERTEX_POINT('',#6132);
#1896=VERTEX_POINT('',#6134);
#1897=VERTEX_POINT('',#6136);
#1898=VERTEX_POINT('',#6140);
#1899=VERTEX_POINT('',#6142);
#1900=VERTEX_POINT('',#6146);
#1901=VERTEX_POINT('',#6148);
#1902=VERTEX_POINT('',#6156);
#1903=VERTEX_POINT('',#6157);
#1904=VERTEX_POINT('',#6159);
#1905=VERTEX_POINT('',#6161);
#1906=VERTEX_POINT('',#6174);
#1907=VERTEX_POINT('',#6180);
#1908=VERTEX_POINT('',#6197);
#1909=VERTEX_POINT('',#6203);
#1910=VERTEX_POINT('',#6220);
#1911=VERTEX_POINT('',#6226);
#1912=VERTEX_POINT('',#6243);
#1913=VERTEX_POINT('',#6249);
#1914=VERTEX_POINT('',#6266);
#1915=VERTEX_POINT('',#6272);
#1916=VERTEX_POINT('',#6280);
#1917=VERTEX_POINT('',#6282);
#1918=VERTEX_POINT('',#6286);
#1919=VERTEX_POINT('',#6288);
#1920=VERTEX_POINT('',#6292);
#1921=VERTEX_POINT('',#6294);
#1922=VERTEX_POINT('',#6307);
#1923=VERTEX_POINT('',#6313);
#1924=VERTEX_POINT('',#6330);
#1925=VERTEX_POINT('',#6336);
#1926=VERTEX_POINT('',#6353);
#1927=VERTEX_POINT('',#6359);
#1928=VERTEX_POINT('',#6376);
#1929=VERTEX_POINT('',#6382);
#1930=VERTEX_POINT('',#6399);
#1931=VERTEX_POINT('',#6405);
#1932=VERTEX_POINT('',#6413);
#1933=VERTEX_POINT('',#6415);
#1934=VERTEX_POINT('',#6419);
#1935=VERTEX_POINT('',#6421);
#1936=VERTEX_POINT('',#6425);
#1937=VERTEX_POINT('',#6427);
#1938=VERTEX_POINT('',#6440);
#1939=VERTEX_POINT('',#6446);
#1940=VERTEX_POINT('',#6463);
#1941=VERTEX_POINT('',#6469);
#1942=VERTEX_POINT('',#6486);
#1943=VERTEX_POINT('',#6492);
#1944=VERTEX_POINT('',#6509);
#1945=VERTEX_POINT('',#6515);
#1946=VERTEX_POINT('',#6532);
#1947=VERTEX_POINT('',#6538);
#1948=VERTEX_POINT('',#6555);
#1949=VERTEX_POINT('',#6561);
#1950=VERTEX_POINT('',#6578);
#1951=VERTEX_POINT('',#6584);
#1952=VERTEX_POINT('',#6592);
#1953=VERTEX_POINT('',#6594);
#1954=VERTEX_POINT('',#6598);
#1955=VERTEX_POINT('',#6600);
#1956=VERTEX_POINT('',#6604);
#1957=VERTEX_POINT('',#6606);
#1958=VERTEX_POINT('',#6623);
#1959=VERTEX_POINT('',#6624);
#1960=VERTEX_POINT('',#6630);
#1961=VERTEX_POINT('',#6632);
#1962=VERTEX_POINT('',#6649);
#1963=VERTEX_POINT('',#6655);
#1964=VERTEX_POINT('',#6672);
#1965=VERTEX_POINT('',#6678);
#1966=VERTEX_POINT('',#6686);
#1967=VERTEX_POINT('',#6688);
#1968=VERTEX_POINT('',#6692);
#1969=VERTEX_POINT('',#6694);
#1970=VERTEX_POINT('',#6698);
#1971=VERTEX_POINT('',#6700);
#1972=VERTEX_POINT('',#6704);
#1973=VERTEX_POINT('',#6706);
#1974=VERTEX_POINT('',#6710);
#1975=VERTEX_POINT('',#6712);
#1976=VERTEX_POINT('',#6716);
#1977=VERTEX_POINT('',#6718);
#1978=VERTEX_POINT('',#6722);
#1979=VERTEX_POINT('',#6724);
#1980=VERTEX_POINT('',#6728);
#1981=VERTEX_POINT('',#6730);
#1982=VERTEX_POINT('',#6734);
#1983=VERTEX_POINT('',#6736);
#1984=VERTEX_POINT('',#6740);
#1985=VERTEX_POINT('',#6742);
#1986=VERTEX_POINT('',#6746);
#1987=VERTEX_POINT('',#6748);
#1988=VERTEX_POINT('',#6761);
#1989=VERTEX_POINT('',#6767);
#1990=VERTEX_POINT('',#6784);
#1991=VERTEX_POINT('',#6790);
#1992=VERTEX_POINT('',#6807);
#1993=VERTEX_POINT('',#6813);
#1994=VERTEX_POINT('',#6830);
#1995=VERTEX_POINT('',#6836);
#1996=VERTEX_POINT('',#6844);
#1997=VERTEX_POINT('',#6846);
#1998=VERTEX_POINT('',#6880);
#1999=VERTEX_POINT('',#6881);
#2000=VERTEX_POINT('',#6887);
#2001=VERTEX_POINT('',#6889);
#2002=VERTEX_POINT('',#6906);
#2003=VERTEX_POINT('',#6912);
#2004=VERTEX_POINT('',#6929);
#2005=VERTEX_POINT('',#6935);
#2006=VERTEX_POINT('',#6952);
#2007=VERTEX_POINT('',#6958);
#2008=VERTEX_POINT('',#6975);
#2009=VERTEX_POINT('',#6981);
#2010=VERTEX_POINT('',#6998);
#2011=VERTEX_POINT('',#7004);
#2012=VERTEX_POINT('',#7021);
#2013=VERTEX_POINT('',#7027);
#2014=VERTEX_POINT('',#7044);
#2015=VERTEX_POINT('',#7050);
#2016=VERTEX_POINT('',#7067);
#2017=VERTEX_POINT('',#7073);
#2018=VERTEX_POINT('',#7084);
#2019=VERTEX_POINT('',#7085);
#2020=VERTEX_POINT('',#7087);
#2021=VERTEX_POINT('',#7089);
#2022=VERTEX_POINT('',#7102);
#2023=VERTEX_POINT('',#7108);
#2024=VERTEX_POINT('',#7125);
#2025=VERTEX_POINT('',#7131);
#2026=VERTEX_POINT('',#7139);
#2027=VERTEX_POINT('',#7141);
#2028=VERTEX_POINT('',#7154);
#2029=VERTEX_POINT('',#7160);
#2030=VERTEX_POINT('',#7177);
#2031=VERTEX_POINT('',#7183);
#2032=VERTEX_POINT('',#7200);
#2033=VERTEX_POINT('',#7206);
#2034=VERTEX_POINT('',#7223);
#2035=VERTEX_POINT('',#7229);
#2036=VERTEX_POINT('',#7246);
#2037=VERTEX_POINT('',#7252);
#2038=VERTEX_POINT('',#7269);
#2039=VERTEX_POINT('',#7275);
#2040=VERTEX_POINT('',#7292);
#2041=VERTEX_POINT('',#7298);
#2042=VERTEX_POINT('',#7306);
#2043=VERTEX_POINT('',#7308);
#2044=VERTEX_POINT('',#7321);
#2045=VERTEX_POINT('',#7327);
#2046=VERTEX_POINT('',#7344);
#2047=VERTEX_POINT('',#7350);
#2048=VERTEX_POINT('',#7367);
#2049=VERTEX_POINT('',#7373);
#2050=VERTEX_POINT('',#7390);
#2051=VERTEX_POINT('',#7396);
#2052=VERTEX_POINT('',#7413);
#2053=VERTEX_POINT('',#7419);
#2054=VERTEX_POINT('',#7436);
#2055=VERTEX_POINT('',#7442);
#2056=VERTEX_POINT('',#7459);
#2057=VERTEX_POINT('',#7465);
#2058=VERTEX_POINT('',#7482);
#2059=VERTEX_POINT('',#7488);
#2060=VERTEX_POINT('',#7505);
#2061=VERTEX_POINT('',#7511);
#2062=VERTEX_POINT('',#7528);
#2063=VERTEX_POINT('',#7534);
#2064=VERTEX_POINT('',#7551);
#2065=VERTEX_POINT('',#7557);
#2066=VERTEX_POINT('',#7574);
#2067=VERTEX_POINT('',#7580);
#2068=VERTEX_POINT('',#7597);
#2069=VERTEX_POINT('',#7603);
#2070=VERTEX_POINT('',#7620);
#2071=VERTEX_POINT('',#7626);
#2072=VERTEX_POINT('',#7655);
#2073=VERTEX_POINT('',#7656);
#2074=VERTEX_POINT('',#7658);
#2075=VERTEX_POINT('',#7660);
#2076=VERTEX_POINT('',#7664);
#2077=VERTEX_POINT('',#7666);
#2078=VERTEX_POINT('',#7670);
#2079=VERTEX_POINT('',#7672);
#2080=VERTEX_POINT('',#7689);
#2081=VERTEX_POINT('',#7690);
#2082=VERTEX_POINT('',#7696);
#2083=VERTEX_POINT('',#7698);
#2084=VERTEX_POINT('',#7715);
#2085=VERTEX_POINT('',#7721);
#2086=VERTEX_POINT('',#7738);
#2087=VERTEX_POINT('',#7744);
#2088=VERTEX_POINT('',#7752);
#2089=VERTEX_POINT('',#7754);
#2090=VERTEX_POINT('',#7787);
#2091=VERTEX_POINT('',#7788);
#2092=VERTEX_POINT('',#7794);
#2093=VERTEX_POINT('',#7796);
#2094=VERTEX_POINT('',#7813);
#2095=VERTEX_POINT('',#7819);
#2096=VERTEX_POINT('',#7836);
#2097=VERTEX_POINT('',#7842);
#2098=VERTEX_POINT('',#7850);
#2099=VERTEX_POINT('',#7852);
#2100=VERTEX_POINT('',#7865);
#2101=VERTEX_POINT('',#7871);
#2102=VERTEX_POINT('',#7888);
#2103=VERTEX_POINT('',#7894);
#2104=VERTEX_POINT('',#7911);
#2105=VERTEX_POINT('',#7917);
#2106=VERTEX_POINT('',#7934);
#2107=VERTEX_POINT('',#7940);
#2108=VERTEX_POINT('',#7957);
#2109=VERTEX_POINT('',#7963);
#2110=VERTEX_POINT('',#7980);
#2111=VERTEX_POINT('',#7986);
#2112=VERTEX_POINT('',#8003);
#2113=VERTEX_POINT('',#8009);
#2114=VERTEX_POINT('',#8026);
#2115=VERTEX_POINT('',#8032);
#2116=VERTEX_POINT('',#8049);
#2117=VERTEX_POINT('',#8055);
#2118=VERTEX_POINT('',#8063);
#2119=VERTEX_POINT('',#8065);
#2120=VERTEX_POINT('',#8090);
#2121=VERTEX_POINT('',#8091);
#2122=VERTEX_POINT('',#8093);
#2123=VERTEX_POINT('',#8095);
#2124=VERTEX_POINT('',#8108);
#2125=VERTEX_POINT('',#8114);
#2126=VERTEX_POINT('',#8131);
#2127=VERTEX_POINT('',#8137);
#2128=VERTEX_POINT('',#8154);
#2129=VERTEX_POINT('',#8160);
#2130=VERTEX_POINT('',#8177);
#2131=VERTEX_POINT('',#8183);
#2132=VERTEX_POINT('',#8200);
#2133=VERTEX_POINT('',#8206);
#2134=VERTEX_POINT('',#8214);
#2135=VERTEX_POINT('',#8216);
#2136=VERTEX_POINT('',#8220);
#2137=VERTEX_POINT('',#8222);
#2138=VERTEX_POINT('',#8226);
#2139=VERTEX_POINT('',#8228);
#2140=VERTEX_POINT('',#8241);
#2141=VERTEX_POINT('',#8247);
#2142=VERTEX_POINT('',#8264);
#2143=VERTEX_POINT('',#8270);
#2144=VERTEX_POINT('',#8287);
#2145=VERTEX_POINT('',#8293);
#2146=VERTEX_POINT('',#8310);
#2147=VERTEX_POINT('',#8316);
#2148=VERTEX_POINT('',#8333);
#2149=VERTEX_POINT('',#8339);
#2150=VERTEX_POINT('',#8347);
#2151=VERTEX_POINT('',#8349);
#2152=VERTEX_POINT('',#8353);
#2153=VERTEX_POINT('',#8355);
#2154=VERTEX_POINT('',#8359);
#2155=VERTEX_POINT('',#8361);
#2156=VERTEX_POINT('',#8369);
#2157=VERTEX_POINT('',#8370);
#2158=VERTEX_POINT('',#8372);
#2159=VERTEX_POINT('',#8374);
#2160=VERTEX_POINT('',#8378);
#2161=VERTEX_POINT('',#8380);
#2162=VERTEX_POINT('',#8384);
#2163=VERTEX_POINT('',#8386);
#2164=VERTEX_POINT('',#8403);
#2165=VERTEX_POINT('',#8404);
#2166=VERTEX_POINT('',#8410);
#2167=VERTEX_POINT('',#8412);
#2168=VERTEX_POINT('',#8429);
#2169=VERTEX_POINT('',#8435);
#2170=VERTEX_POINT('',#8452);
#2171=VERTEX_POINT('',#8458);
#2172=VERTEX_POINT('',#8475);
#2173=VERTEX_POINT('',#8481);
#2174=VERTEX_POINT('',#8498);
#2175=VERTEX_POINT('',#8504);
#2176=VERTEX_POINT('',#8521);
#2177=VERTEX_POINT('',#8527);
#2178=VERTEX_POINT('',#8544);
#2179=VERTEX_POINT('',#8550);
#2180=VERTEX_POINT('',#8578);
#2181=VERTEX_POINT('',#8579);
#2182=VERTEX_POINT('',#8581);
#2183=VERTEX_POINT('',#8583);
#2184=VERTEX_POINT('',#8596);
#2185=VERTEX_POINT('',#8602);
#2186=VERTEX_POINT('',#8619);
#2187=VERTEX_POINT('',#8625);
#2188=VERTEX_POINT('',#8642);
#2189=VERTEX_POINT('',#8648);
#2190=VERTEX_POINT('',#8665);
#2191=VERTEX_POINT('',#8671);
#2192=VERTEX_POINT('',#8688);
#2193=VERTEX_POINT('',#8694);
#2194=VERTEX_POINT('',#8711);
#2195=VERTEX_POINT('',#8717);
#2196=VERTEX_POINT('',#8734);
#2197=VERTEX_POINT('',#8740);
#2198=VERTEX_POINT('',#8757);
#2199=VERTEX_POINT('',#8763);
#2200=VERTEX_POINT('',#8780);
#2201=VERTEX_POINT('',#8786);
#2202=VERTEX_POINT('',#8803);
#2203=VERTEX_POINT('',#8809);
#2204=VERTEX_POINT('',#8817);
#2205=VERTEX_POINT('',#8819);
#2206=VERTEX_POINT('',#8823);
#2207=VERTEX_POINT('',#8825);
#2208=VERTEX_POINT('',#8829);
#2209=VERTEX_POINT('',#8831);
#2210=VERTEX_POINT('',#8839);
#2211=VERTEX_POINT('',#8840);
#2212=VERTEX_POINT('',#8842);
#2213=VERTEX_POINT('',#8845);
#2214=VERTEX_POINT('',#8851);
#2215=VERTEX_POINT('',#8852);
#2216=VERTEX_POINT('',#8857);
#2217=VERTEX_POINT('',#8861);
#2218=VERTEX_POINT('',#8863);
#2219=VERTEX_POINT('',#8867);
#2220=VERTEX_POINT('',#8871);
#2221=VERTEX_POINT('',#8872);
#2222=VERTEX_POINT('',#8874);
#2223=VERTEX_POINT('',#8878);
#2224=VERTEX_POINT('',#8879);
#2225=VERTEX_POINT('',#8887);
#2226=VERTEX_POINT('',#8888);
#2227=VERTEX_POINT('',#8890);
#2228=VERTEX_POINT('',#8894);
#2229=VERTEX_POINT('',#8895);
#2230=VERTEX_POINT('',#8909);
#2231=VERTEX_POINT('',#8910);
#2232=VERTEX_POINT('',#8912);
#2233=VERTEX_POINT('',#8914);
#2234=VERTEX_POINT('',#8916);
#2235=VERTEX_POINT('',#8918);
#2236=VERTEX_POINT('',#8920);
#2237=VERTEX_POINT('',#8922);
#2238=VERTEX_POINT('',#8927);
#2239=VERTEX_POINT('',#8930);
#2240=VERTEX_POINT('',#8931);
#2241=VERTEX_POINT('',#8933);
#2242=VERTEX_POINT('',#8935);
#2243=VERTEX_POINT('',#8939);
#2244=VERTEX_POINT('',#8940);
#2245=VERTEX_POINT('',#8945);
#2246=VERTEX_POINT('',#8949);
#2247=VERTEX_POINT('',#8953);
#2248=VERTEX_POINT('',#8957);
#2249=VERTEX_POINT('',#8961);
#2250=VERTEX_POINT('',#8965);
#2251=VERTEX_POINT('',#8971);
#2252=VERTEX_POINT('',#8975);
#2253=VERTEX_POINT('',#8976);
#2254=VERTEX_POINT('',#8981);
#2255=VERTEX_POINT('',#8985);
#2256=EDGE_CURVE('',#1804,#1805,#958,.T.);
#2257=EDGE_CURVE('',#1804,#1806,#959,.T.);
#2258=EDGE_CURVE('',#1806,#1807,#960,.T.);
#2259=EDGE_CURVE('',#1805,#1807,#961,.T.);
#2260=EDGE_CURVE('',#1808,#1804,#962,.T.);
#2261=EDGE_CURVE('',#1808,#1809,#963,.T.);
#2262=EDGE_CURVE('',#1809,#1806,#964,.T.);
#2263=EDGE_CURVE('',#1810,#1808,#965,.T.);
#2264=EDGE_CURVE('',#1810,#1811,#966,.T.);
#2265=EDGE_CURVE('',#1811,#1809,#967,.T.);
#2266=EDGE_CURVE('',#1805,#1810,#968,.T.);
#2267=EDGE_CURVE('',#1807,#1811,#969,.T.);
#2268=EDGE_CURVE('',#1812,#1813,#970,.T.);
#2269=EDGE_CURVE('',#1812,#1814,#971,.T.);
#2270=EDGE_CURVE('',#1814,#1815,#972,.T.);
#2271=EDGE_CURVE('',#1813,#1815,#973,.T.);
#2272=EDGE_CURVE('',#1816,#1812,#974,.T.);
#2273=EDGE_CURVE('',#1816,#1817,#975,.T.);
#2274=EDGE_CURVE('',#1817,#1814,#976,.T.);
#2275=EDGE_CURVE('',#1818,#1816,#977,.T.);
#2276=EDGE_CURVE('',#1818,#1819,#978,.T.);
#2277=EDGE_CURVE('',#1819,#1817,#979,.T.);
#2278=EDGE_CURVE('',#1813,#1818,#980,.T.);
#2279=EDGE_CURVE('',#1815,#1819,#981,.T.);
#2280=EDGE_CURVE('',#1820,#1821,#982,.T.);
#2281=EDGE_CURVE('',#1820,#1822,#983,.T.);
#2282=EDGE_CURVE('',#1822,#1823,#984,.T.);
#2283=EDGE_CURVE('',#1821,#1823,#985,.T.);
#2284=EDGE_CURVE('',#1824,#1820,#79,.T.);
#2285=EDGE_CURVE('',#1824,#1825,#986,.T.);
#2286=EDGE_CURVE('',#1825,#1822,#80,.T.);
#2287=EDGE_CURVE('',#1826,#1824,#81,.T.);
#2288=EDGE_CURVE('',#1826,#1827,#987,.T.);
#2289=EDGE_CURVE('',#1827,#1825,#82,.T.);
#2290=EDGE_CURVE('',#1828,#1826,#83,.T.);
#2291=EDGE_CURVE('',#1828,#1829,#988,.T.);
#2292=EDGE_CURVE('',#1829,#1827,#84,.T.);
#2293=EDGE_CURVE('',#1830,#1828,#85,.T.);
#2294=EDGE_CURVE('',#1830,#1831,#989,.T.);
#2295=EDGE_CURVE('',#1831,#1829,#86,.T.);
#2296=EDGE_CURVE('',#1832,#1830,#990,.T.);
#2297=EDGE_CURVE('',#1832,#1833,#991,.T.);
#2298=EDGE_CURVE('',#1833,#1831,#992,.T.);
#2299=EDGE_CURVE('',#1834,#1832,#87,.T.);
#2300=EDGE_CURVE('',#1834,#1835,#993,.T.);
#2301=EDGE_CURVE('',#1835,#1833,#88,.T.);
#2302=EDGE_CURVE('',#1836,#1834,#89,.T.);
#2303=EDGE_CURVE('',#1836,#1837,#994,.T.);
#2304=EDGE_CURVE('',#1837,#1835,#90,.T.);
#2305=EDGE_CURVE('',#1838,#1836,#91,.T.);
#2306=EDGE_CURVE('',#1838,#1839,#995,.T.);
#2307=EDGE_CURVE('',#1839,#1837,#92,.T.);
#2308=EDGE_CURVE('',#1840,#1838,#996,.T.);
#2309=EDGE_CURVE('',#1840,#1841,#997,.T.);
#2310=EDGE_CURVE('',#1841,#1839,#998,.T.);
#2311=EDGE_CURVE('',#1842,#1840,#999,.T.);
#2312=EDGE_CURVE('',#1842,#1843,#1000,.T.);
#2313=EDGE_CURVE('',#1843,#1841,#1001,.T.);
#2314=EDGE_CURVE('',#1844,#1842,#1002,.T.);
#2315=EDGE_CURVE('',#1844,#1845,#1003,.T.);
#2316=EDGE_CURVE('',#1845,#1843,#1004,.T.);
#2317=EDGE_CURVE('',#1821,#1844,#1005,.T.);
#2318=EDGE_CURVE('',#1823,#1845,#1006,.T.);
#2319=EDGE_CURVE('',#1846,#1847,#1007,.T.);
#2320=EDGE_CURVE('',#1846,#1848,#1008,.T.);
#2321=EDGE_CURVE('',#1848,#1849,#1009,.T.);
#2322=EDGE_CURVE('',#1847,#1849,#1010,.T.);
#2323=EDGE_CURVE('',#1850,#1846,#1011,.T.);
#2324=EDGE_CURVE('',#1850,#1851,#1012,.T.);
#2325=EDGE_CURVE('',#1851,#1848,#1013,.T.);
#2326=EDGE_CURVE('',#1852,#1850,#1014,.T.);
#2327=EDGE_CURVE('',#1852,#1853,#1015,.T.);
#2328=EDGE_CURVE('',#1853,#1851,#1016,.T.);
#2329=EDGE_CURVE('',#1847,#1852,#1017,.T.);
#2330=EDGE_CURVE('',#1849,#1853,#1018,.T.);
#2331=EDGE_CURVE('',#1854,#1855,#93,.T.);
#2332=EDGE_CURVE('',#1854,#1856,#1019,.T.);
#2333=EDGE_CURVE('',#1856,#1857,#94,.T.);
#2334=EDGE_CURVE('',#1855,#1857,#1020,.T.);
#2335=EDGE_CURVE('',#1858,#1854,#95,.T.);
#2336=EDGE_CURVE('',#1858,#1859,#1021,.T.);
#2337=EDGE_CURVE('',#1859,#1856,#96,.T.);
#2338=EDGE_CURVE('',#1860,#1858,#97,.T.);
#2339=EDGE_CURVE('',#1860,#1861,#1022,.T.);
#2340=EDGE_CURVE('',#1861,#1859,#98,.T.);
#2341=EDGE_CURVE('',#1862,#1860,#1023,.T.);
#2342=EDGE_CURVE('',#1862,#1863,#1024,.T.);
#2343=EDGE_CURVE('',#1863,#1861,#1025,.T.);
#2344=EDGE_CURVE('',#1864,#1862,#1026,.T.);
#2345=EDGE_CURVE('',#1864,#1865,#1027,.T.);
#2346=EDGE_CURVE('',#1865,#1863,#1028,.T.);
#2347=EDGE_CURVE('',#1866,#1864,#1029,.T.);
#2348=EDGE_CURVE('',#1866,#1867,#1030,.T.);
#2349=EDGE_CURVE('',#1867,#1865,#1031,.T.);
#2350=EDGE_CURVE('',#1868,#1866,#1032,.T.);
#2351=EDGE_CURVE('',#1868,#1869,#1033,.T.);
#2352=EDGE_CURVE('',#1869,#1867,#1034,.T.);
#2353=EDGE_CURVE('',#1870,#1868,#1035,.T.);
#2354=EDGE_CURVE('',#1870,#1871,#1036,.T.);
#2355=EDGE_CURVE('',#1871,#1869,#1037,.T.);
#2356=EDGE_CURVE('',#1872,#1870,#1038,.T.);
#2357=EDGE_CURVE('',#1872,#1873,#1039,.T.);
#2358=EDGE_CURVE('',#1873,#1871,#1040,.T.);
#2359=EDGE_CURVE('',#1874,#1872,#1041,.T.);
#2360=EDGE_CURVE('',#1874,#1875,#1042,.T.);
#2361=EDGE_CURVE('',#1875,#1873,#1043,.T.);
#2362=EDGE_CURVE('',#1876,#1874,#1044,.T.);
#2363=EDGE_CURVE('',#1876,#1877,#1045,.T.);
#2364=EDGE_CURVE('',#1877,#1875,#1046,.T.);
#2365=EDGE_CURVE('',#1878,#1876,#1047,.T.);
#2366=EDGE_CURVE('',#1878,#1879,#1048,.T.);
#2367=EDGE_CURVE('',#1879,#1877,#1049,.T.);
#2368=EDGE_CURVE('',#1880,#1878,#1050,.T.);
#2369=EDGE_CURVE('',#1880,#1881,#1051,.T.);
#2370=EDGE_CURVE('',#1881,#1879,#1052,.T.);
#2371=EDGE_CURVE('',#1882,#1880,#1053,.T.);
#2372=EDGE_CURVE('',#1882,#1883,#1054,.T.);
#2373=EDGE_CURVE('',#1883,#1881,#1055,.T.);
#2374=EDGE_CURVE('',#1884,#1882,#99,.T.);
#2375=EDGE_CURVE('',#1884,#1885,#1056,.T.);
#2376=EDGE_CURVE('',#1885,#1883,#100,.T.);
#2377=EDGE_CURVE('',#1886,#1884,#101,.T.);
#2378=EDGE_CURVE('',#1886,#1887,#1057,.T.);
#2379=EDGE_CURVE('',#1887,#1885,#102,.T.);
#2380=EDGE_CURVE('',#1888,#1886,#103,.T.);
#2381=EDGE_CURVE('',#1888,#1889,#1058,.T.);
#2382=EDGE_CURVE('',#1889,#1887,#104,.T.);
#2383=EDGE_CURVE('',#1890,#1888,#105,.T.);
#2384=EDGE_CURVE('',#1890,#1891,#1059,.T.);
#2385=EDGE_CURVE('',#1891,#1889,#106,.T.);
#2386=EDGE_CURVE('',#1892,#1890,#1060,.T.);
#2387=EDGE_CURVE('',#1892,#1893,#1061,.T.);
#2388=EDGE_CURVE('',#1893,#1891,#1062,.T.);
#2389=EDGE_CURVE('',#1855,#1892,#107,.T.);
#2390=EDGE_CURVE('',#1857,#1893,#108,.T.);
#2391=EDGE_CURVE('',#1894,#1895,#1063,.T.);
#2392=EDGE_CURVE('',#1894,#1896,#1064,.T.);
#2393=EDGE_CURVE('',#1896,#1897,#1065,.T.);
#2394=EDGE_CURVE('',#1895,#1897,#1066,.T.);
#2395=EDGE_CURVE('',#1898,#1894,#1067,.T.);
#2396=EDGE_CURVE('',#1898,#1899,#1068,.T.);
#2397=EDGE_CURVE('',#1899,#1896,#1069,.T.);
#2398=EDGE_CURVE('',#1900,#1898,#1070,.T.);
#2399=EDGE_CURVE('',#1900,#1901,#1071,.T.);
#2400=EDGE_CURVE('',#1901,#1899,#1072,.T.);
#2401=EDGE_CURVE('',#1895,#1900,#1073,.T.);
#2402=EDGE_CURVE('',#1897,#1901,#1074,.T.);
#2403=EDGE_CURVE('',#1902,#1903,#1075,.T.);
#2404=EDGE_CURVE('',#1902,#1904,#1076,.T.);
#2405=EDGE_CURVE('',#1904,#1905,#1077,.T.);
#2406=EDGE_CURVE('',#1903,#1905,#1078,.T.);
#2407=EDGE_CURVE('',#1906,#1902,#109,.T.);
#2408=EDGE_CURVE('',#1906,#1907,#1079,.T.);
#2409=EDGE_CURVE('',#1907,#1904,#110,.T.);
#2410=EDGE_CURVE('',#1908,#1906,#111,.T.);
#2411=EDGE_CURVE('',#1908,#1909,#1080,.T.);
#2412=EDGE_CURVE('',#1909,#1907,#112,.T.);
#2413=EDGE_CURVE('',#1910,#1908,#113,.T.);
#2414=EDGE_CURVE('',#1910,#1911,#1081,.T.);
#2415=EDGE_CURVE('',#1911,#1909,#114,.T.);
#2416=EDGE_CURVE('',#1912,#1910,#115,.T.);
#2417=EDGE_CURVE('',#1912,#1913,#1082,.T.);
#2418=EDGE_CURVE('',#1913,#1911,#116,.T.);
#2419=EDGE_CURVE('',#1914,#1912,#117,.T.);
#2420=EDGE_CURVE('',#1914,#1915,#1083,.T.);
#2421=EDGE_CURVE('',#1915,#1913,#118,.T.);
#2422=EDGE_CURVE('',#1916,#1914,#1084,.T.);
#2423=EDGE_CURVE('',#1916,#1917,#1085,.T.);
#2424=EDGE_CURVE('',#1917,#1915,#1086,.T.);
#2425=EDGE_CURVE('',#1918,#1916,#1087,.T.);
#2426=EDGE_CURVE('',#1918,#1919,#1088,.T.);
#2427=EDGE_CURVE('',#1919,#1917,#1089,.T.);
#2428=EDGE_CURVE('',#1920,#1918,#1090,.T.);
#2429=EDGE_CURVE('',#1920,#1921,#1091,.T.);
#2430=EDGE_CURVE('',#1921,#1919,#1092,.T.);
#2431=EDGE_CURVE('',#1922,#1920,#119,.T.);
#2432=EDGE_CURVE('',#1922,#1923,#1093,.T.);
#2433=EDGE_CURVE('',#1923,#1921,#120,.T.);
#2434=EDGE_CURVE('',#1924,#1922,#121,.T.);
#2435=EDGE_CURVE('',#1924,#1925,#1094,.T.);
#2436=EDGE_CURVE('',#1925,#1923,#122,.T.);
#2437=EDGE_CURVE('',#1926,#1924,#123,.T.);
#2438=EDGE_CURVE('',#1926,#1927,#1095,.T.);
#2439=EDGE_CURVE('',#1927,#1925,#124,.T.);
#2440=EDGE_CURVE('',#1928,#1926,#125,.T.);
#2441=EDGE_CURVE('',#1928,#1929,#1096,.T.);
#2442=EDGE_CURVE('',#1929,#1927,#126,.T.);
#2443=EDGE_CURVE('',#1930,#1928,#127,.T.);
#2444=EDGE_CURVE('',#1930,#1931,#1097,.T.);
#2445=EDGE_CURVE('',#1931,#1929,#128,.T.);
#2446=EDGE_CURVE('',#1932,#1930,#1098,.T.);
#2447=EDGE_CURVE('',#1932,#1933,#1099,.T.);
#2448=EDGE_CURVE('',#1933,#1931,#1100,.T.);
#2449=EDGE_CURVE('',#1934,#1932,#1101,.T.);
#2450=EDGE_CURVE('',#1934,#1935,#1102,.T.);
#2451=EDGE_CURVE('',#1935,#1933,#1103,.T.);
#2452=EDGE_CURVE('',#1936,#1934,#1104,.T.);
#2453=EDGE_CURVE('',#1936,#1937,#1105,.T.);
#2454=EDGE_CURVE('',#1937,#1935,#1106,.T.);
#2455=EDGE_CURVE('',#1938,#1936,#129,.T.);
#2456=EDGE_CURVE('',#1938,#1939,#1107,.T.);
#2457=EDGE_CURVE('',#1939,#1937,#130,.T.);
#2458=EDGE_CURVE('',#1940,#1938,#131,.T.);
#2459=EDGE_CURVE('',#1940,#1941,#1108,.T.);
#2460=EDGE_CURVE('',#1941,#1939,#132,.T.);
#2461=EDGE_CURVE('',#1942,#1940,#133,.T.);
#2462=EDGE_CURVE('',#1942,#1943,#1109,.T.);
#2463=EDGE_CURVE('',#1943,#1941,#134,.T.);
#2464=EDGE_CURVE('',#1944,#1942,#135,.T.);
#2465=EDGE_CURVE('',#1944,#1945,#1110,.T.);
#2466=EDGE_CURVE('',#1945,#1943,#136,.T.);
#2467=EDGE_CURVE('',#1946,#1944,#137,.T.);
#2468=EDGE_CURVE('',#1946,#1947,#1111,.T.);
#2469=EDGE_CURVE('',#1947,#1945,#138,.T.);
#2470=EDGE_CURVE('',#1948,#1946,#139,.T.);
#2471=EDGE_CURVE('',#1948,#1949,#1112,.T.);
#2472=EDGE_CURVE('',#1949,#1947,#140,.T.);
#2473=EDGE_CURVE('',#1950,#1948,#141,.T.);
#2474=EDGE_CURVE('',#1950,#1951,#1113,.T.);
#2475=EDGE_CURVE('',#1951,#1949,#142,.T.);
#2476=EDGE_CURVE('',#1952,#1950,#1114,.T.);
#2477=EDGE_CURVE('',#1952,#1953,#1115,.T.);
#2478=EDGE_CURVE('',#1953,#1951,#1116,.T.);
#2479=EDGE_CURVE('',#1954,#1952,#1117,.T.);
#2480=EDGE_CURVE('',#1954,#1955,#1118,.T.);
#2481=EDGE_CURVE('',#1955,#1953,#1119,.T.);
#2482=EDGE_CURVE('',#1956,#1954,#1120,.T.);
#2483=EDGE_CURVE('',#1956,#1957,#1121,.T.);
#2484=EDGE_CURVE('',#1957,#1955,#1122,.T.);
#2485=EDGE_CURVE('',#1903,#1956,#1123,.T.);
#2486=EDGE_CURVE('',#1905,#1957,#1124,.T.);
#2487=EDGE_CURVE('',#1958,#1959,#143,.T.);
#2488=EDGE_CURVE('',#1958,#1960,#1125,.T.);
#2489=EDGE_CURVE('',#1960,#1961,#144,.T.);
#2490=EDGE_CURVE('',#1959,#1961,#1126,.T.);
#2491=EDGE_CURVE('',#1962,#1958,#145,.T.);
#2492=EDGE_CURVE('',#1962,#1963,#1127,.T.);
#2493=EDGE_CURVE('',#1963,#1960,#146,.T.);
#2494=EDGE_CURVE('',#1964,#1962,#147,.T.);
#2495=EDGE_CURVE('',#1964,#1965,#1128,.T.);
#2496=EDGE_CURVE('',#1965,#1963,#148,.T.);
#2497=EDGE_CURVE('',#1966,#1964,#1129,.T.);
#2498=EDGE_CURVE('',#1966,#1967,#1130,.T.);
#2499=EDGE_CURVE('',#1967,#1965,#1131,.T.);
#2500=EDGE_CURVE('',#1968,#1966,#1132,.T.);
#2501=EDGE_CURVE('',#1968,#1969,#1133,.T.);
#2502=EDGE_CURVE('',#1969,#1967,#1134,.T.);
#2503=EDGE_CURVE('',#1970,#1968,#1135,.T.);
#2504=EDGE_CURVE('',#1970,#1971,#1136,.T.);
#2505=EDGE_CURVE('',#1971,#1969,#1137,.T.);
#2506=EDGE_CURVE('',#1972,#1970,#1138,.T.);
#2507=EDGE_CURVE('',#1972,#1973,#1139,.T.);
#2508=EDGE_CURVE('',#1973,#1971,#1140,.T.);
#2509=EDGE_CURVE('',#1974,#1972,#1141,.T.);
#2510=EDGE_CURVE('',#1974,#1975,#1142,.T.);
#2511=EDGE_CURVE('',#1975,#1973,#1143,.T.);
#2512=EDGE_CURVE('',#1976,#1974,#1144,.T.);
#2513=EDGE_CURVE('',#1976,#1977,#1145,.T.);
#2514=EDGE_CURVE('',#1977,#1975,#1146,.T.);
#2515=EDGE_CURVE('',#1978,#1976,#1147,.T.);
#2516=EDGE_CURVE('',#1978,#1979,#1148,.T.);
#2517=EDGE_CURVE('',#1979,#1977,#1149,.T.);
#2518=EDGE_CURVE('',#1980,#1978,#1150,.T.);
#2519=EDGE_CURVE('',#1980,#1981,#1151,.T.);
#2520=EDGE_CURVE('',#1981,#1979,#1152,.T.);
#2521=EDGE_CURVE('',#1982,#1980,#1153,.T.);
#2522=EDGE_CURVE('',#1982,#1983,#1154,.T.);
#2523=EDGE_CURVE('',#1983,#1981,#1155,.T.);
#2524=EDGE_CURVE('',#1984,#1982,#1156,.T.);
#2525=EDGE_CURVE('',#1984,#1985,#1157,.T.);
#2526=EDGE_CURVE('',#1985,#1983,#1158,.T.);
#2527=EDGE_CURVE('',#1986,#1984,#1159,.T.);
#2528=EDGE_CURVE('',#1986,#1987,#1160,.T.);
#2529=EDGE_CURVE('',#1987,#1985,#1161,.T.);
#2530=EDGE_CURVE('',#1988,#1986,#149,.T.);
#2531=EDGE_CURVE('',#1988,#1989,#1162,.T.);
#2532=EDGE_CURVE('',#1989,#1987,#150,.T.);
#2533=EDGE_CURVE('',#1990,#1988,#151,.T.);
#2534=EDGE_CURVE('',#1990,#1991,#1163,.T.);
#2535=EDGE_CURVE('',#1991,#1989,#152,.T.);
#2536=EDGE_CURVE('',#1992,#1990,#153,.T.);
#2537=EDGE_CURVE('',#1992,#1993,#1164,.T.);
#2538=EDGE_CURVE('',#1993,#1991,#154,.T.);
#2539=EDGE_CURVE('',#1994,#1992,#155,.T.);
#2540=EDGE_CURVE('',#1994,#1995,#1165,.T.);
#2541=EDGE_CURVE('',#1995,#1993,#156,.T.);
#2542=EDGE_CURVE('',#1996,#1994,#1166,.T.);
#2543=EDGE_CURVE('',#1996,#1997,#1167,.T.);
#2544=EDGE_CURVE('',#1997,#1995,#1168,.T.);
#2545=EDGE_CURVE('',#1959,#1996,#157,.T.);
#2546=EDGE_CURVE('',#1961,#1997,#158,.T.);
#2547=EDGE_CURVE('',#1998,#1999,#159,.T.);
#2548=EDGE_CURVE('',#1998,#2000,#1169,.T.);
#2549=EDGE_CURVE('',#2000,#2001,#160,.T.);
#2550=EDGE_CURVE('',#1999,#2001,#1170,.T.);
#2551=EDGE_CURVE('',#2002,#1998,#161,.T.);
#2552=EDGE_CURVE('',#2002,#2003,#1171,.T.);
#2553=EDGE_CURVE('',#2003,#2000,#162,.T.);
#2554=EDGE_CURVE('',#2004,#2002,#163,.T.);
#2555=EDGE_CURVE('',#2004,#2005,#1172,.T.);
#2556=EDGE_CURVE('',#2005,#2003,#164,.T.);
#2557=EDGE_CURVE('',#2006,#2004,#165,.T.);
#2558=EDGE_CURVE('',#2006,#2007,#1173,.T.);
#2559=EDGE_CURVE('',#2007,#2005,#166,.T.);
#2560=EDGE_CURVE('',#2008,#2006,#167,.T.);
#2561=EDGE_CURVE('',#2008,#2009,#1174,.T.);
#2562=EDGE_CURVE('',#2009,#2007,#168,.T.);
#2563=EDGE_CURVE('',#2010,#2008,#169,.T.);
#2564=EDGE_CURVE('',#2010,#2011,#1175,.T.);
#2565=EDGE_CURVE('',#2011,#2009,#170,.T.);
#2566=EDGE_CURVE('',#2012,#2010,#171,.T.);
#2567=EDGE_CURVE('',#2012,#2013,#1176,.T.);
#2568=EDGE_CURVE('',#2013,#2011,#172,.T.);
#2569=EDGE_CURVE('',#2014,#2012,#173,.T.);
#2570=EDGE_CURVE('',#2014,#2015,#1177,.T.);
#2571=EDGE_CURVE('',#2015,#2013,#174,.T.);
#2572=EDGE_CURVE('',#2016,#2014,#175,.T.);
#2573=EDGE_CURVE('',#2016,#2017,#1178,.T.);
#2574=EDGE_CURVE('',#2017,#2015,#176,.T.);
#2575=EDGE_CURVE('',#1999,#2016,#1179,.T.);
#2576=EDGE_CURVE('',#2001,#2017,#1180,.T.);
#2577=EDGE_CURVE('',#2018,#2019,#1181,.T.);
#2578=EDGE_CURVE('',#2018,#2020,#1182,.T.);
#2579=EDGE_CURVE('',#2020,#2021,#1183,.T.);
#2580=EDGE_CURVE('',#2019,#2021,#1184,.T.);
#2581=EDGE_CURVE('',#2022,#2018,#177,.T.);
#2582=EDGE_CURVE('',#2022,#2023,#1185,.T.);
#2583=EDGE_CURVE('',#2023,#2020,#178,.T.);
#2584=EDGE_CURVE('',#2024,#2022,#179,.T.);
#2585=EDGE_CURVE('',#2024,#2025,#1186,.T.);
#2586=EDGE_CURVE('',#2025,#2023,#180,.T.);
#2587=EDGE_CURVE('',#2026,#2024,#1187,.T.);
#2588=EDGE_CURVE('',#2026,#2027,#1188,.T.);
#2589=EDGE_CURVE('',#2027,#2025,#1189,.T.);
#2590=EDGE_CURVE('',#2028,#2026,#181,.T.);
#2591=EDGE_CURVE('',#2028,#2029,#1190,.T.);
#2592=EDGE_CURVE('',#2029,#2027,#182,.T.);
#2593=EDGE_CURVE('',#2030,#2028,#183,.T.);
#2594=EDGE_CURVE('',#2030,#2031,#1191,.T.);
#2595=EDGE_CURVE('',#2031,#2029,#184,.T.);
#2596=EDGE_CURVE('',#2032,#2030,#185,.T.);
#2597=EDGE_CURVE('',#2032,#2033,#1192,.T.);
#2598=EDGE_CURVE('',#2033,#2031,#186,.T.);
#2599=EDGE_CURVE('',#2034,#2032,#187,.T.);
#2600=EDGE_CURVE('',#2034,#2035,#1193,.T.);
#2601=EDGE_CURVE('',#2035,#2033,#188,.T.);
#2602=EDGE_CURVE('',#2036,#2034,#189,.T.);
#2603=EDGE_CURVE('',#2036,#2037,#1194,.T.);
#2604=EDGE_CURVE('',#2037,#2035,#190,.T.);
#2605=EDGE_CURVE('',#2038,#2036,#191,.T.);
#2606=EDGE_CURVE('',#2038,#2039,#1195,.T.);
#2607=EDGE_CURVE('',#2039,#2037,#192,.T.);
#2608=EDGE_CURVE('',#2040,#2038,#193,.T.);
#2609=EDGE_CURVE('',#2040,#2041,#1196,.T.);
#2610=EDGE_CURVE('',#2041,#2039,#194,.T.);
#2611=EDGE_CURVE('',#2042,#2040,#1197,.T.);
#2612=EDGE_CURVE('',#2042,#2043,#1198,.T.);
#2613=EDGE_CURVE('',#2043,#2041,#1199,.T.);
#2614=EDGE_CURVE('',#2044,#2042,#195,.T.);
#2615=EDGE_CURVE('',#2044,#2045,#1200,.T.);
#2616=EDGE_CURVE('',#2045,#2043,#196,.T.);
#2617=EDGE_CURVE('',#2046,#2044,#197,.T.);
#2618=EDGE_CURVE('',#2046,#2047,#1201,.T.);
#2619=EDGE_CURVE('',#2047,#2045,#198,.T.);
#2620=EDGE_CURVE('',#2048,#2046,#199,.T.);
#2621=EDGE_CURVE('',#2048,#2049,#1202,.T.);
#2622=EDGE_CURVE('',#2049,#2047,#200,.T.);
#2623=EDGE_CURVE('',#2050,#2048,#201,.T.);
#2624=EDGE_CURVE('',#2050,#2051,#1203,.T.);
#2625=EDGE_CURVE('',#2051,#2049,#202,.T.);
#2626=EDGE_CURVE('',#2052,#2050,#203,.T.);
#2627=EDGE_CURVE('',#2052,#2053,#1204,.T.);
#2628=EDGE_CURVE('',#2053,#2051,#204,.T.);
#2629=EDGE_CURVE('',#2054,#2052,#205,.T.);
#2630=EDGE_CURVE('',#2054,#2055,#1205,.T.);
#2631=EDGE_CURVE('',#2055,#2053,#206,.T.);
#2632=EDGE_CURVE('',#2056,#2054,#207,.T.);
#2633=EDGE_CURVE('',#2056,#2057,#1206,.T.);
#2634=EDGE_CURVE('',#2057,#2055,#208,.T.);
#2635=EDGE_CURVE('',#2058,#2056,#209,.T.);
#2636=EDGE_CURVE('',#2058,#2059,#1207,.T.);
#2637=EDGE_CURVE('',#2059,#2057,#210,.T.);
#2638=EDGE_CURVE('',#2060,#2058,#211,.T.);
#2639=EDGE_CURVE('',#2060,#2061,#1208,.T.);
#2640=EDGE_CURVE('',#2061,#2059,#212,.T.);
#2641=EDGE_CURVE('',#2062,#2060,#213,.T.);
#2642=EDGE_CURVE('',#2062,#2063,#1209,.T.);
#2643=EDGE_CURVE('',#2063,#2061,#214,.T.);
#2644=EDGE_CURVE('',#2064,#2062,#215,.T.);
#2645=EDGE_CURVE('',#2064,#2065,#1210,.T.);
#2646=EDGE_CURVE('',#2065,#2063,#216,.T.);
#2647=EDGE_CURVE('',#2066,#2064,#217,.T.);
#2648=EDGE_CURVE('',#2066,#2067,#1211,.T.);
#2649=EDGE_CURVE('',#2067,#2065,#218,.T.);
#2650=EDGE_CURVE('',#2068,#2066,#219,.T.);
#2651=EDGE_CURVE('',#2068,#2069,#1212,.T.);
#2652=EDGE_CURVE('',#2069,#2067,#220,.T.);
#2653=EDGE_CURVE('',#2070,#2068,#221,.T.);
#2654=EDGE_CURVE('',#2070,#2071,#1213,.T.);
#2655=EDGE_CURVE('',#2071,#2069,#222,.T.);
#2656=EDGE_CURVE('',#2019,#2070,#223,.T.);
#2657=EDGE_CURVE('',#2021,#2071,#224,.T.);
#2658=EDGE_CURVE('',#2072,#2073,#1214,.T.);
#2659=EDGE_CURVE('',#2072,#2074,#1215,.T.);
#2660=EDGE_CURVE('',#2074,#2075,#1216,.T.);
#2661=EDGE_CURVE('',#2073,#2075,#1217,.T.);
#2662=EDGE_CURVE('',#2076,#2072,#1218,.T.);
#2663=EDGE_CURVE('',#2076,#2077,#1219,.T.);
#2664=EDGE_CURVE('',#2077,#2074,#1220,.T.);
#2665=EDGE_CURVE('',#2078,#2076,#1221,.T.);
#2666=EDGE_CURVE('',#2078,#2079,#1222,.T.);
#2667=EDGE_CURVE('',#2079,#2077,#1223,.T.);
#2668=EDGE_CURVE('',#2073,#2078,#1224,.T.);
#2669=EDGE_CURVE('',#2075,#2079,#1225,.T.);
#2670=EDGE_CURVE('',#2080,#2081,#225,.T.);
#2671=EDGE_CURVE('',#2080,#2082,#1226,.T.);
#2672=EDGE_CURVE('',#2082,#2083,#226,.T.);
#2673=EDGE_CURVE('',#2081,#2083,#1227,.T.);
#2674=EDGE_CURVE('',#2084,#2080,#227,.T.);
#2675=EDGE_CURVE('',#2084,#2085,#1228,.T.);
#2676=EDGE_CURVE('',#2085,#2082,#228,.T.);
#2677=EDGE_CURVE('',#2086,#2084,#229,.T.);
#2678=EDGE_CURVE('',#2086,#2087,#1229,.T.);
#2679=EDGE_CURVE('',#2087,#2085,#230,.T.);
#2680=EDGE_CURVE('',#2088,#2086,#1230,.T.);
#2681=EDGE_CURVE('',#2088,#2089,#1231,.T.);
#2682=EDGE_CURVE('',#2089,#2087,#1232,.T.);
#2683=EDGE_CURVE('',#2081,#2088,#231,.T.);
#2684=EDGE_CURVE('',#2083,#2089,#232,.T.);
#2685=EDGE_CURVE('',#2090,#2091,#233,.T.);
#2686=EDGE_CURVE('',#2090,#2092,#1233,.T.);
#2687=EDGE_CURVE('',#2092,#2093,#234,.T.);
#2688=EDGE_CURVE('',#2091,#2093,#1234,.T.);
#2689=EDGE_CURVE('',#2094,#2090,#235,.T.);
#2690=EDGE_CURVE('',#2094,#2095,#1235,.T.);
#2691=EDGE_CURVE('',#2095,#2092,#236,.T.);
#2692=EDGE_CURVE('',#2096,#2094,#237,.T.);
#2693=EDGE_CURVE('',#2096,#2097,#1236,.T.);
#2694=EDGE_CURVE('',#2097,#2095,#238,.T.);
#2695=EDGE_CURVE('',#2098,#2096,#1237,.T.);
#2696=EDGE_CURVE('',#2098,#2099,#1238,.T.);
#2697=EDGE_CURVE('',#2099,#2097,#1239,.T.);
#2698=EDGE_CURVE('',#2100,#2098,#239,.T.);
#2699=EDGE_CURVE('',#2100,#2101,#1240,.T.);
#2700=EDGE_CURVE('',#2101,#2099,#240,.T.);
#2701=EDGE_CURVE('',#2102,#2100,#241,.T.);
#2702=EDGE_CURVE('',#2102,#2103,#1241,.T.);
#2703=EDGE_CURVE('',#2103,#2101,#242,.T.);
#2704=EDGE_CURVE('',#2104,#2102,#243,.T.);
#2705=EDGE_CURVE('',#2104,#2105,#1242,.T.);
#2706=EDGE_CURVE('',#2105,#2103,#244,.T.);
#2707=EDGE_CURVE('',#2106,#2104,#245,.T.);
#2708=EDGE_CURVE('',#2106,#2107,#1243,.T.);
#2709=EDGE_CURVE('',#2107,#2105,#246,.T.);
#2710=EDGE_CURVE('',#2108,#2106,#247,.T.);
#2711=EDGE_CURVE('',#2108,#2109,#1244,.T.);
#2712=EDGE_CURVE('',#2109,#2107,#248,.T.);
#2713=EDGE_CURVE('',#2110,#2108,#249,.T.);
#2714=EDGE_CURVE('',#2110,#2111,#1245,.T.);
#2715=EDGE_CURVE('',#2111,#2109,#250,.T.);
#2716=EDGE_CURVE('',#2112,#2110,#251,.T.);
#2717=EDGE_CURVE('',#2112,#2113,#1246,.T.);
#2718=EDGE_CURVE('',#2113,#2111,#252,.T.);
#2719=EDGE_CURVE('',#2114,#2112,#253,.T.);
#2720=EDGE_CURVE('',#2114,#2115,#1247,.T.);
#2721=EDGE_CURVE('',#2115,#2113,#254,.T.);
#2722=EDGE_CURVE('',#2116,#2114,#255,.T.);
#2723=EDGE_CURVE('',#2116,#2117,#1248,.T.);
#2724=EDGE_CURVE('',#2117,#2115,#256,.T.);
#2725=EDGE_CURVE('',#2118,#2116,#1249,.T.);
#2726=EDGE_CURVE('',#2118,#2119,#1250,.T.);
#2727=EDGE_CURVE('',#2119,#2117,#1251,.T.);
#2728=EDGE_CURVE('',#2091,#2118,#257,.T.);
#2729=EDGE_CURVE('',#2093,#2119,#258,.T.);
#2730=EDGE_CURVE('',#2120,#2121,#1252,.T.);
#2731=EDGE_CURVE('',#2120,#2122,#1253,.T.);
#2732=EDGE_CURVE('',#2122,#2123,#1254,.T.);
#2733=EDGE_CURVE('',#2121,#2123,#1255,.T.);
#2734=EDGE_CURVE('',#2124,#2120,#259,.T.);
#2735=EDGE_CURVE('',#2124,#2125,#1256,.T.);
#2736=EDGE_CURVE('',#2125,#2122,#260,.T.);
#2737=EDGE_CURVE('',#2126,#2124,#261,.T.);
#2738=EDGE_CURVE('',#2126,#2127,#1257,.T.);
#2739=EDGE_CURVE('',#2127,#2125,#262,.T.);
#2740=EDGE_CURVE('',#2128,#2126,#263,.T.);
#2741=EDGE_CURVE('',#2128,#2129,#1258,.T.);
#2742=EDGE_CURVE('',#2129,#2127,#264,.T.);
#2743=EDGE_CURVE('',#2130,#2128,#265,.T.);
#2744=EDGE_CURVE('',#2130,#2131,#1259,.T.);
#2745=EDGE_CURVE('',#2131,#2129,#266,.T.);
#2746=EDGE_CURVE('',#2132,#2130,#267,.T.);
#2747=EDGE_CURVE('',#2132,#2133,#1260,.T.);
#2748=EDGE_CURVE('',#2133,#2131,#268,.T.);
#2749=EDGE_CURVE('',#2134,#2132,#1261,.T.);
#2750=EDGE_CURVE('',#2134,#2135,#1262,.T.);
#2751=EDGE_CURVE('',#2135,#2133,#1263,.T.);
#2752=EDGE_CURVE('',#2136,#2134,#1264,.T.);
#2753=EDGE_CURVE('',#2136,#2137,#1265,.T.);
#2754=EDGE_CURVE('',#2137,#2135,#1266,.T.);
#2755=EDGE_CURVE('',#2138,#2136,#1267,.T.);
#2756=EDGE_CURVE('',#2138,#2139,#1268,.T.);
#2757=EDGE_CURVE('',#2139,#2137,#1269,.T.);
#2758=EDGE_CURVE('',#2140,#2138,#269,.T.);
#2759=EDGE_CURVE('',#2140,#2141,#1270,.T.);
#2760=EDGE_CURVE('',#2141,#2139,#270,.T.);
#2761=EDGE_CURVE('',#2142,#2140,#271,.T.);
#2762=EDGE_CURVE('',#2142,#2143,#1271,.T.);
#2763=EDGE_CURVE('',#2143,#2141,#272,.T.);
#2764=EDGE_CURVE('',#2144,#2142,#273,.T.);
#2765=EDGE_CURVE('',#2144,#2145,#1272,.T.);
#2766=EDGE_CURVE('',#2145,#2143,#274,.T.);
#2767=EDGE_CURVE('',#2146,#2144,#275,.T.);
#2768=EDGE_CURVE('',#2146,#2147,#1273,.T.);
#2769=EDGE_CURVE('',#2147,#2145,#276,.T.);
#2770=EDGE_CURVE('',#2148,#2146,#277,.T.);
#2771=EDGE_CURVE('',#2148,#2149,#1274,.T.);
#2772=EDGE_CURVE('',#2149,#2147,#278,.T.);
#2773=EDGE_CURVE('',#2150,#2148,#1275,.T.);
#2774=EDGE_CURVE('',#2150,#2151,#1276,.T.);
#2775=EDGE_CURVE('',#2151,#2149,#1277,.T.);
#2776=EDGE_CURVE('',#2152,#2150,#1278,.T.);
#2777=EDGE_CURVE('',#2152,#2153,#1279,.T.);
#2778=EDGE_CURVE('',#2153,#2151,#1280,.T.);
#2779=EDGE_CURVE('',#2154,#2152,#1281,.T.);
#2780=EDGE_CURVE('',#2154,#2155,#1282,.T.);
#2781=EDGE_CURVE('',#2155,#2153,#1283,.T.);
#2782=EDGE_CURVE('',#2121,#2154,#1284,.T.);
#2783=EDGE_CURVE('',#2123,#2155,#1285,.T.);
#2784=EDGE_CURVE('',#2156,#2157,#1286,.T.);
#2785=EDGE_CURVE('',#2156,#2158,#1287,.T.);
#2786=EDGE_CURVE('',#2158,#2159,#1288,.T.);
#2787=EDGE_CURVE('',#2157,#2159,#1289,.T.);
#2788=EDGE_CURVE('',#2160,#2156,#1290,.T.);
#2789=EDGE_CURVE('',#2160,#2161,#1291,.T.);
#2790=EDGE_CURVE('',#2161,#2158,#1292,.T.);
#2791=EDGE_CURVE('',#2162,#2160,#1293,.T.);
#2792=EDGE_CURVE('',#2162,#2163,#1294,.T.);
#2793=EDGE_CURVE('',#2163,#2161,#1295,.T.);
#2794=EDGE_CURVE('',#2157,#2162,#1296,.T.);
#2795=EDGE_CURVE('',#2159,#2163,#1297,.T.);
#2796=EDGE_CURVE('',#2164,#2165,#279,.T.);
#2797=EDGE_CURVE('',#2164,#2166,#1298,.T.);
#2798=EDGE_CURVE('',#2166,#2167,#280,.T.);
#2799=EDGE_CURVE('',#2165,#2167,#1299,.T.);
#2800=EDGE_CURVE('',#2168,#2164,#281,.T.);
#2801=EDGE_CURVE('',#2168,#2169,#1300,.T.);
#2802=EDGE_CURVE('',#2169,#2166,#282,.T.);
#2803=EDGE_CURVE('',#2170,#2168,#283,.T.);
#2804=EDGE_CURVE('',#2170,#2171,#1301,.T.);
#2805=EDGE_CURVE('',#2171,#2169,#284,.T.);
#2806=EDGE_CURVE('',#2172,#2170,#285,.T.);
#2807=EDGE_CURVE('',#2172,#2173,#1302,.T.);
#2808=EDGE_CURVE('',#2173,#2171,#286,.T.);
#2809=EDGE_CURVE('',#2174,#2172,#287,.T.);
#2810=EDGE_CURVE('',#2174,#2175,#1303,.T.);
#2811=EDGE_CURVE('',#2175,#2173,#288,.T.);
#2812=EDGE_CURVE('',#2176,#2174,#289,.T.);
#2813=EDGE_CURVE('',#2176,#2177,#1304,.T.);
#2814=EDGE_CURVE('',#2177,#2175,#290,.T.);
#2815=EDGE_CURVE('',#2178,#2176,#291,.T.);
#2816=EDGE_CURVE('',#2178,#2179,#1305,.T.);
#2817=EDGE_CURVE('',#2179,#2177,#292,.T.);
#2818=EDGE_CURVE('',#2165,#2178,#293,.T.);
#2819=EDGE_CURVE('',#2167,#2179,#294,.T.);
#2820=EDGE_CURVE('',#2180,#2181,#1306,.T.);
#2821=EDGE_CURVE('',#2180,#2182,#1307,.T.);
#2822=EDGE_CURVE('',#2182,#2183,#1308,.T.);
#2823=EDGE_CURVE('',#2181,#2183,#1309,.T.);
#2824=EDGE_CURVE('',#2184,#2180,#295,.T.);
#2825=EDGE_CURVE('',#2184,#2185,#1310,.T.);
#2826=EDGE_CURVE('',#2185,#2182,#296,.T.);
#2827=EDGE_CURVE('',#2186,#2184,#297,.T.);
#2828=EDGE_CURVE('',#2186,#2187,#1311,.T.);
#2829=EDGE_CURVE('',#2187,#2185,#298,.T.);
#2830=EDGE_CURVE('',#2188,#2186,#299,.T.);
#2831=EDGE_CURVE('',#2188,#2189,#1312,.T.);
#2832=EDGE_CURVE('',#2189,#2187,#300,.T.);
#2833=EDGE_CURVE('',#2190,#2188,#301,.T.);
#2834=EDGE_CURVE('',#2190,#2191,#1313,.T.);
#2835=EDGE_CURVE('',#2191,#2189,#302,.T.);
#2836=EDGE_CURVE('',#2192,#2190,#303,.T.);
#2837=EDGE_CURVE('',#2192,#2193,#1314,.T.);
#2838=EDGE_CURVE('',#2193,#2191,#304,.T.);
#2839=EDGE_CURVE('',#2194,#2192,#305,.T.);
#2840=EDGE_CURVE('',#2194,#2195,#1315,.T.);
#2841=EDGE_CURVE('',#2195,#2193,#306,.T.);
#2842=EDGE_CURVE('',#2196,#2194,#307,.T.);
#2843=EDGE_CURVE('',#2196,#2197,#1316,.T.);
#2844=EDGE_CURVE('',#2197,#2195,#308,.T.);
#2845=EDGE_CURVE('',#2198,#2196,#309,.T.);
#2846=EDGE_CURVE('',#2198,#2199,#1317,.T.);
#2847=EDGE_CURVE('',#2199,#2197,#310,.T.);
#2848=EDGE_CURVE('',#2200,#2198,#311,.T.);
#2849=EDGE_CURVE('',#2200,#2201,#1318,.T.);
#2850=EDGE_CURVE('',#2201,#2199,#312,.T.);
#2851=EDGE_CURVE('',#2202,#2200,#313,.T.);
#2852=EDGE_CURVE('',#2202,#2203,#1319,.T.);
#2853=EDGE_CURVE('',#2203,#2201,#314,.T.);
#2854=EDGE_CURVE('',#2204,#2202,#1320,.T.);
#2855=EDGE_CURVE('',#2204,#2205,#1321,.T.);
#2856=EDGE_CURVE('',#2205,#2203,#1322,.T.);
#2857=EDGE_CURVE('',#2206,#2204,#1323,.T.);
#2858=EDGE_CURVE('',#2206,#2207,#1324,.T.);
#2859=EDGE_CURVE('',#2207,#2205,#1325,.T.);
#2860=EDGE_CURVE('',#2208,#2206,#1326,.T.);
#2861=EDGE_CURVE('',#2208,#2209,#1327,.T.);
#2862=EDGE_CURVE('',#2209,#2207,#1328,.T.);
#2863=EDGE_CURVE('',#2181,#2208,#1329,.T.);
#2864=EDGE_CURVE('',#2183,#2209,#1330,.T.);
#2865=EDGE_CURVE('',#2210,#2211,#1331,.T.);
#2866=EDGE_CURVE('',#2212,#2210,#1332,.T.);
#2867=EDGE_CURVE('',#2100,#2212,#1333,.T.);
#2868=EDGE_CURVE('',#2213,#2100,#1334,.T.);
#2869=EDGE_CURVE('',#2211,#2213,#1335,.T.);
#2870=EDGE_CURVE('',#2214,#2215,#28,.F.);
#2871=EDGE_CURVE('',#2211,#2214,#29,.F.);
#2872=EDGE_CURVE('',#2215,#2211,#30,.F.);
#2873=EDGE_CURVE('',#2216,#2210,#31,.T.);
#2874=EDGE_CURVE('',#2214,#2216,#1336,.T.);
#2875=EDGE_CURVE('',#2213,#2217,#32,.F.);
#2876=EDGE_CURVE('',#2218,#2213,#33,.F.);
#2877=EDGE_CURVE('',#2217,#2218,#34,.F.);
#2878=EDGE_CURVE('',#2212,#2219,#35,.T.);
#2879=EDGE_CURVE('',#2219,#2218,#1337,.T.);
#2880=EDGE_CURVE('',#2220,#2221,#36,.F.);
#2881=EDGE_CURVE('',#2222,#2220,#37,.F.);
#2882=EDGE_CURVE('',#2221,#2222,#38,.F.);
#2883=EDGE_CURVE('',#2223,#2224,#39,.T.);
#2884=EDGE_CURVE('',#2224,#2222,#1338,.T.);
#2885=EDGE_CURVE('',#2220,#2223,#1339,.T.);
#2886=EDGE_CURVE('',#2215,#2221,#1340,.T.);
#2887=EDGE_CURVE('',#2222,#2214,#1341,.T.);
#2888=EDGE_CURVE('',#2225,#2226,#40,.F.);
#2889=EDGE_CURVE('',#2227,#2225,#41,.F.);
#2890=EDGE_CURVE('',#2226,#2227,#42,.F.);
#2891=EDGE_CURVE('',#2228,#2229,#43,.T.);
#2892=EDGE_CURVE('',#2229,#2227,#1342,.T.);
#2893=EDGE_CURVE('',#2225,#2228,#1343,.T.);
#2894=EDGE_CURVE('',#2221,#2226,#1344,.T.);
#2895=EDGE_CURVE('',#2227,#2220,#1345,.T.);
#2896=EDGE_CURVE('',#2226,#2217,#1346,.T.);
#2897=EDGE_CURVE('',#2218,#2225,#1347,.T.);
#2898=EDGE_CURVE('',#2217,#2215,#1348,.T.);
#2899=EDGE_CURVE('',#2216,#2224,#1349,.T.);
#2900=EDGE_CURVE('',#2230,#2231,#1350,.T.);
#2901=EDGE_CURVE('',#2232,#2231,#44,.T.);
#2902=EDGE_CURVE('',#2232,#2233,#1351,.T.);
#2903=EDGE_CURVE('',#2234,#2233,#45,.T.);
#2904=EDGE_CURVE('',#2234,#2235,#1352,.T.);
#2905=EDGE_CURVE('',#2236,#2235,#46,.T.);
#2906=EDGE_CURVE('',#2236,#2237,#1353,.T.);
#2907=EDGE_CURVE('',#2230,#2237,#47,.T.);
#2908=EDGE_CURVE('',#2223,#2229,#1354,.T.);
#2909=EDGE_CURVE('',#2238,#2238,#48,.T.);
#2910=EDGE_CURVE('',#2239,#2240,#1355,.T.);
#2911=EDGE_CURVE('',#2240,#2241,#1356,.T.);
#2912=EDGE_CURVE('',#2241,#2242,#1357,.T.);
#2913=EDGE_CURVE('',#2242,#2239,#1358,.T.);
#2914=EDGE_CURVE('',#2243,#2244,#49,.T.);
#2915=EDGE_CURVE('',#2244,#2236,#1359,.T.);
#2916=EDGE_CURVE('',#2235,#2243,#1360,.T.);
#2917=EDGE_CURVE('',#2245,#2244,#1361,.T.);
#2918=EDGE_CURVE('',#2237,#2245,#1362,.T.);
#2919=EDGE_CURVE('',#2245,#2246,#50,.T.);
#2920=EDGE_CURVE('',#2246,#2230,#1363,.T.);
#2921=EDGE_CURVE('',#2247,#2246,#1364,.T.);
#2922=EDGE_CURVE('',#2231,#2247,#1365,.T.);
#2923=EDGE_CURVE('',#2247,#2248,#51,.T.);
#2924=EDGE_CURVE('',#2248,#2232,#1366,.T.);
#2925=EDGE_CURVE('',#2249,#2248,#1367,.T.);
#2926=EDGE_CURVE('',#2233,#2249,#1368,.T.);
#2927=EDGE_CURVE('',#2249,#2250,#52,.T.);
#2928=EDGE_CURVE('',#2250,#2234,#1369,.T.);
#2929=EDGE_CURVE('',#2243,#2250,#1370,.T.);
#2930=EDGE_CURVE('',#2251,#2251,#53,.T.);
#2931=EDGE_CURVE('',#2251,#2238,#1371,.T.);
#2932=EDGE_CURVE('',#2252,#2253,#1372,.T.);
#2933=EDGE_CURVE('',#2252,#2242,#1373,.T.);
#2934=EDGE_CURVE('',#2253,#2241,#1374,.T.);
#2935=EDGE_CURVE('',#2254,#2252,#1375,.T.);
#2936=EDGE_CURVE('',#2254,#2239,#1376,.T.);
#2937=EDGE_CURVE('',#2253,#2255,#1377,.T.);
#2938=EDGE_CURVE('',#2255,#2240,#1378,.T.);
#2939=EDGE_CURVE('',#2255,#2254,#1379,.T.);
#2940=EDGE_CURVE('',#2228,#2219,#1380,.T.);
#2941=ORIENTED_EDGE('',*,*,#2256,.F.);
#2942=ORIENTED_EDGE('',*,*,#2257,.T.);
#2943=ORIENTED_EDGE('',*,*,#2258,.T.);
#2944=ORIENTED_EDGE('',*,*,#2259,.F.);
#2945=ORIENTED_EDGE('',*,*,#2260,.F.);
#2946=ORIENTED_EDGE('',*,*,#2261,.T.);
#2947=ORIENTED_EDGE('',*,*,#2262,.T.);
#2948=ORIENTED_EDGE('',*,*,#2257,.F.);
#2949=ORIENTED_EDGE('',*,*,#2263,.F.);
#2950=ORIENTED_EDGE('',*,*,#2264,.T.);
#2951=ORIENTED_EDGE('',*,*,#2265,.T.);
#2952=ORIENTED_EDGE('',*,*,#2261,.F.);
#2953=ORIENTED_EDGE('',*,*,#2266,.F.);
#2954=ORIENTED_EDGE('',*,*,#2259,.T.);
#2955=ORIENTED_EDGE('',*,*,#2267,.T.);
#2956=ORIENTED_EDGE('',*,*,#2264,.F.);
#2957=ORIENTED_EDGE('',*,*,#2267,.F.);
#2958=ORIENTED_EDGE('',*,*,#2258,.F.);
#2959=ORIENTED_EDGE('',*,*,#2262,.F.);
#2960=ORIENTED_EDGE('',*,*,#2265,.F.);
#2961=ORIENTED_EDGE('',*,*,#2268,.F.);
#2962=ORIENTED_EDGE('',*,*,#2269,.T.);
#2963=ORIENTED_EDGE('',*,*,#2270,.T.);
#2964=ORIENTED_EDGE('',*,*,#2271,.F.);
#2965=ORIENTED_EDGE('',*,*,#2272,.F.);
#2966=ORIENTED_EDGE('',*,*,#2273,.T.);
#2967=ORIENTED_EDGE('',*,*,#2274,.T.);
#2968=ORIENTED_EDGE('',*,*,#2269,.F.);
#2969=ORIENTED_EDGE('',*,*,#2275,.F.);
#2970=ORIENTED_EDGE('',*,*,#2276,.T.);
#2971=ORIENTED_EDGE('',*,*,#2277,.T.);
#2972=ORIENTED_EDGE('',*,*,#2273,.F.);
#2973=ORIENTED_EDGE('',*,*,#2278,.F.);
#2974=ORIENTED_EDGE('',*,*,#2271,.T.);
#2975=ORIENTED_EDGE('',*,*,#2279,.T.);
#2976=ORIENTED_EDGE('',*,*,#2276,.F.);
#2977=ORIENTED_EDGE('',*,*,#2279,.F.);
#2978=ORIENTED_EDGE('',*,*,#2270,.F.);
#2979=ORIENTED_EDGE('',*,*,#2274,.F.);
#2980=ORIENTED_EDGE('',*,*,#2277,.F.);
#2981=ORIENTED_EDGE('',*,*,#2280,.F.);
#2982=ORIENTED_EDGE('',*,*,#2281,.T.);
#2983=ORIENTED_EDGE('',*,*,#2282,.T.);
#2984=ORIENTED_EDGE('',*,*,#2283,.F.);
#2985=ORIENTED_EDGE('',*,*,#2284,.F.);
#2986=ORIENTED_EDGE('',*,*,#2285,.T.);
#2987=ORIENTED_EDGE('',*,*,#2286,.T.);
#2988=ORIENTED_EDGE('',*,*,#2281,.F.);
#2989=ORIENTED_EDGE('',*,*,#2287,.F.);
#2990=ORIENTED_EDGE('',*,*,#2288,.T.);
#2991=ORIENTED_EDGE('',*,*,#2289,.T.);
#2992=ORIENTED_EDGE('',*,*,#2285,.F.);
#2993=ORIENTED_EDGE('',*,*,#2290,.F.);
#2994=ORIENTED_EDGE('',*,*,#2291,.T.);
#2995=ORIENTED_EDGE('',*,*,#2292,.T.);
#2996=ORIENTED_EDGE('',*,*,#2288,.F.);
#2997=ORIENTED_EDGE('',*,*,#2293,.F.);
#2998=ORIENTED_EDGE('',*,*,#2294,.T.);
#2999=ORIENTED_EDGE('',*,*,#2295,.T.);
#3000=ORIENTED_EDGE('',*,*,#2291,.F.);
#3001=ORIENTED_EDGE('',*,*,#2296,.F.);
#3002=ORIENTED_EDGE('',*,*,#2297,.T.);
#3003=ORIENTED_EDGE('',*,*,#2298,.T.);
#3004=ORIENTED_EDGE('',*,*,#2294,.F.);
#3005=ORIENTED_EDGE('',*,*,#2299,.F.);
#3006=ORIENTED_EDGE('',*,*,#2300,.T.);
#3007=ORIENTED_EDGE('',*,*,#2301,.T.);
#3008=ORIENTED_EDGE('',*,*,#2297,.F.);
#3009=ORIENTED_EDGE('',*,*,#2302,.F.);
#3010=ORIENTED_EDGE('',*,*,#2303,.T.);
#3011=ORIENTED_EDGE('',*,*,#2304,.T.);
#3012=ORIENTED_EDGE('',*,*,#2300,.F.);
#3013=ORIENTED_EDGE('',*,*,#2305,.F.);
#3014=ORIENTED_EDGE('',*,*,#2306,.T.);
#3015=ORIENTED_EDGE('',*,*,#2307,.T.);
#3016=ORIENTED_EDGE('',*,*,#2303,.F.);
#3017=ORIENTED_EDGE('',*,*,#2308,.F.);
#3018=ORIENTED_EDGE('',*,*,#2309,.T.);
#3019=ORIENTED_EDGE('',*,*,#2310,.T.);
#3020=ORIENTED_EDGE('',*,*,#2306,.F.);
#3021=ORIENTED_EDGE('',*,*,#2311,.F.);
#3022=ORIENTED_EDGE('',*,*,#2312,.T.);
#3023=ORIENTED_EDGE('',*,*,#2313,.T.);
#3024=ORIENTED_EDGE('',*,*,#2309,.F.);
#3025=ORIENTED_EDGE('',*,*,#2314,.F.);
#3026=ORIENTED_EDGE('',*,*,#2315,.T.);
#3027=ORIENTED_EDGE('',*,*,#2316,.T.);
#3028=ORIENTED_EDGE('',*,*,#2312,.F.);
#3029=ORIENTED_EDGE('',*,*,#2317,.F.);
#3030=ORIENTED_EDGE('',*,*,#2283,.T.);
#3031=ORIENTED_EDGE('',*,*,#2318,.T.);
#3032=ORIENTED_EDGE('',*,*,#2315,.F.);
#3033=ORIENTED_EDGE('',*,*,#2318,.F.);
#3034=ORIENTED_EDGE('',*,*,#2282,.F.);
#3035=ORIENTED_EDGE('',*,*,#2286,.F.);
#3036=ORIENTED_EDGE('',*,*,#2289,.F.);
#3037=ORIENTED_EDGE('',*,*,#2292,.F.);
#3038=ORIENTED_EDGE('',*,*,#2295,.F.);
#3039=ORIENTED_EDGE('',*,*,#2298,.F.);
#3040=ORIENTED_EDGE('',*,*,#2301,.F.);
#3041=ORIENTED_EDGE('',*,*,#2304,.F.);
#3042=ORIENTED_EDGE('',*,*,#2307,.F.);
#3043=ORIENTED_EDGE('',*,*,#2310,.F.);
#3044=ORIENTED_EDGE('',*,*,#2313,.F.);
#3045=ORIENTED_EDGE('',*,*,#2316,.F.);
#3046=ORIENTED_EDGE('',*,*,#2319,.F.);
#3047=ORIENTED_EDGE('',*,*,#2320,.T.);
#3048=ORIENTED_EDGE('',*,*,#2321,.T.);
#3049=ORIENTED_EDGE('',*,*,#2322,.F.);
#3050=ORIENTED_EDGE('',*,*,#2323,.F.);
#3051=ORIENTED_EDGE('',*,*,#2324,.T.);
#3052=ORIENTED_EDGE('',*,*,#2325,.T.);
#3053=ORIENTED_EDGE('',*,*,#2320,.F.);
#3054=ORIENTED_EDGE('',*,*,#2326,.F.);
#3055=ORIENTED_EDGE('',*,*,#2327,.T.);
#3056=ORIENTED_EDGE('',*,*,#2328,.T.);
#3057=ORIENTED_EDGE('',*,*,#2324,.F.);
#3058=ORIENTED_EDGE('',*,*,#2329,.F.);
#3059=ORIENTED_EDGE('',*,*,#2322,.T.);
#3060=ORIENTED_EDGE('',*,*,#2330,.T.);
#3061=ORIENTED_EDGE('',*,*,#2327,.F.);
#3062=ORIENTED_EDGE('',*,*,#2330,.F.);
#3063=ORIENTED_EDGE('',*,*,#2321,.F.);
#3064=ORIENTED_EDGE('',*,*,#2325,.F.);
#3065=ORIENTED_EDGE('',*,*,#2328,.F.);
#3066=ORIENTED_EDGE('',*,*,#2331,.F.);
#3067=ORIENTED_EDGE('',*,*,#2332,.T.);
#3068=ORIENTED_EDGE('',*,*,#2333,.T.);
#3069=ORIENTED_EDGE('',*,*,#2334,.F.);
#3070=ORIENTED_EDGE('',*,*,#2335,.F.);
#3071=ORIENTED_EDGE('',*,*,#2336,.T.);
#3072=ORIENTED_EDGE('',*,*,#2337,.T.);
#3073=ORIENTED_EDGE('',*,*,#2332,.F.);
#3074=ORIENTED_EDGE('',*,*,#2338,.F.);
#3075=ORIENTED_EDGE('',*,*,#2339,.T.);
#3076=ORIENTED_EDGE('',*,*,#2340,.T.);
#3077=ORIENTED_EDGE('',*,*,#2336,.F.);
#3078=ORIENTED_EDGE('',*,*,#2341,.F.);
#3079=ORIENTED_EDGE('',*,*,#2342,.T.);
#3080=ORIENTED_EDGE('',*,*,#2343,.T.);
#3081=ORIENTED_EDGE('',*,*,#2339,.F.);
#3082=ORIENTED_EDGE('',*,*,#2344,.F.);
#3083=ORIENTED_EDGE('',*,*,#2345,.T.);
#3084=ORIENTED_EDGE('',*,*,#2346,.T.);
#3085=ORIENTED_EDGE('',*,*,#2342,.F.);
#3086=ORIENTED_EDGE('',*,*,#2347,.F.);
#3087=ORIENTED_EDGE('',*,*,#2348,.T.);
#3088=ORIENTED_EDGE('',*,*,#2349,.T.);
#3089=ORIENTED_EDGE('',*,*,#2345,.F.);
#3090=ORIENTED_EDGE('',*,*,#2350,.F.);
#3091=ORIENTED_EDGE('',*,*,#2351,.T.);
#3092=ORIENTED_EDGE('',*,*,#2352,.T.);
#3093=ORIENTED_EDGE('',*,*,#2348,.F.);
#3094=ORIENTED_EDGE('',*,*,#2353,.F.);
#3095=ORIENTED_EDGE('',*,*,#2354,.T.);
#3096=ORIENTED_EDGE('',*,*,#2355,.T.);
#3097=ORIENTED_EDGE('',*,*,#2351,.F.);
#3098=ORIENTED_EDGE('',*,*,#2356,.F.);
#3099=ORIENTED_EDGE('',*,*,#2357,.T.);
#3100=ORIENTED_EDGE('',*,*,#2358,.T.);
#3101=ORIENTED_EDGE('',*,*,#2354,.F.);
#3102=ORIENTED_EDGE('',*,*,#2359,.F.);
#3103=ORIENTED_EDGE('',*,*,#2360,.T.);
#3104=ORIENTED_EDGE('',*,*,#2361,.T.);
#3105=ORIENTED_EDGE('',*,*,#2357,.F.);
#3106=ORIENTED_EDGE('',*,*,#2362,.F.);
#3107=ORIENTED_EDGE('',*,*,#2363,.T.);
#3108=ORIENTED_EDGE('',*,*,#2364,.T.);
#3109=ORIENTED_EDGE('',*,*,#2360,.F.);
#3110=ORIENTED_EDGE('',*,*,#2365,.F.);
#3111=ORIENTED_EDGE('',*,*,#2366,.T.);
#3112=ORIENTED_EDGE('',*,*,#2367,.T.);
#3113=ORIENTED_EDGE('',*,*,#2363,.F.);
#3114=ORIENTED_EDGE('',*,*,#2368,.F.);
#3115=ORIENTED_EDGE('',*,*,#2369,.T.);
#3116=ORIENTED_EDGE('',*,*,#2370,.T.);
#3117=ORIENTED_EDGE('',*,*,#2366,.F.);
#3118=ORIENTED_EDGE('',*,*,#2371,.F.);
#3119=ORIENTED_EDGE('',*,*,#2372,.T.);
#3120=ORIENTED_EDGE('',*,*,#2373,.T.);
#3121=ORIENTED_EDGE('',*,*,#2369,.F.);
#3122=ORIENTED_EDGE('',*,*,#2374,.F.);
#3123=ORIENTED_EDGE('',*,*,#2375,.T.);
#3124=ORIENTED_EDGE('',*,*,#2376,.T.);
#3125=ORIENTED_EDGE('',*,*,#2372,.F.);
#3126=ORIENTED_EDGE('',*,*,#2377,.F.);
#3127=ORIENTED_EDGE('',*,*,#2378,.T.);
#3128=ORIENTED_EDGE('',*,*,#2379,.T.);
#3129=ORIENTED_EDGE('',*,*,#2375,.F.);
#3130=ORIENTED_EDGE('',*,*,#2380,.F.);
#3131=ORIENTED_EDGE('',*,*,#2381,.T.);
#3132=ORIENTED_EDGE('',*,*,#2382,.T.);
#3133=ORIENTED_EDGE('',*,*,#2378,.F.);
#3134=ORIENTED_EDGE('',*,*,#2383,.F.);
#3135=ORIENTED_EDGE('',*,*,#2384,.T.);
#3136=ORIENTED_EDGE('',*,*,#2385,.T.);
#3137=ORIENTED_EDGE('',*,*,#2381,.F.);
#3138=ORIENTED_EDGE('',*,*,#2386,.F.);
#3139=ORIENTED_EDGE('',*,*,#2387,.T.);
#3140=ORIENTED_EDGE('',*,*,#2388,.T.);
#3141=ORIENTED_EDGE('',*,*,#2384,.F.);
#3142=ORIENTED_EDGE('',*,*,#2389,.F.);
#3143=ORIENTED_EDGE('',*,*,#2334,.T.);
#3144=ORIENTED_EDGE('',*,*,#2390,.T.);
#3145=ORIENTED_EDGE('',*,*,#2387,.F.);
#3146=ORIENTED_EDGE('',*,*,#2390,.F.);
#3147=ORIENTED_EDGE('',*,*,#2333,.F.);
#3148=ORIENTED_EDGE('',*,*,#2337,.F.);
#3149=ORIENTED_EDGE('',*,*,#2340,.F.);
#3150=ORIENTED_EDGE('',*,*,#2343,.F.);
#3151=ORIENTED_EDGE('',*,*,#2346,.F.);
#3152=ORIENTED_EDGE('',*,*,#2349,.F.);
#3153=ORIENTED_EDGE('',*,*,#2352,.F.);
#3154=ORIENTED_EDGE('',*,*,#2355,.F.);
#3155=ORIENTED_EDGE('',*,*,#2358,.F.);
#3156=ORIENTED_EDGE('',*,*,#2361,.F.);
#3157=ORIENTED_EDGE('',*,*,#2364,.F.);
#3158=ORIENTED_EDGE('',*,*,#2367,.F.);
#3159=ORIENTED_EDGE('',*,*,#2370,.F.);
#3160=ORIENTED_EDGE('',*,*,#2373,.F.);
#3161=ORIENTED_EDGE('',*,*,#2376,.F.);
#3162=ORIENTED_EDGE('',*,*,#2379,.F.);
#3163=ORIENTED_EDGE('',*,*,#2382,.F.);
#3164=ORIENTED_EDGE('',*,*,#2385,.F.);
#3165=ORIENTED_EDGE('',*,*,#2388,.F.);
#3166=ORIENTED_EDGE('',*,*,#2391,.F.);
#3167=ORIENTED_EDGE('',*,*,#2392,.T.);
#3168=ORIENTED_EDGE('',*,*,#2393,.T.);
#3169=ORIENTED_EDGE('',*,*,#2394,.F.);
#3170=ORIENTED_EDGE('',*,*,#2395,.F.);
#3171=ORIENTED_EDGE('',*,*,#2396,.T.);
#3172=ORIENTED_EDGE('',*,*,#2397,.T.);
#3173=ORIENTED_EDGE('',*,*,#2392,.F.);
#3174=ORIENTED_EDGE('',*,*,#2398,.F.);
#3175=ORIENTED_EDGE('',*,*,#2399,.T.);
#3176=ORIENTED_EDGE('',*,*,#2400,.T.);
#3177=ORIENTED_EDGE('',*,*,#2396,.F.);
#3178=ORIENTED_EDGE('',*,*,#2401,.F.);
#3179=ORIENTED_EDGE('',*,*,#2394,.T.);
#3180=ORIENTED_EDGE('',*,*,#2402,.T.);
#3181=ORIENTED_EDGE('',*,*,#2399,.F.);
#3182=ORIENTED_EDGE('',*,*,#2402,.F.);
#3183=ORIENTED_EDGE('',*,*,#2393,.F.);
#3184=ORIENTED_EDGE('',*,*,#2397,.F.);
#3185=ORIENTED_EDGE('',*,*,#2400,.F.);
#3186=ORIENTED_EDGE('',*,*,#2403,.F.);
#3187=ORIENTED_EDGE('',*,*,#2404,.T.);
#3188=ORIENTED_EDGE('',*,*,#2405,.T.);
#3189=ORIENTED_EDGE('',*,*,#2406,.F.);
#3190=ORIENTED_EDGE('',*,*,#2407,.F.);
#3191=ORIENTED_EDGE('',*,*,#2408,.T.);
#3192=ORIENTED_EDGE('',*,*,#2409,.T.);
#3193=ORIENTED_EDGE('',*,*,#2404,.F.);
#3194=ORIENTED_EDGE('',*,*,#2410,.F.);
#3195=ORIENTED_EDGE('',*,*,#2411,.T.);
#3196=ORIENTED_EDGE('',*,*,#2412,.T.);
#3197=ORIENTED_EDGE('',*,*,#2408,.F.);
#3198=ORIENTED_EDGE('',*,*,#2413,.F.);
#3199=ORIENTED_EDGE('',*,*,#2414,.T.);
#3200=ORIENTED_EDGE('',*,*,#2415,.T.);
#3201=ORIENTED_EDGE('',*,*,#2411,.F.);
#3202=ORIENTED_EDGE('',*,*,#2416,.F.);
#3203=ORIENTED_EDGE('',*,*,#2417,.T.);
#3204=ORIENTED_EDGE('',*,*,#2418,.T.);
#3205=ORIENTED_EDGE('',*,*,#2414,.F.);
#3206=ORIENTED_EDGE('',*,*,#2419,.F.);
#3207=ORIENTED_EDGE('',*,*,#2420,.T.);
#3208=ORIENTED_EDGE('',*,*,#2421,.T.);
#3209=ORIENTED_EDGE('',*,*,#2417,.F.);
#3210=ORIENTED_EDGE('',*,*,#2422,.F.);
#3211=ORIENTED_EDGE('',*,*,#2423,.T.);
#3212=ORIENTED_EDGE('',*,*,#2424,.T.);
#3213=ORIENTED_EDGE('',*,*,#2420,.F.);
#3214=ORIENTED_EDGE('',*,*,#2425,.F.);
#3215=ORIENTED_EDGE('',*,*,#2426,.T.);
#3216=ORIENTED_EDGE('',*,*,#2427,.T.);
#3217=ORIENTED_EDGE('',*,*,#2423,.F.);
#3218=ORIENTED_EDGE('',*,*,#2428,.F.);
#3219=ORIENTED_EDGE('',*,*,#2429,.T.);
#3220=ORIENTED_EDGE('',*,*,#2430,.T.);
#3221=ORIENTED_EDGE('',*,*,#2426,.F.);
#3222=ORIENTED_EDGE('',*,*,#2431,.F.);
#3223=ORIENTED_EDGE('',*,*,#2432,.T.);
#3224=ORIENTED_EDGE('',*,*,#2433,.T.);
#3225=ORIENTED_EDGE('',*,*,#2429,.F.);
#3226=ORIENTED_EDGE('',*,*,#2434,.F.);
#3227=ORIENTED_EDGE('',*,*,#2435,.T.);
#3228=ORIENTED_EDGE('',*,*,#2436,.T.);
#3229=ORIENTED_EDGE('',*,*,#2432,.F.);
#3230=ORIENTED_EDGE('',*,*,#2437,.F.);
#3231=ORIENTED_EDGE('',*,*,#2438,.T.);
#3232=ORIENTED_EDGE('',*,*,#2439,.T.);
#3233=ORIENTED_EDGE('',*,*,#2435,.F.);
#3234=ORIENTED_EDGE('',*,*,#2440,.F.);
#3235=ORIENTED_EDGE('',*,*,#2441,.T.);
#3236=ORIENTED_EDGE('',*,*,#2442,.T.);
#3237=ORIENTED_EDGE('',*,*,#2438,.F.);
#3238=ORIENTED_EDGE('',*,*,#2443,.F.);
#3239=ORIENTED_EDGE('',*,*,#2444,.T.);
#3240=ORIENTED_EDGE('',*,*,#2445,.T.);
#3241=ORIENTED_EDGE('',*,*,#2441,.F.);
#3242=ORIENTED_EDGE('',*,*,#2446,.F.);
#3243=ORIENTED_EDGE('',*,*,#2447,.T.);
#3244=ORIENTED_EDGE('',*,*,#2448,.T.);
#3245=ORIENTED_EDGE('',*,*,#2444,.F.);
#3246=ORIENTED_EDGE('',*,*,#2449,.F.);
#3247=ORIENTED_EDGE('',*,*,#2450,.T.);
#3248=ORIENTED_EDGE('',*,*,#2451,.T.);
#3249=ORIENTED_EDGE('',*,*,#2447,.F.);
#3250=ORIENTED_EDGE('',*,*,#2452,.F.);
#3251=ORIENTED_EDGE('',*,*,#2453,.T.);
#3252=ORIENTED_EDGE('',*,*,#2454,.T.);
#3253=ORIENTED_EDGE('',*,*,#2450,.F.);
#3254=ORIENTED_EDGE('',*,*,#2455,.F.);
#3255=ORIENTED_EDGE('',*,*,#2456,.T.);
#3256=ORIENTED_EDGE('',*,*,#2457,.T.);
#3257=ORIENTED_EDGE('',*,*,#2453,.F.);
#3258=ORIENTED_EDGE('',*,*,#2458,.F.);
#3259=ORIENTED_EDGE('',*,*,#2459,.T.);
#3260=ORIENTED_EDGE('',*,*,#2460,.T.);
#3261=ORIENTED_EDGE('',*,*,#2456,.F.);
#3262=ORIENTED_EDGE('',*,*,#2461,.F.);
#3263=ORIENTED_EDGE('',*,*,#2462,.T.);
#3264=ORIENTED_EDGE('',*,*,#2463,.T.);
#3265=ORIENTED_EDGE('',*,*,#2459,.F.);
#3266=ORIENTED_EDGE('',*,*,#2464,.F.);
#3267=ORIENTED_EDGE('',*,*,#2465,.T.);
#3268=ORIENTED_EDGE('',*,*,#2466,.T.);
#3269=ORIENTED_EDGE('',*,*,#2462,.F.);
#3270=ORIENTED_EDGE('',*,*,#2467,.F.);
#3271=ORIENTED_EDGE('',*,*,#2468,.T.);
#3272=ORIENTED_EDGE('',*,*,#2469,.T.);
#3273=ORIENTED_EDGE('',*,*,#2465,.F.);
#3274=ORIENTED_EDGE('',*,*,#2470,.F.);
#3275=ORIENTED_EDGE('',*,*,#2471,.T.);
#3276=ORIENTED_EDGE('',*,*,#2472,.T.);
#3277=ORIENTED_EDGE('',*,*,#2468,.F.);
#3278=ORIENTED_EDGE('',*,*,#2473,.F.);
#3279=ORIENTED_EDGE('',*,*,#2474,.T.);
#3280=ORIENTED_EDGE('',*,*,#2475,.T.);
#3281=ORIENTED_EDGE('',*,*,#2471,.F.);
#3282=ORIENTED_EDGE('',*,*,#2476,.F.);
#3283=ORIENTED_EDGE('',*,*,#2477,.T.);
#3284=ORIENTED_EDGE('',*,*,#2478,.T.);
#3285=ORIENTED_EDGE('',*,*,#2474,.F.);
#3286=ORIENTED_EDGE('',*,*,#2479,.F.);
#3287=ORIENTED_EDGE('',*,*,#2480,.T.);
#3288=ORIENTED_EDGE('',*,*,#2481,.T.);
#3289=ORIENTED_EDGE('',*,*,#2477,.F.);
#3290=ORIENTED_EDGE('',*,*,#2482,.F.);
#3291=ORIENTED_EDGE('',*,*,#2483,.T.);
#3292=ORIENTED_EDGE('',*,*,#2484,.T.);
#3293=ORIENTED_EDGE('',*,*,#2480,.F.);
#3294=ORIENTED_EDGE('',*,*,#2485,.F.);
#3295=ORIENTED_EDGE('',*,*,#2406,.T.);
#3296=ORIENTED_EDGE('',*,*,#2486,.T.);
#3297=ORIENTED_EDGE('',*,*,#2483,.F.);
#3298=ORIENTED_EDGE('',*,*,#2486,.F.);
#3299=ORIENTED_EDGE('',*,*,#2405,.F.);
#3300=ORIENTED_EDGE('',*,*,#2409,.F.);
#3301=ORIENTED_EDGE('',*,*,#2412,.F.);
#3302=ORIENTED_EDGE('',*,*,#2415,.F.);
#3303=ORIENTED_EDGE('',*,*,#2418,.F.);
#3304=ORIENTED_EDGE('',*,*,#2421,.F.);
#3305=ORIENTED_EDGE('',*,*,#2424,.F.);
#3306=ORIENTED_EDGE('',*,*,#2427,.F.);
#3307=ORIENTED_EDGE('',*,*,#2430,.F.);
#3308=ORIENTED_EDGE('',*,*,#2433,.F.);
#3309=ORIENTED_EDGE('',*,*,#2436,.F.);
#3310=ORIENTED_EDGE('',*,*,#2439,.F.);
#3311=ORIENTED_EDGE('',*,*,#2442,.F.);
#3312=ORIENTED_EDGE('',*,*,#2445,.F.);
#3313=ORIENTED_EDGE('',*,*,#2448,.F.);
#3314=ORIENTED_EDGE('',*,*,#2451,.F.);
#3315=ORIENTED_EDGE('',*,*,#2454,.F.);
#3316=ORIENTED_EDGE('',*,*,#2457,.F.);
#3317=ORIENTED_EDGE('',*,*,#2460,.F.);
#3318=ORIENTED_EDGE('',*,*,#2463,.F.);
#3319=ORIENTED_EDGE('',*,*,#2466,.F.);
#3320=ORIENTED_EDGE('',*,*,#2469,.F.);
#3321=ORIENTED_EDGE('',*,*,#2472,.F.);
#3322=ORIENTED_EDGE('',*,*,#2475,.F.);
#3323=ORIENTED_EDGE('',*,*,#2478,.F.);
#3324=ORIENTED_EDGE('',*,*,#2481,.F.);
#3325=ORIENTED_EDGE('',*,*,#2484,.F.);
#3326=ORIENTED_EDGE('',*,*,#2487,.F.);
#3327=ORIENTED_EDGE('',*,*,#2488,.T.);
#3328=ORIENTED_EDGE('',*,*,#2489,.T.);
#3329=ORIENTED_EDGE('',*,*,#2490,.F.);
#3330=ORIENTED_EDGE('',*,*,#2491,.F.);
#3331=ORIENTED_EDGE('',*,*,#2492,.T.);
#3332=ORIENTED_EDGE('',*,*,#2493,.T.);
#3333=ORIENTED_EDGE('',*,*,#2488,.F.);
#3334=ORIENTED_EDGE('',*,*,#2494,.F.);
#3335=ORIENTED_EDGE('',*,*,#2495,.T.);
#3336=ORIENTED_EDGE('',*,*,#2496,.T.);
#3337=ORIENTED_EDGE('',*,*,#2492,.F.);
#3338=ORIENTED_EDGE('',*,*,#2497,.F.);
#3339=ORIENTED_EDGE('',*,*,#2498,.T.);
#3340=ORIENTED_EDGE('',*,*,#2499,.T.);
#3341=ORIENTED_EDGE('',*,*,#2495,.F.);
#3342=ORIENTED_EDGE('',*,*,#2500,.F.);
#3343=ORIENTED_EDGE('',*,*,#2501,.T.);
#3344=ORIENTED_EDGE('',*,*,#2502,.T.);
#3345=ORIENTED_EDGE('',*,*,#2498,.F.);
#3346=ORIENTED_EDGE('',*,*,#2503,.F.);
#3347=ORIENTED_EDGE('',*,*,#2504,.T.);
#3348=ORIENTED_EDGE('',*,*,#2505,.T.);
#3349=ORIENTED_EDGE('',*,*,#2501,.F.);
#3350=ORIENTED_EDGE('',*,*,#2506,.F.);
#3351=ORIENTED_EDGE('',*,*,#2507,.T.);
#3352=ORIENTED_EDGE('',*,*,#2508,.T.);
#3353=ORIENTED_EDGE('',*,*,#2504,.F.);
#3354=ORIENTED_EDGE('',*,*,#2509,.F.);
#3355=ORIENTED_EDGE('',*,*,#2510,.T.);
#3356=ORIENTED_EDGE('',*,*,#2511,.T.);
#3357=ORIENTED_EDGE('',*,*,#2507,.F.);
#3358=ORIENTED_EDGE('',*,*,#2512,.F.);
#3359=ORIENTED_EDGE('',*,*,#2513,.T.);
#3360=ORIENTED_EDGE('',*,*,#2514,.T.);
#3361=ORIENTED_EDGE('',*,*,#2510,.F.);
#3362=ORIENTED_EDGE('',*,*,#2515,.F.);
#3363=ORIENTED_EDGE('',*,*,#2516,.T.);
#3364=ORIENTED_EDGE('',*,*,#2517,.T.);
#3365=ORIENTED_EDGE('',*,*,#2513,.F.);
#3366=ORIENTED_EDGE('',*,*,#2518,.F.);
#3367=ORIENTED_EDGE('',*,*,#2519,.T.);
#3368=ORIENTED_EDGE('',*,*,#2520,.T.);
#3369=ORIENTED_EDGE('',*,*,#2516,.F.);
#3370=ORIENTED_EDGE('',*,*,#2521,.F.);
#3371=ORIENTED_EDGE('',*,*,#2522,.T.);
#3372=ORIENTED_EDGE('',*,*,#2523,.T.);
#3373=ORIENTED_EDGE('',*,*,#2519,.F.);
#3374=ORIENTED_EDGE('',*,*,#2524,.F.);
#3375=ORIENTED_EDGE('',*,*,#2525,.T.);
#3376=ORIENTED_EDGE('',*,*,#2526,.T.);
#3377=ORIENTED_EDGE('',*,*,#2522,.F.);
#3378=ORIENTED_EDGE('',*,*,#2527,.F.);
#3379=ORIENTED_EDGE('',*,*,#2528,.T.);
#3380=ORIENTED_EDGE('',*,*,#2529,.T.);
#3381=ORIENTED_EDGE('',*,*,#2525,.F.);
#3382=ORIENTED_EDGE('',*,*,#2530,.F.);
#3383=ORIENTED_EDGE('',*,*,#2531,.T.);
#3384=ORIENTED_EDGE('',*,*,#2532,.T.);
#3385=ORIENTED_EDGE('',*,*,#2528,.F.);
#3386=ORIENTED_EDGE('',*,*,#2533,.F.);
#3387=ORIENTED_EDGE('',*,*,#2534,.T.);
#3388=ORIENTED_EDGE('',*,*,#2535,.T.);
#3389=ORIENTED_EDGE('',*,*,#2531,.F.);
#3390=ORIENTED_EDGE('',*,*,#2536,.F.);
#3391=ORIENTED_EDGE('',*,*,#2537,.T.);
#3392=ORIENTED_EDGE('',*,*,#2538,.T.);
#3393=ORIENTED_EDGE('',*,*,#2534,.F.);
#3394=ORIENTED_EDGE('',*,*,#2539,.F.);
#3395=ORIENTED_EDGE('',*,*,#2540,.T.);
#3396=ORIENTED_EDGE('',*,*,#2541,.T.);
#3397=ORIENTED_EDGE('',*,*,#2537,.F.);
#3398=ORIENTED_EDGE('',*,*,#2542,.F.);
#3399=ORIENTED_EDGE('',*,*,#2543,.T.);
#3400=ORIENTED_EDGE('',*,*,#2544,.T.);
#3401=ORIENTED_EDGE('',*,*,#2540,.F.);
#3402=ORIENTED_EDGE('',*,*,#2545,.F.);
#3403=ORIENTED_EDGE('',*,*,#2490,.T.);
#3404=ORIENTED_EDGE('',*,*,#2546,.T.);
#3405=ORIENTED_EDGE('',*,*,#2543,.F.);
#3406=ORIENTED_EDGE('',*,*,#2546,.F.);
#3407=ORIENTED_EDGE('',*,*,#2489,.F.);
#3408=ORIENTED_EDGE('',*,*,#2493,.F.);
#3409=ORIENTED_EDGE('',*,*,#2496,.F.);
#3410=ORIENTED_EDGE('',*,*,#2499,.F.);
#3411=ORIENTED_EDGE('',*,*,#2502,.F.);
#3412=ORIENTED_EDGE('',*,*,#2505,.F.);
#3413=ORIENTED_EDGE('',*,*,#2508,.F.);
#3414=ORIENTED_EDGE('',*,*,#2511,.F.);
#3415=ORIENTED_EDGE('',*,*,#2514,.F.);
#3416=ORIENTED_EDGE('',*,*,#2517,.F.);
#3417=ORIENTED_EDGE('',*,*,#2520,.F.);
#3418=ORIENTED_EDGE('',*,*,#2523,.F.);
#3419=ORIENTED_EDGE('',*,*,#2526,.F.);
#3420=ORIENTED_EDGE('',*,*,#2529,.F.);
#3421=ORIENTED_EDGE('',*,*,#2532,.F.);
#3422=ORIENTED_EDGE('',*,*,#2535,.F.);
#3423=ORIENTED_EDGE('',*,*,#2538,.F.);
#3424=ORIENTED_EDGE('',*,*,#2541,.F.);
#3425=ORIENTED_EDGE('',*,*,#2544,.F.);
#3426=ORIENTED_EDGE('',*,*,#2547,.F.);
#3427=ORIENTED_EDGE('',*,*,#2548,.T.);
#3428=ORIENTED_EDGE('',*,*,#2549,.T.);
#3429=ORIENTED_EDGE('',*,*,#2550,.F.);
#3430=ORIENTED_EDGE('',*,*,#2551,.F.);
#3431=ORIENTED_EDGE('',*,*,#2552,.T.);
#3432=ORIENTED_EDGE('',*,*,#2553,.T.);
#3433=ORIENTED_EDGE('',*,*,#2548,.F.);
#3434=ORIENTED_EDGE('',*,*,#2554,.F.);
#3435=ORIENTED_EDGE('',*,*,#2555,.T.);
#3436=ORIENTED_EDGE('',*,*,#2556,.T.);
#3437=ORIENTED_EDGE('',*,*,#2552,.F.);
#3438=ORIENTED_EDGE('',*,*,#2557,.F.);
#3439=ORIENTED_EDGE('',*,*,#2558,.T.);
#3440=ORIENTED_EDGE('',*,*,#2559,.T.);
#3441=ORIENTED_EDGE('',*,*,#2555,.F.);
#3442=ORIENTED_EDGE('',*,*,#2560,.F.);
#3443=ORIENTED_EDGE('',*,*,#2561,.T.);
#3444=ORIENTED_EDGE('',*,*,#2562,.T.);
#3445=ORIENTED_EDGE('',*,*,#2558,.F.);
#3446=ORIENTED_EDGE('',*,*,#2563,.F.);
#3447=ORIENTED_EDGE('',*,*,#2564,.T.);
#3448=ORIENTED_EDGE('',*,*,#2565,.T.);
#3449=ORIENTED_EDGE('',*,*,#2561,.F.);
#3450=ORIENTED_EDGE('',*,*,#2566,.F.);
#3451=ORIENTED_EDGE('',*,*,#2567,.T.);
#3452=ORIENTED_EDGE('',*,*,#2568,.T.);
#3453=ORIENTED_EDGE('',*,*,#2564,.F.);
#3454=ORIENTED_EDGE('',*,*,#2569,.F.);
#3455=ORIENTED_EDGE('',*,*,#2570,.T.);
#3456=ORIENTED_EDGE('',*,*,#2571,.T.);
#3457=ORIENTED_EDGE('',*,*,#2567,.F.);
#3458=ORIENTED_EDGE('',*,*,#2572,.F.);
#3459=ORIENTED_EDGE('',*,*,#2573,.T.);
#3460=ORIENTED_EDGE('',*,*,#2574,.T.);
#3461=ORIENTED_EDGE('',*,*,#2570,.F.);
#3462=ORIENTED_EDGE('',*,*,#2575,.F.);
#3463=ORIENTED_EDGE('',*,*,#2550,.T.);
#3464=ORIENTED_EDGE('',*,*,#2576,.T.);
#3465=ORIENTED_EDGE('',*,*,#2573,.F.);
#3466=ORIENTED_EDGE('',*,*,#2577,.F.);
#3467=ORIENTED_EDGE('',*,*,#2578,.T.);
#3468=ORIENTED_EDGE('',*,*,#2579,.T.);
#3469=ORIENTED_EDGE('',*,*,#2580,.F.);
#3470=ORIENTED_EDGE('',*,*,#2581,.F.);
#3471=ORIENTED_EDGE('',*,*,#2582,.T.);
#3472=ORIENTED_EDGE('',*,*,#2583,.T.);
#3473=ORIENTED_EDGE('',*,*,#2578,.F.);
#3474=ORIENTED_EDGE('',*,*,#2584,.F.);
#3475=ORIENTED_EDGE('',*,*,#2585,.T.);
#3476=ORIENTED_EDGE('',*,*,#2586,.T.);
#3477=ORIENTED_EDGE('',*,*,#2582,.F.);
#3478=ORIENTED_EDGE('',*,*,#2587,.F.);
#3479=ORIENTED_EDGE('',*,*,#2588,.T.);
#3480=ORIENTED_EDGE('',*,*,#2589,.T.);
#3481=ORIENTED_EDGE('',*,*,#2585,.F.);
#3482=ORIENTED_EDGE('',*,*,#2590,.F.);
#3483=ORIENTED_EDGE('',*,*,#2591,.T.);
#3484=ORIENTED_EDGE('',*,*,#2592,.T.);
#3485=ORIENTED_EDGE('',*,*,#2588,.F.);
#3486=ORIENTED_EDGE('',*,*,#2593,.F.);
#3487=ORIENTED_EDGE('',*,*,#2594,.T.);
#3488=ORIENTED_EDGE('',*,*,#2595,.T.);
#3489=ORIENTED_EDGE('',*,*,#2591,.F.);
#3490=ORIENTED_EDGE('',*,*,#2596,.F.);
#3491=ORIENTED_EDGE('',*,*,#2597,.T.);
#3492=ORIENTED_EDGE('',*,*,#2598,.T.);
#3493=ORIENTED_EDGE('',*,*,#2594,.F.);
#3494=ORIENTED_EDGE('',*,*,#2599,.F.);
#3495=ORIENTED_EDGE('',*,*,#2600,.T.);
#3496=ORIENTED_EDGE('',*,*,#2601,.T.);
#3497=ORIENTED_EDGE('',*,*,#2597,.F.);
#3498=ORIENTED_EDGE('',*,*,#2602,.F.);
#3499=ORIENTED_EDGE('',*,*,#2603,.T.);
#3500=ORIENTED_EDGE('',*,*,#2604,.T.);
#3501=ORIENTED_EDGE('',*,*,#2600,.F.);
#3502=ORIENTED_EDGE('',*,*,#2605,.F.);
#3503=ORIENTED_EDGE('',*,*,#2606,.T.);
#3504=ORIENTED_EDGE('',*,*,#2607,.T.);
#3505=ORIENTED_EDGE('',*,*,#2603,.F.);
#3506=ORIENTED_EDGE('',*,*,#2608,.F.);
#3507=ORIENTED_EDGE('',*,*,#2609,.T.);
#3508=ORIENTED_EDGE('',*,*,#2610,.T.);
#3509=ORIENTED_EDGE('',*,*,#2606,.F.);
#3510=ORIENTED_EDGE('',*,*,#2611,.F.);
#3511=ORIENTED_EDGE('',*,*,#2612,.T.);
#3512=ORIENTED_EDGE('',*,*,#2613,.T.);
#3513=ORIENTED_EDGE('',*,*,#2609,.F.);
#3514=ORIENTED_EDGE('',*,*,#2614,.F.);
#3515=ORIENTED_EDGE('',*,*,#2615,.T.);
#3516=ORIENTED_EDGE('',*,*,#2616,.T.);
#3517=ORIENTED_EDGE('',*,*,#2612,.F.);
#3518=ORIENTED_EDGE('',*,*,#2617,.F.);
#3519=ORIENTED_EDGE('',*,*,#2618,.T.);
#3520=ORIENTED_EDGE('',*,*,#2619,.T.);
#3521=ORIENTED_EDGE('',*,*,#2615,.F.);
#3522=ORIENTED_EDGE('',*,*,#2620,.F.);
#3523=ORIENTED_EDGE('',*,*,#2621,.T.);
#3524=ORIENTED_EDGE('',*,*,#2622,.T.);
#3525=ORIENTED_EDGE('',*,*,#2618,.F.);
#3526=ORIENTED_EDGE('',*,*,#2623,.F.);
#3527=ORIENTED_EDGE('',*,*,#2624,.T.);
#3528=ORIENTED_EDGE('',*,*,#2625,.T.);
#3529=ORIENTED_EDGE('',*,*,#2621,.F.);
#3530=ORIENTED_EDGE('',*,*,#2626,.F.);
#3531=ORIENTED_EDGE('',*,*,#2627,.T.);
#3532=ORIENTED_EDGE('',*,*,#2628,.T.);
#3533=ORIENTED_EDGE('',*,*,#2624,.F.);
#3534=ORIENTED_EDGE('',*,*,#2629,.F.);
#3535=ORIENTED_EDGE('',*,*,#2630,.T.);
#3536=ORIENTED_EDGE('',*,*,#2631,.T.);
#3537=ORIENTED_EDGE('',*,*,#2627,.F.);
#3538=ORIENTED_EDGE('',*,*,#2632,.F.);
#3539=ORIENTED_EDGE('',*,*,#2633,.T.);
#3540=ORIENTED_EDGE('',*,*,#2634,.T.);
#3541=ORIENTED_EDGE('',*,*,#2630,.F.);
#3542=ORIENTED_EDGE('',*,*,#2635,.F.);
#3543=ORIENTED_EDGE('',*,*,#2636,.T.);
#3544=ORIENTED_EDGE('',*,*,#2637,.T.);
#3545=ORIENTED_EDGE('',*,*,#2633,.F.);
#3546=ORIENTED_EDGE('',*,*,#2638,.F.);
#3547=ORIENTED_EDGE('',*,*,#2639,.T.);
#3548=ORIENTED_EDGE('',*,*,#2640,.T.);
#3549=ORIENTED_EDGE('',*,*,#2636,.F.);
#3550=ORIENTED_EDGE('',*,*,#2641,.F.);
#3551=ORIENTED_EDGE('',*,*,#2642,.T.);
#3552=ORIENTED_EDGE('',*,*,#2643,.T.);
#3553=ORIENTED_EDGE('',*,*,#2639,.F.);
#3554=ORIENTED_EDGE('',*,*,#2644,.F.);
#3555=ORIENTED_EDGE('',*,*,#2645,.T.);
#3556=ORIENTED_EDGE('',*,*,#2646,.T.);
#3557=ORIENTED_EDGE('',*,*,#2642,.F.);
#3558=ORIENTED_EDGE('',*,*,#2647,.F.);
#3559=ORIENTED_EDGE('',*,*,#2648,.T.);
#3560=ORIENTED_EDGE('',*,*,#2649,.T.);
#3561=ORIENTED_EDGE('',*,*,#2645,.F.);
#3562=ORIENTED_EDGE('',*,*,#2650,.F.);
#3563=ORIENTED_EDGE('',*,*,#2651,.T.);
#3564=ORIENTED_EDGE('',*,*,#2652,.T.);
#3565=ORIENTED_EDGE('',*,*,#2648,.F.);
#3566=ORIENTED_EDGE('',*,*,#2653,.F.);
#3567=ORIENTED_EDGE('',*,*,#2654,.T.);
#3568=ORIENTED_EDGE('',*,*,#2655,.T.);
#3569=ORIENTED_EDGE('',*,*,#2651,.F.);
#3570=ORIENTED_EDGE('',*,*,#2656,.F.);
#3571=ORIENTED_EDGE('',*,*,#2580,.T.);
#3572=ORIENTED_EDGE('',*,*,#2657,.T.);
#3573=ORIENTED_EDGE('',*,*,#2654,.F.);
#3574=ORIENTED_EDGE('',*,*,#2657,.F.);
#3575=ORIENTED_EDGE('',*,*,#2579,.F.);
#3576=ORIENTED_EDGE('',*,*,#2583,.F.);
#3577=ORIENTED_EDGE('',*,*,#2586,.F.);
#3578=ORIENTED_EDGE('',*,*,#2589,.F.);
#3579=ORIENTED_EDGE('',*,*,#2592,.F.);
#3580=ORIENTED_EDGE('',*,*,#2595,.F.);
#3581=ORIENTED_EDGE('',*,*,#2598,.F.);
#3582=ORIENTED_EDGE('',*,*,#2601,.F.);
#3583=ORIENTED_EDGE('',*,*,#2604,.F.);
#3584=ORIENTED_EDGE('',*,*,#2607,.F.);
#3585=ORIENTED_EDGE('',*,*,#2610,.F.);
#3586=ORIENTED_EDGE('',*,*,#2613,.F.);
#3587=ORIENTED_EDGE('',*,*,#2616,.F.);
#3588=ORIENTED_EDGE('',*,*,#2619,.F.);
#3589=ORIENTED_EDGE('',*,*,#2622,.F.);
#3590=ORIENTED_EDGE('',*,*,#2625,.F.);
#3591=ORIENTED_EDGE('',*,*,#2628,.F.);
#3592=ORIENTED_EDGE('',*,*,#2631,.F.);
#3593=ORIENTED_EDGE('',*,*,#2634,.F.);
#3594=ORIENTED_EDGE('',*,*,#2637,.F.);
#3595=ORIENTED_EDGE('',*,*,#2640,.F.);
#3596=ORIENTED_EDGE('',*,*,#2643,.F.);
#3597=ORIENTED_EDGE('',*,*,#2646,.F.);
#3598=ORIENTED_EDGE('',*,*,#2649,.F.);
#3599=ORIENTED_EDGE('',*,*,#2652,.F.);
#3600=ORIENTED_EDGE('',*,*,#2655,.F.);
#3601=ORIENTED_EDGE('',*,*,#2576,.F.);
#3602=ORIENTED_EDGE('',*,*,#2549,.F.);
#3603=ORIENTED_EDGE('',*,*,#2553,.F.);
#3604=ORIENTED_EDGE('',*,*,#2556,.F.);
#3605=ORIENTED_EDGE('',*,*,#2559,.F.);
#3606=ORIENTED_EDGE('',*,*,#2562,.F.);
#3607=ORIENTED_EDGE('',*,*,#2565,.F.);
#3608=ORIENTED_EDGE('',*,*,#2568,.F.);
#3609=ORIENTED_EDGE('',*,*,#2571,.F.);
#3610=ORIENTED_EDGE('',*,*,#2574,.F.);
#3611=ORIENTED_EDGE('',*,*,#2658,.F.);
#3612=ORIENTED_EDGE('',*,*,#2659,.T.);
#3613=ORIENTED_EDGE('',*,*,#2660,.T.);
#3614=ORIENTED_EDGE('',*,*,#2661,.F.);
#3615=ORIENTED_EDGE('',*,*,#2662,.F.);
#3616=ORIENTED_EDGE('',*,*,#2663,.T.);
#3617=ORIENTED_EDGE('',*,*,#2664,.T.);
#3618=ORIENTED_EDGE('',*,*,#2659,.F.);
#3619=ORIENTED_EDGE('',*,*,#2665,.F.);
#3620=ORIENTED_EDGE('',*,*,#2666,.T.);
#3621=ORIENTED_EDGE('',*,*,#2667,.T.);
#3622=ORIENTED_EDGE('',*,*,#2663,.F.);
#3623=ORIENTED_EDGE('',*,*,#2668,.F.);
#3624=ORIENTED_EDGE('',*,*,#2661,.T.);
#3625=ORIENTED_EDGE('',*,*,#2669,.T.);
#3626=ORIENTED_EDGE('',*,*,#2666,.F.);
#3627=ORIENTED_EDGE('',*,*,#2669,.F.);
#3628=ORIENTED_EDGE('',*,*,#2660,.F.);
#3629=ORIENTED_EDGE('',*,*,#2664,.F.);
#3630=ORIENTED_EDGE('',*,*,#2667,.F.);
#3631=ORIENTED_EDGE('',*,*,#2670,.F.);
#3632=ORIENTED_EDGE('',*,*,#2671,.T.);
#3633=ORIENTED_EDGE('',*,*,#2672,.T.);
#3634=ORIENTED_EDGE('',*,*,#2673,.F.);
#3635=ORIENTED_EDGE('',*,*,#2674,.F.);
#3636=ORIENTED_EDGE('',*,*,#2675,.T.);
#3637=ORIENTED_EDGE('',*,*,#2676,.T.);
#3638=ORIENTED_EDGE('',*,*,#2671,.F.);
#3639=ORIENTED_EDGE('',*,*,#2677,.F.);
#3640=ORIENTED_EDGE('',*,*,#2678,.T.);
#3641=ORIENTED_EDGE('',*,*,#2679,.T.);
#3642=ORIENTED_EDGE('',*,*,#2675,.F.);
#3643=ORIENTED_EDGE('',*,*,#2680,.F.);
#3644=ORIENTED_EDGE('',*,*,#2681,.T.);
#3645=ORIENTED_EDGE('',*,*,#2682,.T.);
#3646=ORIENTED_EDGE('',*,*,#2678,.F.);
#3647=ORIENTED_EDGE('',*,*,#2683,.F.);
#3648=ORIENTED_EDGE('',*,*,#2673,.T.);
#3649=ORIENTED_EDGE('',*,*,#2684,.T.);
#3650=ORIENTED_EDGE('',*,*,#2681,.F.);
#3651=ORIENTED_EDGE('',*,*,#2685,.F.);
#3652=ORIENTED_EDGE('',*,*,#2686,.T.);
#3653=ORIENTED_EDGE('',*,*,#2687,.T.);
#3654=ORIENTED_EDGE('',*,*,#2688,.F.);
#3655=ORIENTED_EDGE('',*,*,#2689,.F.);
#3656=ORIENTED_EDGE('',*,*,#2690,.T.);
#3657=ORIENTED_EDGE('',*,*,#2691,.T.);
#3658=ORIENTED_EDGE('',*,*,#2686,.F.);
#3659=ORIENTED_EDGE('',*,*,#2692,.F.);
#3660=ORIENTED_EDGE('',*,*,#2693,.T.);
#3661=ORIENTED_EDGE('',*,*,#2694,.T.);
#3662=ORIENTED_EDGE('',*,*,#2690,.F.);
#3663=ORIENTED_EDGE('',*,*,#2695,.F.);
#3664=ORIENTED_EDGE('',*,*,#2696,.T.);
#3665=ORIENTED_EDGE('',*,*,#2697,.T.);
#3666=ORIENTED_EDGE('',*,*,#2693,.F.);
#3667=ORIENTED_EDGE('',*,*,#2698,.F.);
#3668=ORIENTED_EDGE('',*,*,#2699,.T.);
#3669=ORIENTED_EDGE('',*,*,#2700,.T.);
#3670=ORIENTED_EDGE('',*,*,#2696,.F.);
#3671=ORIENTED_EDGE('',*,*,#2701,.F.);
#3672=ORIENTED_EDGE('',*,*,#2702,.T.);
#3673=ORIENTED_EDGE('',*,*,#2703,.T.);
#3674=ORIENTED_EDGE('',*,*,#2699,.F.);
#3675=ORIENTED_EDGE('',*,*,#2704,.F.);
#3676=ORIENTED_EDGE('',*,*,#2705,.T.);
#3677=ORIENTED_EDGE('',*,*,#2706,.T.);
#3678=ORIENTED_EDGE('',*,*,#2702,.F.);
#3679=ORIENTED_EDGE('',*,*,#2707,.F.);
#3680=ORIENTED_EDGE('',*,*,#2708,.T.);
#3681=ORIENTED_EDGE('',*,*,#2709,.T.);
#3682=ORIENTED_EDGE('',*,*,#2705,.F.);
#3683=ORIENTED_EDGE('',*,*,#2710,.F.);
#3684=ORIENTED_EDGE('',*,*,#2711,.T.);
#3685=ORIENTED_EDGE('',*,*,#2712,.T.);
#3686=ORIENTED_EDGE('',*,*,#2708,.F.);
#3687=ORIENTED_EDGE('',*,*,#2713,.F.);
#3688=ORIENTED_EDGE('',*,*,#2714,.T.);
#3689=ORIENTED_EDGE('',*,*,#2715,.T.);
#3690=ORIENTED_EDGE('',*,*,#2711,.F.);
#3691=ORIENTED_EDGE('',*,*,#2716,.F.);
#3692=ORIENTED_EDGE('',*,*,#2717,.T.);
#3693=ORIENTED_EDGE('',*,*,#2718,.T.);
#3694=ORIENTED_EDGE('',*,*,#2714,.F.);
#3695=ORIENTED_EDGE('',*,*,#2719,.F.);
#3696=ORIENTED_EDGE('',*,*,#2720,.T.);
#3697=ORIENTED_EDGE('',*,*,#2721,.T.);
#3698=ORIENTED_EDGE('',*,*,#2717,.F.);
#3699=ORIENTED_EDGE('',*,*,#2722,.F.);
#3700=ORIENTED_EDGE('',*,*,#2723,.T.);
#3701=ORIENTED_EDGE('',*,*,#2724,.T.);
#3702=ORIENTED_EDGE('',*,*,#2720,.F.);
#3703=ORIENTED_EDGE('',*,*,#2725,.F.);
#3704=ORIENTED_EDGE('',*,*,#2726,.T.);
#3705=ORIENTED_EDGE('',*,*,#2727,.T.);
#3706=ORIENTED_EDGE('',*,*,#2723,.F.);
#3707=ORIENTED_EDGE('',*,*,#2728,.F.);
#3708=ORIENTED_EDGE('',*,*,#2688,.T.);
#3709=ORIENTED_EDGE('',*,*,#2729,.T.);
#3710=ORIENTED_EDGE('',*,*,#2726,.F.);
#3711=ORIENTED_EDGE('',*,*,#2729,.F.);
#3712=ORIENTED_EDGE('',*,*,#2687,.F.);
#3713=ORIENTED_EDGE('',*,*,#2691,.F.);
#3714=ORIENTED_EDGE('',*,*,#2694,.F.);
#3715=ORIENTED_EDGE('',*,*,#2697,.F.);
#3716=ORIENTED_EDGE('',*,*,#2700,.F.);
#3717=ORIENTED_EDGE('',*,*,#2703,.F.);
#3718=ORIENTED_EDGE('',*,*,#2706,.F.);
#3719=ORIENTED_EDGE('',*,*,#2709,.F.);
#3720=ORIENTED_EDGE('',*,*,#2712,.F.);
#3721=ORIENTED_EDGE('',*,*,#2715,.F.);
#3722=ORIENTED_EDGE('',*,*,#2718,.F.);
#3723=ORIENTED_EDGE('',*,*,#2721,.F.);
#3724=ORIENTED_EDGE('',*,*,#2724,.F.);
#3725=ORIENTED_EDGE('',*,*,#2727,.F.);
#3726=ORIENTED_EDGE('',*,*,#2684,.F.);
#3727=ORIENTED_EDGE('',*,*,#2672,.F.);
#3728=ORIENTED_EDGE('',*,*,#2676,.F.);
#3729=ORIENTED_EDGE('',*,*,#2679,.F.);
#3730=ORIENTED_EDGE('',*,*,#2682,.F.);
#3731=ORIENTED_EDGE('',*,*,#2730,.F.);
#3732=ORIENTED_EDGE('',*,*,#2731,.T.);
#3733=ORIENTED_EDGE('',*,*,#2732,.T.);
#3734=ORIENTED_EDGE('',*,*,#2733,.F.);
#3735=ORIENTED_EDGE('',*,*,#2734,.F.);
#3736=ORIENTED_EDGE('',*,*,#2735,.T.);
#3737=ORIENTED_EDGE('',*,*,#2736,.T.);
#3738=ORIENTED_EDGE('',*,*,#2731,.F.);
#3739=ORIENTED_EDGE('',*,*,#2737,.F.);
#3740=ORIENTED_EDGE('',*,*,#2738,.T.);
#3741=ORIENTED_EDGE('',*,*,#2739,.T.);
#3742=ORIENTED_EDGE('',*,*,#2735,.F.);
#3743=ORIENTED_EDGE('',*,*,#2740,.F.);
#3744=ORIENTED_EDGE('',*,*,#2741,.T.);
#3745=ORIENTED_EDGE('',*,*,#2742,.T.);
#3746=ORIENTED_EDGE('',*,*,#2738,.F.);
#3747=ORIENTED_EDGE('',*,*,#2743,.F.);
#3748=ORIENTED_EDGE('',*,*,#2744,.T.);
#3749=ORIENTED_EDGE('',*,*,#2745,.T.);
#3750=ORIENTED_EDGE('',*,*,#2741,.F.);
#3751=ORIENTED_EDGE('',*,*,#2746,.F.);
#3752=ORIENTED_EDGE('',*,*,#2747,.T.);
#3753=ORIENTED_EDGE('',*,*,#2748,.T.);
#3754=ORIENTED_EDGE('',*,*,#2744,.F.);
#3755=ORIENTED_EDGE('',*,*,#2749,.F.);
#3756=ORIENTED_EDGE('',*,*,#2750,.T.);
#3757=ORIENTED_EDGE('',*,*,#2751,.T.);
#3758=ORIENTED_EDGE('',*,*,#2747,.F.);
#3759=ORIENTED_EDGE('',*,*,#2752,.F.);
#3760=ORIENTED_EDGE('',*,*,#2753,.T.);
#3761=ORIENTED_EDGE('',*,*,#2754,.T.);
#3762=ORIENTED_EDGE('',*,*,#2750,.F.);
#3763=ORIENTED_EDGE('',*,*,#2755,.F.);
#3764=ORIENTED_EDGE('',*,*,#2756,.T.);
#3765=ORIENTED_EDGE('',*,*,#2757,.T.);
#3766=ORIENTED_EDGE('',*,*,#2753,.F.);
#3767=ORIENTED_EDGE('',*,*,#2758,.F.);
#3768=ORIENTED_EDGE('',*,*,#2759,.T.);
#3769=ORIENTED_EDGE('',*,*,#2760,.T.);
#3770=ORIENTED_EDGE('',*,*,#2756,.F.);
#3771=ORIENTED_EDGE('',*,*,#2761,.F.);
#3772=ORIENTED_EDGE('',*,*,#2762,.T.);
#3773=ORIENTED_EDGE('',*,*,#2763,.T.);
#3774=ORIENTED_EDGE('',*,*,#2759,.F.);
#3775=ORIENTED_EDGE('',*,*,#2764,.F.);
#3776=ORIENTED_EDGE('',*,*,#2765,.T.);
#3777=ORIENTED_EDGE('',*,*,#2766,.T.);
#3778=ORIENTED_EDGE('',*,*,#2762,.F.);
#3779=ORIENTED_EDGE('',*,*,#2767,.F.);
#3780=ORIENTED_EDGE('',*,*,#2768,.T.);
#3781=ORIENTED_EDGE('',*,*,#2769,.T.);
#3782=ORIENTED_EDGE('',*,*,#2765,.F.);
#3783=ORIENTED_EDGE('',*,*,#2770,.F.);
#3784=ORIENTED_EDGE('',*,*,#2771,.T.);
#3785=ORIENTED_EDGE('',*,*,#2772,.T.);
#3786=ORIENTED_EDGE('',*,*,#2768,.F.);
#3787=ORIENTED_EDGE('',*,*,#2773,.F.);
#3788=ORIENTED_EDGE('',*,*,#2774,.T.);
#3789=ORIENTED_EDGE('',*,*,#2775,.T.);
#3790=ORIENTED_EDGE('',*,*,#2771,.F.);
#3791=ORIENTED_EDGE('',*,*,#2776,.F.);
#3792=ORIENTED_EDGE('',*,*,#2777,.T.);
#3793=ORIENTED_EDGE('',*,*,#2778,.T.);
#3794=ORIENTED_EDGE('',*,*,#2774,.F.);
#3795=ORIENTED_EDGE('',*,*,#2779,.F.);
#3796=ORIENTED_EDGE('',*,*,#2780,.T.);
#3797=ORIENTED_EDGE('',*,*,#2781,.T.);
#3798=ORIENTED_EDGE('',*,*,#2777,.F.);
#3799=ORIENTED_EDGE('',*,*,#2782,.F.);
#3800=ORIENTED_EDGE('',*,*,#2733,.T.);
#3801=ORIENTED_EDGE('',*,*,#2783,.T.);
#3802=ORIENTED_EDGE('',*,*,#2780,.F.);
#3803=ORIENTED_EDGE('',*,*,#2783,.F.);
#3804=ORIENTED_EDGE('',*,*,#2732,.F.);
#3805=ORIENTED_EDGE('',*,*,#2736,.F.);
#3806=ORIENTED_EDGE('',*,*,#2739,.F.);
#3807=ORIENTED_EDGE('',*,*,#2742,.F.);
#3808=ORIENTED_EDGE('',*,*,#2745,.F.);
#3809=ORIENTED_EDGE('',*,*,#2748,.F.);
#3810=ORIENTED_EDGE('',*,*,#2751,.F.);
#3811=ORIENTED_EDGE('',*,*,#2754,.F.);
#3812=ORIENTED_EDGE('',*,*,#2757,.F.);
#3813=ORIENTED_EDGE('',*,*,#2760,.F.);
#3814=ORIENTED_EDGE('',*,*,#2763,.F.);
#3815=ORIENTED_EDGE('',*,*,#2766,.F.);
#3816=ORIENTED_EDGE('',*,*,#2769,.F.);
#3817=ORIENTED_EDGE('',*,*,#2772,.F.);
#3818=ORIENTED_EDGE('',*,*,#2775,.F.);
#3819=ORIENTED_EDGE('',*,*,#2778,.F.);
#3820=ORIENTED_EDGE('',*,*,#2781,.F.);
#3821=ORIENTED_EDGE('',*,*,#2784,.F.);
#3822=ORIENTED_EDGE('',*,*,#2785,.T.);
#3823=ORIENTED_EDGE('',*,*,#2786,.T.);
#3824=ORIENTED_EDGE('',*,*,#2787,.F.);
#3825=ORIENTED_EDGE('',*,*,#2788,.F.);
#3826=ORIENTED_EDGE('',*,*,#2789,.T.);
#3827=ORIENTED_EDGE('',*,*,#2790,.T.);
#3828=ORIENTED_EDGE('',*,*,#2785,.F.);
#3829=ORIENTED_EDGE('',*,*,#2791,.F.);
#3830=ORIENTED_EDGE('',*,*,#2792,.T.);
#3831=ORIENTED_EDGE('',*,*,#2793,.T.);
#3832=ORIENTED_EDGE('',*,*,#2789,.F.);
#3833=ORIENTED_EDGE('',*,*,#2794,.F.);
#3834=ORIENTED_EDGE('',*,*,#2787,.T.);
#3835=ORIENTED_EDGE('',*,*,#2795,.T.);
#3836=ORIENTED_EDGE('',*,*,#2792,.F.);
#3837=ORIENTED_EDGE('',*,*,#2795,.F.);
#3838=ORIENTED_EDGE('',*,*,#2786,.F.);
#3839=ORIENTED_EDGE('',*,*,#2790,.F.);
#3840=ORIENTED_EDGE('',*,*,#2793,.F.);
#3841=ORIENTED_EDGE('',*,*,#2796,.F.);
#3842=ORIENTED_EDGE('',*,*,#2797,.T.);
#3843=ORIENTED_EDGE('',*,*,#2798,.T.);
#3844=ORIENTED_EDGE('',*,*,#2799,.F.);
#3845=ORIENTED_EDGE('',*,*,#2800,.F.);
#3846=ORIENTED_EDGE('',*,*,#2801,.T.);
#3847=ORIENTED_EDGE('',*,*,#2802,.T.);
#3848=ORIENTED_EDGE('',*,*,#2797,.F.);
#3849=ORIENTED_EDGE('',*,*,#2803,.F.);
#3850=ORIENTED_EDGE('',*,*,#2804,.T.);
#3851=ORIENTED_EDGE('',*,*,#2805,.T.);
#3852=ORIENTED_EDGE('',*,*,#2801,.F.);
#3853=ORIENTED_EDGE('',*,*,#2806,.F.);
#3854=ORIENTED_EDGE('',*,*,#2807,.T.);
#3855=ORIENTED_EDGE('',*,*,#2808,.T.);
#3856=ORIENTED_EDGE('',*,*,#2804,.F.);
#3857=ORIENTED_EDGE('',*,*,#2809,.F.);
#3858=ORIENTED_EDGE('',*,*,#2810,.T.);
#3859=ORIENTED_EDGE('',*,*,#2811,.T.);
#3860=ORIENTED_EDGE('',*,*,#2807,.F.);
#3861=ORIENTED_EDGE('',*,*,#2812,.F.);
#3862=ORIENTED_EDGE('',*,*,#2813,.T.);
#3863=ORIENTED_EDGE('',*,*,#2814,.T.);
#3864=ORIENTED_EDGE('',*,*,#2810,.F.);
#3865=ORIENTED_EDGE('',*,*,#2815,.F.);
#3866=ORIENTED_EDGE('',*,*,#2816,.T.);
#3867=ORIENTED_EDGE('',*,*,#2817,.T.);
#3868=ORIENTED_EDGE('',*,*,#2813,.F.);
#3869=ORIENTED_EDGE('',*,*,#2818,.F.);
#3870=ORIENTED_EDGE('',*,*,#2799,.T.);
#3871=ORIENTED_EDGE('',*,*,#2819,.T.);
#3872=ORIENTED_EDGE('',*,*,#2816,.F.);
#3873=ORIENTED_EDGE('',*,*,#2820,.F.);
#3874=ORIENTED_EDGE('',*,*,#2821,.T.);
#3875=ORIENTED_EDGE('',*,*,#2822,.T.);
#3876=ORIENTED_EDGE('',*,*,#2823,.F.);
#3877=ORIENTED_EDGE('',*,*,#2824,.F.);
#3878=ORIENTED_EDGE('',*,*,#2825,.T.);
#3879=ORIENTED_EDGE('',*,*,#2826,.T.);
#3880=ORIENTED_EDGE('',*,*,#2821,.F.);
#3881=ORIENTED_EDGE('',*,*,#2827,.F.);
#3882=ORIENTED_EDGE('',*,*,#2828,.T.);
#3883=ORIENTED_EDGE('',*,*,#2829,.T.);
#3884=ORIENTED_EDGE('',*,*,#2825,.F.);
#3885=ORIENTED_EDGE('',*,*,#2830,.F.);
#3886=ORIENTED_EDGE('',*,*,#2831,.T.);
#3887=ORIENTED_EDGE('',*,*,#2832,.T.);
#3888=ORIENTED_EDGE('',*,*,#2828,.F.);
#3889=ORIENTED_EDGE('',*,*,#2833,.F.);
#3890=ORIENTED_EDGE('',*,*,#2834,.T.);
#3891=ORIENTED_EDGE('',*,*,#2835,.T.);
#3892=ORIENTED_EDGE('',*,*,#2831,.F.);
#3893=ORIENTED_EDGE('',*,*,#2836,.F.);
#3894=ORIENTED_EDGE('',*,*,#2837,.T.);
#3895=ORIENTED_EDGE('',*,*,#2838,.T.);
#3896=ORIENTED_EDGE('',*,*,#2834,.F.);
#3897=ORIENTED_EDGE('',*,*,#2839,.F.);
#3898=ORIENTED_EDGE('',*,*,#2840,.T.);
#3899=ORIENTED_EDGE('',*,*,#2841,.T.);
#3900=ORIENTED_EDGE('',*,*,#2837,.F.);
#3901=ORIENTED_EDGE('',*,*,#2842,.F.);
#3902=ORIENTED_EDGE('',*,*,#2843,.T.);
#3903=ORIENTED_EDGE('',*,*,#2844,.T.);
#3904=ORIENTED_EDGE('',*,*,#2840,.F.);
#3905=ORIENTED_EDGE('',*,*,#2845,.F.);
#3906=ORIENTED_EDGE('',*,*,#2846,.T.);
#3907=ORIENTED_EDGE('',*,*,#2847,.T.);
#3908=ORIENTED_EDGE('',*,*,#2843,.F.);
#3909=ORIENTED_EDGE('',*,*,#2848,.F.);
#3910=ORIENTED_EDGE('',*,*,#2849,.T.);
#3911=ORIENTED_EDGE('',*,*,#2850,.T.);
#3912=ORIENTED_EDGE('',*,*,#2846,.F.);
#3913=ORIENTED_EDGE('',*,*,#2851,.F.);
#3914=ORIENTED_EDGE('',*,*,#2852,.T.);
#3915=ORIENTED_EDGE('',*,*,#2853,.T.);
#3916=ORIENTED_EDGE('',*,*,#2849,.F.);
#3917=ORIENTED_EDGE('',*,*,#2854,.F.);
#3918=ORIENTED_EDGE('',*,*,#2855,.T.);
#3919=ORIENTED_EDGE('',*,*,#2856,.T.);
#3920=ORIENTED_EDGE('',*,*,#2852,.F.);
#3921=ORIENTED_EDGE('',*,*,#2857,.F.);
#3922=ORIENTED_EDGE('',*,*,#2858,.T.);
#3923=ORIENTED_EDGE('',*,*,#2859,.T.);
#3924=ORIENTED_EDGE('',*,*,#2855,.F.);
#3925=ORIENTED_EDGE('',*,*,#2860,.F.);
#3926=ORIENTED_EDGE('',*,*,#2861,.T.);
#3927=ORIENTED_EDGE('',*,*,#2862,.T.);
#3928=ORIENTED_EDGE('',*,*,#2858,.F.);
#3929=ORIENTED_EDGE('',*,*,#2863,.F.);
#3930=ORIENTED_EDGE('',*,*,#2823,.T.);
#3931=ORIENTED_EDGE('',*,*,#2864,.T.);
#3932=ORIENTED_EDGE('',*,*,#2861,.F.);
#3933=ORIENTED_EDGE('',*,*,#2864,.F.);
#3934=ORIENTED_EDGE('',*,*,#2822,.F.);
#3935=ORIENTED_EDGE('',*,*,#2826,.F.);
#3936=ORIENTED_EDGE('',*,*,#2829,.F.);
#3937=ORIENTED_EDGE('',*,*,#2832,.F.);
#3938=ORIENTED_EDGE('',*,*,#2835,.F.);
#3939=ORIENTED_EDGE('',*,*,#2838,.F.);
#3940=ORIENTED_EDGE('',*,*,#2841,.F.);
#3941=ORIENTED_EDGE('',*,*,#2844,.F.);
#3942=ORIENTED_EDGE('',*,*,#2847,.F.);
#3943=ORIENTED_EDGE('',*,*,#2850,.F.);
#3944=ORIENTED_EDGE('',*,*,#2853,.F.);
#3945=ORIENTED_EDGE('',*,*,#2856,.F.);
#3946=ORIENTED_EDGE('',*,*,#2859,.F.);
#3947=ORIENTED_EDGE('',*,*,#2862,.F.);
#3948=ORIENTED_EDGE('',*,*,#2819,.F.);
#3949=ORIENTED_EDGE('',*,*,#2798,.F.);
#3950=ORIENTED_EDGE('',*,*,#2802,.F.);
#3951=ORIENTED_EDGE('',*,*,#2805,.F.);
#3952=ORIENTED_EDGE('',*,*,#2808,.F.);
#3953=ORIENTED_EDGE('',*,*,#2811,.F.);
#3954=ORIENTED_EDGE('',*,*,#2814,.F.);
#3955=ORIENTED_EDGE('',*,*,#2817,.F.);
#3956=ORIENTED_EDGE('',*,*,#2865,.F.);
#3957=ORIENTED_EDGE('',*,*,#2866,.F.);
#3958=ORIENTED_EDGE('',*,*,#2867,.F.);
#3959=ORIENTED_EDGE('',*,*,#2698,.T.);
#3960=ORIENTED_EDGE('',*,*,#2695,.T.);
#3961=ORIENTED_EDGE('',*,*,#2692,.T.);
#3962=ORIENTED_EDGE('',*,*,#2689,.T.);
#3963=ORIENTED_EDGE('',*,*,#2685,.T.);
#3964=ORIENTED_EDGE('',*,*,#2728,.T.);
#3965=ORIENTED_EDGE('',*,*,#2725,.T.);
#3966=ORIENTED_EDGE('',*,*,#2722,.T.);
#3967=ORIENTED_EDGE('',*,*,#2719,.T.);
#3968=ORIENTED_EDGE('',*,*,#2716,.T.);
#3969=ORIENTED_EDGE('',*,*,#2713,.T.);
#3970=ORIENTED_EDGE('',*,*,#2710,.T.);
#3971=ORIENTED_EDGE('',*,*,#2707,.T.);
#3972=ORIENTED_EDGE('',*,*,#2704,.T.);
#3973=ORIENTED_EDGE('',*,*,#2701,.T.);
#3974=ORIENTED_EDGE('',*,*,#2868,.F.);
#3975=ORIENTED_EDGE('',*,*,#2869,.F.);
#3976=ORIENTED_EDGE('',*,*,#2820,.T.);
#3977=ORIENTED_EDGE('',*,*,#2863,.T.);
#3978=ORIENTED_EDGE('',*,*,#2860,.T.);
#3979=ORIENTED_EDGE('',*,*,#2857,.T.);
#3980=ORIENTED_EDGE('',*,*,#2854,.T.);
#3981=ORIENTED_EDGE('',*,*,#2851,.T.);
#3982=ORIENTED_EDGE('',*,*,#2848,.T.);
#3983=ORIENTED_EDGE('',*,*,#2845,.T.);
#3984=ORIENTED_EDGE('',*,*,#2842,.T.);
#3985=ORIENTED_EDGE('',*,*,#2839,.T.);
#3986=ORIENTED_EDGE('',*,*,#2836,.T.);
#3987=ORIENTED_EDGE('',*,*,#2833,.T.);
#3988=ORIENTED_EDGE('',*,*,#2830,.T.);
#3989=ORIENTED_EDGE('',*,*,#2827,.T.);
#3990=ORIENTED_EDGE('',*,*,#2824,.T.);
#3991=ORIENTED_EDGE('',*,*,#2784,.T.);
#3992=ORIENTED_EDGE('',*,*,#2794,.T.);
#3993=ORIENTED_EDGE('',*,*,#2791,.T.);
#3994=ORIENTED_EDGE('',*,*,#2788,.T.);
#3995=ORIENTED_EDGE('',*,*,#2730,.T.);
#3996=ORIENTED_EDGE('',*,*,#2782,.T.);
#3997=ORIENTED_EDGE('',*,*,#2779,.T.);
#3998=ORIENTED_EDGE('',*,*,#2776,.T.);
#3999=ORIENTED_EDGE('',*,*,#2773,.T.);
#4000=ORIENTED_EDGE('',*,*,#2770,.T.);
#4001=ORIENTED_EDGE('',*,*,#2767,.T.);
#4002=ORIENTED_EDGE('',*,*,#2764,.T.);
#4003=ORIENTED_EDGE('',*,*,#2761,.T.);
#4004=ORIENTED_EDGE('',*,*,#2758,.T.);
#4005=ORIENTED_EDGE('',*,*,#2755,.T.);
#4006=ORIENTED_EDGE('',*,*,#2752,.T.);
#4007=ORIENTED_EDGE('',*,*,#2749,.T.);
#4008=ORIENTED_EDGE('',*,*,#2746,.T.);
#4009=ORIENTED_EDGE('',*,*,#2743,.T.);
#4010=ORIENTED_EDGE('',*,*,#2740,.T.);
#4011=ORIENTED_EDGE('',*,*,#2737,.T.);
#4012=ORIENTED_EDGE('',*,*,#2734,.T.);
#4013=ORIENTED_EDGE('',*,*,#2658,.T.);
#4014=ORIENTED_EDGE('',*,*,#2668,.T.);
#4015=ORIENTED_EDGE('',*,*,#2665,.T.);
#4016=ORIENTED_EDGE('',*,*,#2662,.T.);
#4017=ORIENTED_EDGE('',*,*,#2577,.T.);
#4018=ORIENTED_EDGE('',*,*,#2656,.T.);
#4019=ORIENTED_EDGE('',*,*,#2653,.T.);
#4020=ORIENTED_EDGE('',*,*,#2650,.T.);
#4021=ORIENTED_EDGE('',*,*,#2647,.T.);
#4022=ORIENTED_EDGE('',*,*,#2644,.T.);
#4023=ORIENTED_EDGE('',*,*,#2641,.T.);
#4024=ORIENTED_EDGE('',*,*,#2638,.T.);
#4025=ORIENTED_EDGE('',*,*,#2635,.T.);
#4026=ORIENTED_EDGE('',*,*,#2632,.T.);
#4027=ORIENTED_EDGE('',*,*,#2629,.T.);
#4028=ORIENTED_EDGE('',*,*,#2626,.T.);
#4029=ORIENTED_EDGE('',*,*,#2623,.T.);
#4030=ORIENTED_EDGE('',*,*,#2620,.T.);
#4031=ORIENTED_EDGE('',*,*,#2617,.T.);
#4032=ORIENTED_EDGE('',*,*,#2614,.T.);
#4033=ORIENTED_EDGE('',*,*,#2611,.T.);
#4034=ORIENTED_EDGE('',*,*,#2608,.T.);
#4035=ORIENTED_EDGE('',*,*,#2605,.T.);
#4036=ORIENTED_EDGE('',*,*,#2602,.T.);
#4037=ORIENTED_EDGE('',*,*,#2599,.T.);
#4038=ORIENTED_EDGE('',*,*,#2596,.T.);
#4039=ORIENTED_EDGE('',*,*,#2593,.T.);
#4040=ORIENTED_EDGE('',*,*,#2590,.T.);
#4041=ORIENTED_EDGE('',*,*,#2587,.T.);
#4042=ORIENTED_EDGE('',*,*,#2584,.T.);
#4043=ORIENTED_EDGE('',*,*,#2581,.T.);
#4044=ORIENTED_EDGE('',*,*,#2487,.T.);
#4045=ORIENTED_EDGE('',*,*,#2545,.T.);
#4046=ORIENTED_EDGE('',*,*,#2542,.T.);
#4047=ORIENTED_EDGE('',*,*,#2539,.T.);
#4048=ORIENTED_EDGE('',*,*,#2536,.T.);
#4049=ORIENTED_EDGE('',*,*,#2533,.T.);
#4050=ORIENTED_EDGE('',*,*,#2530,.T.);
#4051=ORIENTED_EDGE('',*,*,#2527,.T.);
#4052=ORIENTED_EDGE('',*,*,#2524,.T.);
#4053=ORIENTED_EDGE('',*,*,#2521,.T.);
#4054=ORIENTED_EDGE('',*,*,#2518,.T.);
#4055=ORIENTED_EDGE('',*,*,#2515,.T.);
#4056=ORIENTED_EDGE('',*,*,#2512,.T.);
#4057=ORIENTED_EDGE('',*,*,#2509,.T.);
#4058=ORIENTED_EDGE('',*,*,#2506,.T.);
#4059=ORIENTED_EDGE('',*,*,#2503,.T.);
#4060=ORIENTED_EDGE('',*,*,#2500,.T.);
#4061=ORIENTED_EDGE('',*,*,#2497,.T.);
#4062=ORIENTED_EDGE('',*,*,#2494,.T.);
#4063=ORIENTED_EDGE('',*,*,#2491,.T.);
#4064=ORIENTED_EDGE('',*,*,#2403,.T.);
#4065=ORIENTED_EDGE('',*,*,#2485,.T.);
#4066=ORIENTED_EDGE('',*,*,#2482,.T.);
#4067=ORIENTED_EDGE('',*,*,#2479,.T.);
#4068=ORIENTED_EDGE('',*,*,#2476,.T.);
#4069=ORIENTED_EDGE('',*,*,#2473,.T.);
#4070=ORIENTED_EDGE('',*,*,#2470,.T.);
#4071=ORIENTED_EDGE('',*,*,#2467,.T.);
#4072=ORIENTED_EDGE('',*,*,#2464,.T.);
#4073=ORIENTED_EDGE('',*,*,#2461,.T.);
#4074=ORIENTED_EDGE('',*,*,#2458,.T.);
#4075=ORIENTED_EDGE('',*,*,#2455,.T.);
#4076=ORIENTED_EDGE('',*,*,#2452,.T.);
#4077=ORIENTED_EDGE('',*,*,#2449,.T.);
#4078=ORIENTED_EDGE('',*,*,#2446,.T.);
#4079=ORIENTED_EDGE('',*,*,#2443,.T.);
#4080=ORIENTED_EDGE('',*,*,#2440,.T.);
#4081=ORIENTED_EDGE('',*,*,#2437,.T.);
#4082=ORIENTED_EDGE('',*,*,#2434,.T.);
#4083=ORIENTED_EDGE('',*,*,#2431,.T.);
#4084=ORIENTED_EDGE('',*,*,#2428,.T.);
#4085=ORIENTED_EDGE('',*,*,#2425,.T.);
#4086=ORIENTED_EDGE('',*,*,#2422,.T.);
#4087=ORIENTED_EDGE('',*,*,#2419,.T.);
#4088=ORIENTED_EDGE('',*,*,#2416,.T.);
#4089=ORIENTED_EDGE('',*,*,#2413,.T.);
#4090=ORIENTED_EDGE('',*,*,#2410,.T.);
#4091=ORIENTED_EDGE('',*,*,#2407,.T.);
#4092=ORIENTED_EDGE('',*,*,#2391,.T.);
#4093=ORIENTED_EDGE('',*,*,#2401,.T.);
#4094=ORIENTED_EDGE('',*,*,#2398,.T.);
#4095=ORIENTED_EDGE('',*,*,#2395,.T.);
#4096=ORIENTED_EDGE('',*,*,#2331,.T.);
#4097=ORIENTED_EDGE('',*,*,#2389,.T.);
#4098=ORIENTED_EDGE('',*,*,#2386,.T.);
#4099=ORIENTED_EDGE('',*,*,#2383,.T.);
#4100=ORIENTED_EDGE('',*,*,#2380,.T.);
#4101=ORIENTED_EDGE('',*,*,#2377,.T.);
#4102=ORIENTED_EDGE('',*,*,#2374,.T.);
#4103=ORIENTED_EDGE('',*,*,#2371,.T.);
#4104=ORIENTED_EDGE('',*,*,#2368,.T.);
#4105=ORIENTED_EDGE('',*,*,#2365,.T.);
#4106=ORIENTED_EDGE('',*,*,#2362,.T.);
#4107=ORIENTED_EDGE('',*,*,#2359,.T.);
#4108=ORIENTED_EDGE('',*,*,#2356,.T.);
#4109=ORIENTED_EDGE('',*,*,#2353,.T.);
#4110=ORIENTED_EDGE('',*,*,#2350,.T.);
#4111=ORIENTED_EDGE('',*,*,#2347,.T.);
#4112=ORIENTED_EDGE('',*,*,#2344,.T.);
#4113=ORIENTED_EDGE('',*,*,#2341,.T.);
#4114=ORIENTED_EDGE('',*,*,#2338,.T.);
#4115=ORIENTED_EDGE('',*,*,#2335,.T.);
#4116=ORIENTED_EDGE('',*,*,#2319,.T.);
#4117=ORIENTED_EDGE('',*,*,#2329,.T.);
#4118=ORIENTED_EDGE('',*,*,#2326,.T.);
#4119=ORIENTED_EDGE('',*,*,#2323,.T.);
#4120=ORIENTED_EDGE('',*,*,#2280,.T.);
#4121=ORIENTED_EDGE('',*,*,#2317,.T.);
#4122=ORIENTED_EDGE('',*,*,#2314,.T.);
#4123=ORIENTED_EDGE('',*,*,#2311,.T.);
#4124=ORIENTED_EDGE('',*,*,#2308,.T.);
#4125=ORIENTED_EDGE('',*,*,#2305,.T.);
#4126=ORIENTED_EDGE('',*,*,#2302,.T.);
#4127=ORIENTED_EDGE('',*,*,#2299,.T.);
#4128=ORIENTED_EDGE('',*,*,#2296,.T.);
#4129=ORIENTED_EDGE('',*,*,#2293,.T.);
#4130=ORIENTED_EDGE('',*,*,#2290,.T.);
#4131=ORIENTED_EDGE('',*,*,#2287,.T.);
#4132=ORIENTED_EDGE('',*,*,#2284,.T.);
#4133=ORIENTED_EDGE('',*,*,#2796,.T.);
#4134=ORIENTED_EDGE('',*,*,#2818,.T.);
#4135=ORIENTED_EDGE('',*,*,#2815,.T.);
#4136=ORIENTED_EDGE('',*,*,#2812,.T.);
#4137=ORIENTED_EDGE('',*,*,#2809,.T.);
#4138=ORIENTED_EDGE('',*,*,#2806,.T.);
#4139=ORIENTED_EDGE('',*,*,#2803,.T.);
#4140=ORIENTED_EDGE('',*,*,#2800,.T.);
#4141=ORIENTED_EDGE('',*,*,#2547,.T.);
#4142=ORIENTED_EDGE('',*,*,#2575,.T.);
#4143=ORIENTED_EDGE('',*,*,#2572,.T.);
#4144=ORIENTED_EDGE('',*,*,#2569,.T.);
#4145=ORIENTED_EDGE('',*,*,#2566,.T.);
#4146=ORIENTED_EDGE('',*,*,#2563,.T.);
#4147=ORIENTED_EDGE('',*,*,#2560,.T.);
#4148=ORIENTED_EDGE('',*,*,#2557,.T.);
#4149=ORIENTED_EDGE('',*,*,#2554,.T.);
#4150=ORIENTED_EDGE('',*,*,#2551,.T.);
#4151=ORIENTED_EDGE('',*,*,#2870,.F.);
#4152=ORIENTED_EDGE('',*,*,#2871,.F.);
#4153=ORIENTED_EDGE('',*,*,#2872,.F.);
#4154=ORIENTED_EDGE('',*,*,#2873,.T.);
#4155=ORIENTED_EDGE('',*,*,#2865,.T.);
#4156=ORIENTED_EDGE('',*,*,#2871,.T.);
#4157=ORIENTED_EDGE('',*,*,#2874,.T.);
#4158=ORIENTED_EDGE('',*,*,#2875,.F.);
#4159=ORIENTED_EDGE('',*,*,#2876,.F.);
#4160=ORIENTED_EDGE('',*,*,#2877,.F.);
#4161=ORIENTED_EDGE('',*,*,#2878,.T.);
#4162=ORIENTED_EDGE('',*,*,#2879,.T.);
#4163=ORIENTED_EDGE('',*,*,#2876,.T.);
#4164=ORIENTED_EDGE('',*,*,#2868,.T.);
#4165=ORIENTED_EDGE('',*,*,#2867,.T.);
#4166=ORIENTED_EDGE('',*,*,#2880,.F.);
#4167=ORIENTED_EDGE('',*,*,#2881,.F.);
#4168=ORIENTED_EDGE('',*,*,#2882,.F.);
#4169=ORIENTED_EDGE('',*,*,#2883,.T.);
#4170=ORIENTED_EDGE('',*,*,#2884,.T.);
#4171=ORIENTED_EDGE('',*,*,#2881,.T.);
#4172=ORIENTED_EDGE('',*,*,#2885,.T.);
#4173=ORIENTED_EDGE('',*,*,#2870,.T.);
#4174=ORIENTED_EDGE('',*,*,#2886,.T.);
#4175=ORIENTED_EDGE('',*,*,#2882,.T.);
#4176=ORIENTED_EDGE('',*,*,#2887,.T.);
#4177=ORIENTED_EDGE('',*,*,#2888,.F.);
#4178=ORIENTED_EDGE('',*,*,#2889,.F.);
#4179=ORIENTED_EDGE('',*,*,#2890,.F.);
#4180=ORIENTED_EDGE('',*,*,#2891,.T.);
#4181=ORIENTED_EDGE('',*,*,#2892,.T.);
#4182=ORIENTED_EDGE('',*,*,#2889,.T.);
#4183=ORIENTED_EDGE('',*,*,#2893,.T.);
#4184=ORIENTED_EDGE('',*,*,#2880,.T.);
#4185=ORIENTED_EDGE('',*,*,#2894,.T.);
#4186=ORIENTED_EDGE('',*,*,#2890,.T.);
#4187=ORIENTED_EDGE('',*,*,#2895,.T.);
#4188=ORIENTED_EDGE('',*,*,#2888,.T.);
#4189=ORIENTED_EDGE('',*,*,#2896,.T.);
#4190=ORIENTED_EDGE('',*,*,#2877,.T.);
#4191=ORIENTED_EDGE('',*,*,#2897,.T.);
#4192=ORIENTED_EDGE('',*,*,#2875,.T.);
#4193=ORIENTED_EDGE('',*,*,#2898,.T.);
#4194=ORIENTED_EDGE('',*,*,#2872,.T.);
#4195=ORIENTED_EDGE('',*,*,#2869,.T.);
#4196=ORIENTED_EDGE('',*,*,#2874,.F.);
#4197=ORIENTED_EDGE('',*,*,#2887,.F.);
#4198=ORIENTED_EDGE('',*,*,#2884,.F.);
#4199=ORIENTED_EDGE('',*,*,#2899,.F.);
#4200=ORIENTED_EDGE('',*,*,#2900,.T.);
#4201=ORIENTED_EDGE('',*,*,#2901,.F.);
#4202=ORIENTED_EDGE('',*,*,#2902,.T.);
#4203=ORIENTED_EDGE('',*,*,#2903,.F.);
#4204=ORIENTED_EDGE('',*,*,#2904,.T.);
#4205=ORIENTED_EDGE('',*,*,#2905,.F.);
#4206=ORIENTED_EDGE('',*,*,#2906,.T.);
#4207=ORIENTED_EDGE('',*,*,#2907,.F.);
#4208=ORIENTED_EDGE('',*,*,#2885,.F.);
#4209=ORIENTED_EDGE('',*,*,#2895,.F.);
#4210=ORIENTED_EDGE('',*,*,#2892,.F.);
#4211=ORIENTED_EDGE('',*,*,#2908,.F.);
#4212=ORIENTED_EDGE('',*,*,#2909,.T.);
#4213=ORIENTED_EDGE('',*,*,#2886,.F.);
#4214=ORIENTED_EDGE('',*,*,#2898,.F.);
#4215=ORIENTED_EDGE('',*,*,#2896,.F.);
#4216=ORIENTED_EDGE('',*,*,#2894,.F.);
#4217=ORIENTED_EDGE('',*,*,#2910,.T.);
#4218=ORIENTED_EDGE('',*,*,#2911,.T.);
#4219=ORIENTED_EDGE('',*,*,#2912,.T.);
#4220=ORIENTED_EDGE('',*,*,#2913,.T.);
#4221=ORIENTED_EDGE('',*,*,#2914,.T.);
#4222=ORIENTED_EDGE('',*,*,#2915,.T.);
#4223=ORIENTED_EDGE('',*,*,#2905,.T.);
#4224=ORIENTED_EDGE('',*,*,#2916,.T.);
#4225=ORIENTED_EDGE('',*,*,#2915,.F.);
#4226=ORIENTED_EDGE('',*,*,#2917,.F.);
#4227=ORIENTED_EDGE('',*,*,#2918,.F.);
#4228=ORIENTED_EDGE('',*,*,#2906,.F.);
#4229=ORIENTED_EDGE('',*,*,#2919,.T.);
#4230=ORIENTED_EDGE('',*,*,#2920,.T.);
#4231=ORIENTED_EDGE('',*,*,#2907,.T.);
#4232=ORIENTED_EDGE('',*,*,#2918,.T.);
#4233=ORIENTED_EDGE('',*,*,#2920,.F.);
#4234=ORIENTED_EDGE('',*,*,#2921,.F.);
#4235=ORIENTED_EDGE('',*,*,#2922,.F.);
#4236=ORIENTED_EDGE('',*,*,#2900,.F.);
#4237=ORIENTED_EDGE('',*,*,#2923,.T.);
#4238=ORIENTED_EDGE('',*,*,#2924,.T.);
#4239=ORIENTED_EDGE('',*,*,#2901,.T.);
#4240=ORIENTED_EDGE('',*,*,#2922,.T.);
#4241=ORIENTED_EDGE('',*,*,#2924,.F.);
#4242=ORIENTED_EDGE('',*,*,#2925,.F.);
#4243=ORIENTED_EDGE('',*,*,#2926,.F.);
#4244=ORIENTED_EDGE('',*,*,#2902,.F.);
#4245=ORIENTED_EDGE('',*,*,#2927,.T.);
#4246=ORIENTED_EDGE('',*,*,#2928,.T.);
#4247=ORIENTED_EDGE('',*,*,#2903,.T.);
#4248=ORIENTED_EDGE('',*,*,#2926,.T.);
#4249=ORIENTED_EDGE('',*,*,#2916,.F.);
#4250=ORIENTED_EDGE('',*,*,#2904,.F.);
#4251=ORIENTED_EDGE('',*,*,#2928,.F.);
#4252=ORIENTED_EDGE('',*,*,#2929,.F.);
#4253=ORIENTED_EDGE('',*,*,#2930,.F.);
#4254=ORIENTED_EDGE('',*,*,#2931,.T.);
#4255=ORIENTED_EDGE('',*,*,#2909,.F.);
#4256=ORIENTED_EDGE('',*,*,#2931,.F.);
#4257=ORIENTED_EDGE('',*,*,#2932,.F.);
#4258=ORIENTED_EDGE('',*,*,#2933,.T.);
#4259=ORIENTED_EDGE('',*,*,#2912,.F.);
#4260=ORIENTED_EDGE('',*,*,#2934,.F.);
#4261=ORIENTED_EDGE('',*,*,#2256,.T.);
#4262=ORIENTED_EDGE('',*,*,#2266,.T.);
#4263=ORIENTED_EDGE('',*,*,#2263,.T.);
#4264=ORIENTED_EDGE('',*,*,#2260,.T.);
#4265=ORIENTED_EDGE('',*,*,#2935,.F.);
#4266=ORIENTED_EDGE('',*,*,#2936,.T.);
#4267=ORIENTED_EDGE('',*,*,#2913,.F.);
#4268=ORIENTED_EDGE('',*,*,#2933,.F.);
#4269=ORIENTED_EDGE('',*,*,#2937,.F.);
#4270=ORIENTED_EDGE('',*,*,#2934,.T.);
#4271=ORIENTED_EDGE('',*,*,#2911,.F.);
#4272=ORIENTED_EDGE('',*,*,#2938,.F.);
#4273=ORIENTED_EDGE('',*,*,#2930,.T.);
#4274=ORIENTED_EDGE('',*,*,#2939,.F.);
#4275=ORIENTED_EDGE('',*,*,#2938,.T.);
#4276=ORIENTED_EDGE('',*,*,#2910,.F.);
#4277=ORIENTED_EDGE('',*,*,#2936,.F.);
#4278=ORIENTED_EDGE('',*,*,#2268,.T.);
#4279=ORIENTED_EDGE('',*,*,#2278,.T.);
#4280=ORIENTED_EDGE('',*,*,#2275,.T.);
#4281=ORIENTED_EDGE('',*,*,#2272,.T.);
#4282=ORIENTED_EDGE('',*,*,#2921,.T.);
#4283=ORIENTED_EDGE('',*,*,#2919,.F.);
#4284=ORIENTED_EDGE('',*,*,#2917,.T.);
#4285=ORIENTED_EDGE('',*,*,#2914,.F.);
#4286=ORIENTED_EDGE('',*,*,#2929,.T.);
#4287=ORIENTED_EDGE('',*,*,#2927,.F.);
#4288=ORIENTED_EDGE('',*,*,#2925,.T.);
#4289=ORIENTED_EDGE('',*,*,#2923,.F.);
#4290=ORIENTED_EDGE('',*,*,#2879,.F.);
#4291=ORIENTED_EDGE('',*,*,#2940,.F.);
#4292=ORIENTED_EDGE('',*,*,#2893,.F.);
#4293=ORIENTED_EDGE('',*,*,#2897,.F.);
#4294=ORIENTED_EDGE('',*,*,#2670,.T.);
#4295=ORIENTED_EDGE('',*,*,#2683,.T.);
#4296=ORIENTED_EDGE('',*,*,#2680,.T.);
#4297=ORIENTED_EDGE('',*,*,#2677,.T.);
#4298=ORIENTED_EDGE('',*,*,#2674,.T.);
#4299=ORIENTED_EDGE('',*,*,#2935,.T.);
#4300=ORIENTED_EDGE('',*,*,#2932,.T.);
#4301=ORIENTED_EDGE('',*,*,#2937,.T.);
#4302=ORIENTED_EDGE('',*,*,#2939,.T.);
#4303=ORIENTED_EDGE('',*,*,#2873,.F.);
#4304=ORIENTED_EDGE('',*,*,#2899,.T.);
#4305=ORIENTED_EDGE('',*,*,#2883,.F.);
#4306=ORIENTED_EDGE('',*,*,#2908,.T.);
#4307=ORIENTED_EDGE('',*,*,#2891,.F.);
#4308=ORIENTED_EDGE('',*,*,#2940,.T.);
#4309=ORIENTED_EDGE('',*,*,#2878,.F.);
#4310=ORIENTED_EDGE('',*,*,#2866,.T.);
#4311=PLANE('',#4694);
#4312=PLANE('',#4695);
#4313=PLANE('',#4696);
#4314=PLANE('',#4697);
#4315=PLANE('',#4698);
#4316=PLANE('',#4699);
#4317=PLANE('',#4700);
#4318=PLANE('',#4701);
#4319=PLANE('',#4702);
#4320=PLANE('',#4703);
#4321=PLANE('',#4704);
#4322=PLANE('',#4705);
#4323=PLANE('',#4706);
#4324=PLANE('',#4707);
#4325=PLANE('',#4708);
#4326=PLANE('',#4709);
#4327=PLANE('',#4710);
#4328=PLANE('',#4711);
#4329=PLANE('',#4712);
#4330=PLANE('',#4713);
#4331=PLANE('',#4714);
#4332=PLANE('',#4715);
#4333=PLANE('',#4716);
#4334=PLANE('',#4717);
#4335=PLANE('',#4718);
#4336=PLANE('',#4719);
#4337=PLANE('',#4720);
#4338=PLANE('',#4721);
#4339=PLANE('',#4722);
#4340=PLANE('',#4723);
#4341=PLANE('',#4724);
#4342=PLANE('',#4725);
#4343=PLANE('',#4726);
#4344=PLANE('',#4727);
#4345=PLANE('',#4728);
#4346=PLANE('',#4729);
#4347=PLANE('',#4730);
#4348=PLANE('',#4731);
#4349=PLANE('',#4732);
#4350=PLANE('',#4733);
#4351=PLANE('',#4734);
#4352=PLANE('',#4735);
#4353=PLANE('',#4736);
#4354=PLANE('',#4737);
#4355=PLANE('',#4738);
#4356=PLANE('',#4739);
#4357=PLANE('',#4740);
#4358=PLANE('',#4741);
#4359=PLANE('',#4742);
#4360=PLANE('',#4743);
#4361=PLANE('',#4744);
#4362=PLANE('',#4745);
#4363=PLANE('',#4746);
#4364=PLANE('',#4747);
#4365=PLANE('',#4748);
#4366=PLANE('',#4749);
#4367=PLANE('',#4750);
#4368=PLANE('',#4751);
#4369=PLANE('',#4752);
#4370=PLANE('',#4753);
#4371=PLANE('',#4754);
#4372=PLANE('',#4755);
#4373=PLANE('',#4756);
#4374=PLANE('',#4757);
#4375=PLANE('',#4758);
#4376=PLANE('',#4759);
#4377=PLANE('',#4760);
#4378=PLANE('',#4761);
#4379=PLANE('',#4762);
#4380=PLANE('',#4763);
#4381=PLANE('',#4764);
#4382=PLANE('',#4765);
#4383=PLANE('',#4766);
#4384=PLANE('',#4767);
#4385=PLANE('',#4768);
#4386=PLANE('',#4769);
#4387=PLANE('',#4770);
#4388=PLANE('',#4771);
#4389=PLANE('',#4772);
#4390=PLANE('',#4773);
#4391=PLANE('',#4774);
#4392=PLANE('',#4775);
#4393=PLANE('',#4776);
#4394=PLANE('',#4777);
#4395=PLANE('',#4778);
#4396=PLANE('',#4779);
#4397=PLANE('',#4780);
#4398=PLANE('',#4781);
#4399=PLANE('',#4782);
#4400=PLANE('',#4783);
#4401=PLANE('',#4784);
#4402=PLANE('',#4785);
#4403=PLANE('',#4786);
#4404=PLANE('',#4787);
#4405=PLANE('',#4788);
#4406=PLANE('',#4789);
#4407=PLANE('',#4790);
#4408=PLANE('',#4791);
#4409=PLANE('',#4792);
#4410=PLANE('',#4793);
#4411=PLANE('',#4794);
#4412=PLANE('',#4795);
#4413=PLANE('',#4824);
#4414=PLANE('',#4829);
#4415=PLANE('',#4831);
#4416=PLANE('',#4834);
#4417=PLANE('',#4837);
#4418=PLANE('',#4840);
#4419=PLANE('',#4843);
#4420=PLANE('',#4846);
#4421=PLANE('',#4847);
#4422=PLANE('',#4848);
#4423=PLANE('',#4849);
#4424=PLANE('',#4850);
#4425=PLANE('',#4851);
#4426=PLANE('',#4852);
#4427=PLANE('',#4853);
#4428=ADVANCED_FACE('',(#433),#4311,.F.);
#4429=ADVANCED_FACE('',(#434),#4312,.F.);
#4430=ADVANCED_FACE('',(#435),#4313,.F.);
#4431=ADVANCED_FACE('',(#436),#4314,.F.);
#4432=ADVANCED_FACE('',(#437),#4315,.F.);
#4433=ADVANCED_FACE('',(#438),#4316,.F.);
#4434=ADVANCED_FACE('',(#439),#4317,.F.);
#4435=ADVANCED_FACE('',(#440),#4318,.F.);
#4436=ADVANCED_FACE('',(#441),#4319,.F.);
#4437=ADVANCED_FACE('',(#442),#4320,.F.);
#4438=ADVANCED_FACE('',(#443),#4321,.F.);
#4439=ADVANCED_FACE('',(#444),#315,.F.);
#4440=ADVANCED_FACE('',(#445),#316,.F.);
#4441=ADVANCED_FACE('',(#446),#317,.F.);
#4442=ADVANCED_FACE('',(#447),#318,.F.);
#4443=ADVANCED_FACE('',(#448),#4322,.F.);
#4444=ADVANCED_FACE('',(#449),#319,.F.);
#4445=ADVANCED_FACE('',(#450),#320,.F.);
#4446=ADVANCED_FACE('',(#451),#321,.F.);
#4447=ADVANCED_FACE('',(#452),#4323,.F.);
#4448=ADVANCED_FACE('',(#453),#4324,.F.);
#4449=ADVANCED_FACE('',(#454),#4325,.F.);
#4450=ADVANCED_FACE('',(#455),#4326,.F.);
#4451=ADVANCED_FACE('',(#456),#4327,.T.);
#4452=ADVANCED_FACE('',(#457),#4328,.F.);
#4453=ADVANCED_FACE('',(#458),#4329,.F.);
#4454=ADVANCED_FACE('',(#459),#4330,.F.);
#4455=ADVANCED_FACE('',(#460),#4331,.F.);
#4456=ADVANCED_FACE('',(#461),#4332,.F.);
#4457=ADVANCED_FACE('',(#462),#322,.F.);
#4458=ADVANCED_FACE('',(#463),#323,.F.);
#4459=ADVANCED_FACE('',(#464),#324,.F.);
#4460=ADVANCED_FACE('',(#465),#4333,.F.);
#4461=ADVANCED_FACE('',(#466),#4334,.F.);
#4462=ADVANCED_FACE('',(#467),#4335,.F.);
#4463=ADVANCED_FACE('',(#468),#4336,.F.);
#4464=ADVANCED_FACE('',(#469),#4337,.F.);
#4465=ADVANCED_FACE('',(#470),#4338,.F.);
#4466=ADVANCED_FACE('',(#471),#4339,.F.);
#4467=ADVANCED_FACE('',(#472),#4340,.F.);
#4468=ADVANCED_FACE('',(#473),#4341,.F.);
#4469=ADVANCED_FACE('',(#474),#4342,.F.);
#4470=ADVANCED_FACE('',(#475),#4343,.F.);
#4471=ADVANCED_FACE('',(#476),#325,.F.);
#4472=ADVANCED_FACE('',(#477),#326,.F.);
#4473=ADVANCED_FACE('',(#478),#327,.F.);
#4474=ADVANCED_FACE('',(#479),#328,.F.);
#4475=ADVANCED_FACE('',(#480),#4344,.F.);
#4476=ADVANCED_FACE('',(#481),#329,.F.);
#4477=ADVANCED_FACE('',(#482),#4345,.T.);
#4478=ADVANCED_FACE('',(#483),#4346,.F.);
#4479=ADVANCED_FACE('',(#484),#4347,.F.);
#4480=ADVANCED_FACE('',(#485),#4348,.F.);
#4481=ADVANCED_FACE('',(#486),#4349,.F.);
#4482=ADVANCED_FACE('',(#487),#4350,.F.);
#4483=ADVANCED_FACE('',(#488),#4351,.F.);
#4484=ADVANCED_FACE('',(#489),#330,.F.);
#4485=ADVANCED_FACE('',(#490),#331,.F.);
#4486=ADVANCED_FACE('',(#491),#332,.F.);
#4487=ADVANCED_FACE('',(#492),#333,.F.);
#4488=ADVANCED_FACE('',(#493),#334,.F.);
#4489=ADVANCED_FACE('',(#494),#4352,.F.);
#4490=ADVANCED_FACE('',(#495),#4353,.F.);
#4491=ADVANCED_FACE('',(#496),#4354,.F.);
#4492=ADVANCED_FACE('',(#497),#335,.F.);
#4493=ADVANCED_FACE('',(#498),#336,.F.);
#4494=ADVANCED_FACE('',(#499),#337,.F.);
#4495=ADVANCED_FACE('',(#500),#338,.F.);
#4496=ADVANCED_FACE('',(#501),#339,.F.);
#4497=ADVANCED_FACE('',(#502),#4355,.F.);
#4498=ADVANCED_FACE('',(#503),#4356,.F.);
#4499=ADVANCED_FACE('',(#504),#4357,.F.);
#4500=ADVANCED_FACE('',(#505),#340,.F.);
#4501=ADVANCED_FACE('',(#506),#341,.F.);
#4502=ADVANCED_FACE('',(#507),#342,.F.);
#4503=ADVANCED_FACE('',(#508),#343,.F.);
#4504=ADVANCED_FACE('',(#509),#344,.F.);
#4505=ADVANCED_FACE('',(#510),#345,.F.);
#4506=ADVANCED_FACE('',(#511),#346,.F.);
#4507=ADVANCED_FACE('',(#512),#4358,.F.);
#4508=ADVANCED_FACE('',(#513),#4359,.F.);
#4509=ADVANCED_FACE('',(#514),#4360,.F.);
#4510=ADVANCED_FACE('',(#515),#4361,.F.);
#4511=ADVANCED_FACE('',(#516),#4362,.T.);
#4512=ADVANCED_FACE('',(#517),#347,.F.);
#4513=ADVANCED_FACE('',(#518),#348,.F.);
#4514=ADVANCED_FACE('',(#519),#349,.F.);
#4515=ADVANCED_FACE('',(#520),#4363,.F.);
#4516=ADVANCED_FACE('',(#521),#4364,.F.);
#4517=ADVANCED_FACE('',(#522),#4365,.F.);
#4518=ADVANCED_FACE('',(#523),#4366,.F.);
#4519=ADVANCED_FACE('',(#524),#4367,.F.);
#4520=ADVANCED_FACE('',(#525),#4368,.F.);
#4521=ADVANCED_FACE('',(#526),#4369,.F.);
#4522=ADVANCED_FACE('',(#527),#4370,.F.);
#4523=ADVANCED_FACE('',(#528),#4371,.F.);
#4524=ADVANCED_FACE('',(#529),#4372,.F.);
#4525=ADVANCED_FACE('',(#530),#4373,.F.);
#4526=ADVANCED_FACE('',(#531),#350,.F.);
#4527=ADVANCED_FACE('',(#532),#351,.F.);
#4528=ADVANCED_FACE('',(#533),#352,.F.);
#4529=ADVANCED_FACE('',(#534),#353,.F.);
#4530=ADVANCED_FACE('',(#535),#4374,.F.);
#4531=ADVANCED_FACE('',(#536),#354,.F.);
#4532=ADVANCED_FACE('',(#537),#4375,.T.);
#4533=ADVANCED_FACE('',(#538),#355,.F.);
#4534=ADVANCED_FACE('',(#539),#356,.F.);
#4535=ADVANCED_FACE('',(#540),#357,.F.);
#4536=ADVANCED_FACE('',(#541),#358,.F.);
#4537=ADVANCED_FACE('',(#542),#359,.F.);
#4538=ADVANCED_FACE('',(#543),#360,.F.);
#4539=ADVANCED_FACE('',(#544),#361,.F.);
#4540=ADVANCED_FACE('',(#545),#362,.F.);
#4541=ADVANCED_FACE('',(#546),#363,.F.);
#4542=ADVANCED_FACE('',(#547),#4376,.F.);
#4543=ADVANCED_FACE('',(#548),#4377,.F.);
#4544=ADVANCED_FACE('',(#549),#364,.F.);
#4545=ADVANCED_FACE('',(#550),#365,.F.);
#4546=ADVANCED_FACE('',(#551),#4378,.F.);
#4547=ADVANCED_FACE('',(#552),#366,.F.);
#4548=ADVANCED_FACE('',(#553),#367,.F.);
#4549=ADVANCED_FACE('',(#554),#368,.F.);
#4550=ADVANCED_FACE('',(#555),#369,.F.);
#4551=ADVANCED_FACE('',(#556),#370,.F.);
#4552=ADVANCED_FACE('',(#557),#371,.F.);
#4553=ADVANCED_FACE('',(#558),#372,.F.);
#4554=ADVANCED_FACE('',(#559),#4379,.F.);
#4555=ADVANCED_FACE('',(#560),#373,.F.);
#4556=ADVANCED_FACE('',(#561),#374,.F.);
#4557=ADVANCED_FACE('',(#562),#375,.F.);
#4558=ADVANCED_FACE('',(#563),#376,.F.);
#4559=ADVANCED_FACE('',(#564),#377,.F.);
#4560=ADVANCED_FACE('',(#565),#378,.F.);
#4561=ADVANCED_FACE('',(#566),#379,.F.);
#4562=ADVANCED_FACE('',(#567),#380,.F.);
#4563=ADVANCED_FACE('',(#568),#381,.F.);
#4564=ADVANCED_FACE('',(#569),#382,.F.);
#4565=ADVANCED_FACE('',(#570),#383,.F.);
#4566=ADVANCED_FACE('',(#571),#384,.F.);
#4567=ADVANCED_FACE('',(#572),#385,.F.);
#4568=ADVANCED_FACE('',(#573),#386,.F.);
#4569=ADVANCED_FACE('',(#574),#387,.F.);
#4570=ADVANCED_FACE('',(#575,#58),#4380,.T.);
#4571=ADVANCED_FACE('',(#576),#4381,.F.);
#4572=ADVANCED_FACE('',(#577),#4382,.F.);
#4573=ADVANCED_FACE('',(#578),#4383,.F.);
#4574=ADVANCED_FACE('',(#579),#4384,.F.);
#4575=ADVANCED_FACE('',(#580),#4385,.F.);
#4576=ADVANCED_FACE('',(#581),#388,.F.);
#4577=ADVANCED_FACE('',(#582),#389,.F.);
#4578=ADVANCED_FACE('',(#583),#390,.F.);
#4579=ADVANCED_FACE('',(#584),#4386,.F.);
#4580=ADVANCED_FACE('',(#585),#391,.F.);
#4581=ADVANCED_FACE('',(#586),#392,.F.);
#4582=ADVANCED_FACE('',(#587),#393,.F.);
#4583=ADVANCED_FACE('',(#588),#394,.F.);
#4584=ADVANCED_FACE('',(#589),#4387,.F.);
#4585=ADVANCED_FACE('',(#590),#395,.F.);
#4586=ADVANCED_FACE('',(#591),#396,.F.);
#4587=ADVANCED_FACE('',(#592),#397,.F.);
#4588=ADVANCED_FACE('',(#593),#398,.F.);
#4589=ADVANCED_FACE('',(#594),#399,.F.);
#4590=ADVANCED_FACE('',(#595),#400,.F.);
#4591=ADVANCED_FACE('',(#596),#401,.F.);
#4592=ADVANCED_FACE('',(#597),#402,.F.);
#4593=ADVANCED_FACE('',(#598),#403,.F.);
#4594=ADVANCED_FACE('',(#599),#4388,.F.);
#4595=ADVANCED_FACE('',(#600),#404,.F.);
#4596=ADVANCED_FACE('',(#601,#59),#4389,.T.);
#4597=ADVANCED_FACE('',(#602),#4390,.F.);
#4598=ADVANCED_FACE('',(#603),#405,.F.);
#4599=ADVANCED_FACE('',(#604),#406,.F.);
#4600=ADVANCED_FACE('',(#605),#407,.F.);
#4601=ADVANCED_FACE('',(#606),#408,.F.);
#4602=ADVANCED_FACE('',(#607),#409,.F.);
#4603=ADVANCED_FACE('',(#608),#4391,.F.);
#4604=ADVANCED_FACE('',(#609),#4392,.F.);
#4605=ADVANCED_FACE('',(#610),#4393,.F.);
#4606=ADVANCED_FACE('',(#611),#410,.F.);
#4607=ADVANCED_FACE('',(#612),#411,.F.);
#4608=ADVANCED_FACE('',(#613),#412,.F.);
#4609=ADVANCED_FACE('',(#614),#413,.F.);
#4610=ADVANCED_FACE('',(#615),#414,.F.);
#4611=ADVANCED_FACE('',(#616),#4394,.F.);
#4612=ADVANCED_FACE('',(#617),#4395,.F.);
#4613=ADVANCED_FACE('',(#618),#4396,.F.);
#4614=ADVANCED_FACE('',(#619),#4397,.F.);
#4615=ADVANCED_FACE('',(#620),#4398,.T.);
#4616=ADVANCED_FACE('',(#621),#4399,.F.);
#4617=ADVANCED_FACE('',(#622),#4400,.F.);
#4618=ADVANCED_FACE('',(#623),#4401,.F.);
#4619=ADVANCED_FACE('',(#624),#4402,.F.);
#4620=ADVANCED_FACE('',(#625),#4403,.F.);
#4621=ADVANCED_FACE('',(#626),#415,.F.);
#4622=ADVANCED_FACE('',(#627),#416,.F.);
#4623=ADVANCED_FACE('',(#628),#417,.F.);
#4624=ADVANCED_FACE('',(#629),#418,.F.);
#4625=ADVANCED_FACE('',(#630),#419,.F.);
#4626=ADVANCED_FACE('',(#631),#420,.F.);
#4627=ADVANCED_FACE('',(#632),#421,.F.);
#4628=ADVANCED_FACE('',(#633),#422,.F.);
#4629=ADVANCED_FACE('',(#634),#4404,.F.);
#4630=ADVANCED_FACE('',(#635),#423,.F.);
#4631=ADVANCED_FACE('',(#636),#424,.F.);
#4632=ADVANCED_FACE('',(#637),#425,.F.);
#4633=ADVANCED_FACE('',(#638),#426,.F.);
#4634=ADVANCED_FACE('',(#639),#427,.F.);
#4635=ADVANCED_FACE('',(#640),#428,.F.);
#4636=ADVANCED_FACE('',(#641),#429,.F.);
#4637=ADVANCED_FACE('',(#642),#430,.F.);
#4638=ADVANCED_FACE('',(#643),#431,.F.);
#4639=ADVANCED_FACE('',(#644),#432,.F.);
#4640=ADVANCED_FACE('',(#645),#4405,.F.);
#4641=ADVANCED_FACE('',(#646),#4406,.F.);
#4642=ADVANCED_FACE('',(#647),#4407,.F.);
#4643=ADVANCED_FACE('',(#648),#4408,.F.);
#4644=ADVANCED_FACE('',(#649,#60),#4409,.T.);
#4645=ADVANCED_FACE('',(#650,#61,#62,#63,#64,#65,#66,#67,#68,#69,#70,#71),
#4410,.T.);
#4646=ADVANCED_FACE('',(#651),#4411,.T.);
#4647=ADVANCED_FACE('',(#652),#4412,.T.);
#4648=ADVANCED_FACE('',(#653),#54,.T.);
#4649=ADVANCED_FACE('',(#654),#15,.T.);
#4650=ADVANCED_FACE('',(#655),#55,.T.);
#4651=ADVANCED_FACE('',(#656),#16,.T.);
#4652=ADVANCED_FACE('',(#657),#56,.T.);
#4653=ADVANCED_FACE('',(#658),#17,.T.);
#4654=ADVANCED_FACE('',(#659),#18,.T.);
#4655=ADVANCED_FACE('',(#660),#57,.T.);
#4656=ADVANCED_FACE('',(#661),#19,.T.);
#4657=ADVANCED_FACE('',(#662),#20,.T.);
#4658=ADVANCED_FACE('',(#663),#21,.T.);
#4659=ADVANCED_FACE('',(#664),#22,.T.);
#4660=ADVANCED_FACE('',(#665,#72),#4413,.T.);
#4661=ADVANCED_FACE('',(#666,#73),#4414,.T.);
#4662=ADVANCED_FACE('',(#667,#74),#4415,.T.);
#4663=ADVANCED_FACE('',(#668),#23,.F.);
#4664=ADVANCED_FACE('',(#669),#4416,.F.);
#4665=ADVANCED_FACE('',(#670),#24,.F.);
#4666=ADVANCED_FACE('',(#671),#4417,.F.);
#4667=ADVANCED_FACE('',(#672),#25,.F.);
#4668=ADVANCED_FACE('',(#673),#4418,.F.);
#4669=ADVANCED_FACE('',(#674),#26,.F.);
#4670=ADVANCED_FACE('',(#675),#4419,.F.);
#4671=ADVANCED_FACE('',(#676),#27,.F.);
#4672=ADVANCED_FACE('',(#677,#75),#4420,.T.);
#4673=ADVANCED_FACE('',(#678),#4421,.T.);
#4674=ADVANCED_FACE('',(#679,#76),#4422,.T.);
#4675=ADVANCED_FACE('',(#680,#77,#78),#4423,.T.);
#4676=ADVANCED_FACE('',(#681),#4424,.T.);
#4677=ADVANCED_FACE('',(#682),#4425,.T.);
#4678=ADVANCED_FACE('',(#683),#4426,.T.);
#4679=ADVANCED_FACE('',(#684),#4427,.F.);
#4680=CLOSED_SHELL('',(#4428,#4429,#4430,#4431,#4432,#4433,#4434,#4435,
#4436,#4437,#4438,#4439,#4440,#4441,#4442,#4443,#4444,#4445,#4446,#4447,
#4448,#4449,#4450,#4451,#4452,#4453,#4454,#4455,#4456,#4457,#4458,#4459,
#4460,#4461,#4462,#4463,#4464,#4465,#4466,#4467,#4468,#4469,#4470,#4471,
#4472,#4473,#4474,#4475,#4476,#4477,#4478,#4479,#4480,#4481,#4482,#4483,
#4484,#4485,#4486,#4487,#4488,#4489,#4490,#4491,#4492,#4493,#4494,#4495,
#4496,#4497,#4498,#4499,#4500,#4501,#4502,#4503,#4504,#4505,#4506,#4507,
#4508,#4509,#4510,#4511,#4512,#4513,#4514,#4515,#4516,#4517,#4518,#4519,
#4520,#4521,#4522,#4523,#4524,#4525,#4526,#4527,#4528,#4529,#4530,#4531,
#4532,#4533,#4534,#4535,#4536,#4537,#4538,#4539,#4540,#4541,#4542,#4543,
#4544,#4545,#4546,#4547,#4548,#4549,#4550,#4551,#4552,#4553,#4554,#4555,
#4556,#4557,#4558,#4559,#4560,#4561,#4562,#4563,#4564,#4565,#4566,#4567,
#4568,#4569,#4570,#4571,#4572,#4573,#4574,#4575,#4576,#4577,#4578,#4579,
#4580,#4581,#4582,#4583,#4584,#4585,#4586,#4587,#4588,#4589,#4590,#4591,
#4592,#4593,#4594,#4595,#4596,#4597,#4598,#4599,#4600,#4601,#4602,#4603,
#4604,#4605,#4606,#4607,#4608,#4609,#4610,#4611,#4612,#4613,#4614,#4615,
#4616,#4617,#4618,#4619,#4620,#4621,#4622,#4623,#4624,#4625,#4626,#4627,
#4628,#4629,#4630,#4631,#4632,#4633,#4634,#4635,#4636,#4637,#4638,#4639,
#4640,#4641,#4642,#4643,#4644,#4645,#4646,#4647,#4648,#4649,#4650,#4651,
#4652,#4653,#4654,#4655,#4656,#4657,#4658,#4659,#4660,#4661,#4662,#4663,
#4664,#4665,#4666,#4667,#4668,#4669,#4670,#4671,#4672,#4673,#4674,#4675,
#4676,#4677,#4678,#4679));
#4681=DERIVED_UNIT_ELEMENT(#4683,1.);
#4682=DERIVED_UNIT_ELEMENT(#9000,-3.);
#4683=(
MASS_UNIT()
NAMED_UNIT(*)
SI_UNIT(.KILO.,.GRAM.)
);
#4684=DERIVED_UNIT((#4681,#4682));
#4685=MEASURE_REPRESENTATION_ITEM('density measure',
POSITIVE_RATIO_MEASURE(7850.),#4684);
#4686=PROPERTY_DEFINITION_REPRESENTATION(#4691,#4688);
#4687=PROPERTY_DEFINITION_REPRESENTATION(#4692,#4689);
#4688=REPRESENTATION('material name',(#4690),#8997);
#4689=REPRESENTATION('density',(#4685),#8997);
#4690=DESCRIPTIVE_REPRESENTATION_ITEM('Steel','Steel');
#4691=PROPERTY_DEFINITION('material property','material name',#9007);
#4692=PROPERTY_DEFINITION('material property','density of part',#9007);
#4693=AXIS2_PLACEMENT_3D('',#5599,#4854,#4855);
#4694=AXIS2_PLACEMENT_3D('',#5600,#4856,#4857);
#4695=AXIS2_PLACEMENT_3D('',#5609,#4862,#4863);
#4696=AXIS2_PLACEMENT_3D('',#5615,#4867,#4868);
#4697=AXIS2_PLACEMENT_3D('',#5621,#4872,#4873);
#4698=AXIS2_PLACEMENT_3D('',#5624,#4876,#4877);
#4699=AXIS2_PLACEMENT_3D('',#5625,#4878,#4879);
#4700=AXIS2_PLACEMENT_3D('',#5634,#4884,#4885);
#4701=AXIS2_PLACEMENT_3D('',#5640,#4889,#4890);
#4702=AXIS2_PLACEMENT_3D('',#5646,#4894,#4895);
#4703=AXIS2_PLACEMENT_3D('',#5649,#4898,#4899);
#4704=AXIS2_PLACEMENT_3D('',#5650,#4900,#4901);
#4705=AXIS2_PLACEMENT_3D('',#5751,#4910,#4911);
#4706=AXIS2_PLACEMENT_3D('',#5826,#4918,#4919);
#4707=AXIS2_PLACEMENT_3D('',#5832,#4923,#4924);
#4708=AXIS2_PLACEMENT_3D('',#5838,#4928,#4929);
#4709=AXIS2_PLACEMENT_3D('',#5844,#4933,#4934);
#4710=AXIS2_PLACEMENT_3D('',#5847,#4937,#4938);
#4711=AXIS2_PLACEMENT_3D('',#5848,#4939,#4940);
#4712=AXIS2_PLACEMENT_3D('',#5857,#4945,#4946);
#4713=AXIS2_PLACEMENT_3D('',#5863,#4950,#4951);
#4714=AXIS2_PLACEMENT_3D('',#5869,#4955,#4956);
#4715=AXIS2_PLACEMENT_3D('',#5872,#4959,#4960);
#4716=AXIS2_PLACEMENT_3D('',#5945,#4965,#4966);
#4717=AXIS2_PLACEMENT_3D('',#5951,#4970,#4971);
#4718=AXIS2_PLACEMENT_3D('',#5957,#4975,#4976);
#4719=AXIS2_PLACEMENT_3D('',#5963,#4980,#4981);
#4720=AXIS2_PLACEMENT_3D('',#5969,#4985,#4986);
#4721=AXIS2_PLACEMENT_3D('',#5975,#4990,#4991);
#4722=AXIS2_PLACEMENT_3D('',#5981,#4995,#4996);
#4723=AXIS2_PLACEMENT_3D('',#5987,#5000,#5001);
#4724=AXIS2_PLACEMENT_3D('',#5993,#5005,#5006);
#4725=AXIS2_PLACEMENT_3D('',#5999,#5010,#5011);
#4726=AXIS2_PLACEMENT_3D('',#6005,#5015,#5016);
#4727=AXIS2_PLACEMENT_3D('',#6103,#5024,#5025);
#4728=AXIS2_PLACEMENT_3D('',#6129,#5029,#5030);
#4729=AXIS2_PLACEMENT_3D('',#6130,#5031,#5032);
#4730=AXIS2_PLACEMENT_3D('',#6139,#5037,#5038);
#4731=AXIS2_PLACEMENT_3D('',#6145,#5042,#5043);
#4732=AXIS2_PLACEMENT_3D('',#6151,#5047,#5048);
#4733=AXIS2_PLACEMENT_3D('',#6154,#5051,#5052);
#4734=AXIS2_PLACEMENT_3D('',#6155,#5053,#5054);
#4735=AXIS2_PLACEMENT_3D('',#6279,#5064,#5065);
#4736=AXIS2_PLACEMENT_3D('',#6285,#5069,#5070);
#4737=AXIS2_PLACEMENT_3D('',#6291,#5074,#5075);
#4738=AXIS2_PLACEMENT_3D('',#6412,#5084,#5085);
#4739=AXIS2_PLACEMENT_3D('',#6418,#5089,#5090);
#4740=AXIS2_PLACEMENT_3D('',#6424,#5094,#5095);
#4741=AXIS2_PLACEMENT_3D('',#6591,#5106,#5107);
#4742=AXIS2_PLACEMENT_3D('',#6597,#5111,#5112);
#4743=AXIS2_PLACEMENT_3D('',#6603,#5116,#5117);
#4744=AXIS2_PLACEMENT_3D('',#6609,#5121,#5122);
#4745=AXIS2_PLACEMENT_3D('',#6612,#5125,#5126);
#4746=AXIS2_PLACEMENT_3D('',#6685,#5131,#5132);
#4747=AXIS2_PLACEMENT_3D('',#6691,#5136,#5137);
#4748=AXIS2_PLACEMENT_3D('',#6697,#5141,#5142);
#4749=AXIS2_PLACEMENT_3D('',#6703,#5146,#5147);
#4750=AXIS2_PLACEMENT_3D('',#6709,#5151,#5152);
#4751=AXIS2_PLACEMENT_3D('',#6715,#5156,#5157);
#4752=AXIS2_PLACEMENT_3D('',#6721,#5161,#5162);
#4753=AXIS2_PLACEMENT_3D('',#6727,#5166,#5167);
#4754=AXIS2_PLACEMENT_3D('',#6733,#5171,#5172);
#4755=AXIS2_PLACEMENT_3D('',#6739,#5176,#5177);
#4756=AXIS2_PLACEMENT_3D('',#6745,#5181,#5182);
#4757=AXIS2_PLACEMENT_3D('',#6843,#5190,#5191);
#4758=AXIS2_PLACEMENT_3D('',#6869,#5195,#5196);
#4759=AXIS2_PLACEMENT_3D('',#7080,#5207,#5208);
#4760=AXIS2_PLACEMENT_3D('',#7083,#5211,#5212);
#4761=AXIS2_PLACEMENT_3D('',#7138,#5219,#5220);
#4762=AXIS2_PLACEMENT_3D('',#7305,#5231,#5232);
#4763=AXIS2_PLACEMENT_3D('',#7653,#5250,#5251);
#4764=AXIS2_PLACEMENT_3D('',#7654,#5252,#5253);
#4765=AXIS2_PLACEMENT_3D('',#7663,#5258,#5259);
#4766=AXIS2_PLACEMENT_3D('',#7669,#5263,#5264);
#4767=AXIS2_PLACEMENT_3D('',#7675,#5268,#5269);
#4768=AXIS2_PLACEMENT_3D('',#7678,#5272,#5273);
#4769=AXIS2_PLACEMENT_3D('',#7751,#5278,#5279);
#4770=AXIS2_PLACEMENT_3D('',#7849,#5287,#5288);
#4771=AXIS2_PLACEMENT_3D('',#8062,#5301,#5302);
#4772=AXIS2_PLACEMENT_3D('',#8088,#5306,#5307);
#4773=AXIS2_PLACEMENT_3D('',#8089,#5308,#5309);
#4774=AXIS2_PLACEMENT_3D('',#8213,#5319,#5320);
#4775=AXIS2_PLACEMENT_3D('',#8219,#5324,#5325);
#4776=AXIS2_PLACEMENT_3D('',#8225,#5329,#5330);
#4777=AXIS2_PLACEMENT_3D('',#8346,#5339,#5340);
#4778=AXIS2_PLACEMENT_3D('',#8352,#5344,#5345);
#4779=AXIS2_PLACEMENT_3D('',#8358,#5349,#5350);
#4780=AXIS2_PLACEMENT_3D('',#8364,#5354,#5355);
#4781=AXIS2_PLACEMENT_3D('',#8367,#5358,#5359);
#4782=AXIS2_PLACEMENT_3D('',#8368,#5360,#5361);
#4783=AXIS2_PLACEMENT_3D('',#8377,#5366,#5367);
#4784=AXIS2_PLACEMENT_3D('',#8383,#5371,#5372);
#4785=AXIS2_PLACEMENT_3D('',#8389,#5376,#5377);
#4786=AXIS2_PLACEMENT_3D('',#8392,#5380,#5381);
#4787=AXIS2_PLACEMENT_3D('',#8577,#5390,#5391);
#4788=AXIS2_PLACEMENT_3D('',#8816,#5406,#5407);
#4789=AXIS2_PLACEMENT_3D('',#8822,#5411,#5412);
#4790=AXIS2_PLACEMENT_3D('',#8828,#5416,#5417);
#4791=AXIS2_PLACEMENT_3D('',#8834,#5421,#5422);
#4792=AXIS2_PLACEMENT_3D('',#8837,#5425,#5426);
#4793=AXIS2_PLACEMENT_3D('',#8838,#5427,#5428);
#4794=AXIS2_PLACEMENT_3D('',#8848,#5434,#5435);
#4795=AXIS2_PLACEMENT_3D('',#8849,#5436,#5437);
#4796=AXIS2_PLACEMENT_3D('',#8850,#5438,#5439);
#4797=AXIS2_PLACEMENT_3D('',#8853,#5440,#5441);
#4798=AXIS2_PLACEMENT_3D('',#8854,#5442,#5443);
#4799=AXIS2_PLACEMENT_3D('',#8855,#5444,#5445);
#4800=AXIS2_PLACEMENT_3D('',#8856,#5446,#5447);
#4801=AXIS2_PLACEMENT_3D('',#8858,#5448,#5449);
#4802=AXIS2_PLACEMENT_3D('',#8860,#5451,#5452);
#4803=AXIS2_PLACEMENT_3D('',#8862,#5453,#5454);
#4804=AXIS2_PLACEMENT_3D('',#8864,#5455,#5456);
#4805=AXIS2_PLACEMENT_3D('',#8865,#5457,#5458);
#4806=AXIS2_PLACEMENT_3D('',#8866,#5459,#5460);
#4807=AXIS2_PLACEMENT_3D('',#8868,#5461,#5462);
#4808=AXIS2_PLACEMENT_3D('',#8870,#5464,#5465);
#4809=AXIS2_PLACEMENT_3D('',#8873,#5466,#5467);
#4810=AXIS2_PLACEMENT_3D('',#8875,#5468,#5469);
#4811=AXIS2_PLACEMENT_3D('',#8876,#5470,#5471);
#4812=AXIS2_PLACEMENT_3D('',#8877,#5472,#5473);
#4813=AXIS2_PLACEMENT_3D('',#8880,#5474,#5475);
#4814=AXIS2_PLACEMENT_3D('',#8883,#5478,#5479);
#4815=AXIS2_PLACEMENT_3D('',#8886,#5482,#5483);
#4816=AXIS2_PLACEMENT_3D('',#8889,#5484,#5485);
#4817=AXIS2_PLACEMENT_3D('',#8891,#5486,#5487);
#4818=AXIS2_PLACEMENT_3D('',#8892,#5488,#5489);
#4819=AXIS2_PLACEMENT_3D('',#8893,#5490,#5491);
#4820=AXIS2_PLACEMENT_3D('',#8896,#5492,#5493);
#4821=AXIS2_PLACEMENT_3D('',#8899,#5496,#5497);
#4822=AXIS2_PLACEMENT_3D('',#8902,#5500,#5501);
#4823=AXIS2_PLACEMENT_3D('',#8905,#5504,#5505);
#4824=AXIS2_PLACEMENT_3D('',#8907,#5507,#5508);
#4825=AXIS2_PLACEMENT_3D('',#8913,#5511,#5512);
#4826=AXIS2_PLACEMENT_3D('',#8917,#5514,#5515);
#4827=AXIS2_PLACEMENT_3D('',#8921,#5517,#5518);
#4828=AXIS2_PLACEMENT_3D('',#8924,#5520,#5521);
#4829=AXIS2_PLACEMENT_3D('',#8925,#5522,#5523);
#4830=AXIS2_PLACEMENT_3D('',#8928,#5525,#5526);
#4831=AXIS2_PLACEMENT_3D('',#8929,#5527,#5528);
#4832=AXIS2_PLACEMENT_3D('',#8938,#5533,#5534);
#4833=AXIS2_PLACEMENT_3D('',#8941,#5535,#5536);
#4834=AXIS2_PLACEMENT_3D('',#8944,#5539,#5540);
#4835=AXIS2_PLACEMENT_3D('',#8948,#5543,#5544);
#4836=AXIS2_PLACEMENT_3D('',#8950,#5545,#5546);
#4837=AXIS2_PLACEMENT_3D('',#8952,#5548,#5549);
#4838=AXIS2_PLACEMENT_3D('',#8956,#5552,#5553);
#4839=AXIS2_PLACEMENT_3D('',#8958,#5554,#5555);
#4840=AXIS2_PLACEMENT_3D('',#8960,#5557,#5558);
#4841=AXIS2_PLACEMENT_3D('',#8964,#5561,#5562);
#4842=AXIS2_PLACEMENT_3D('',#8966,#5563,#5564);
#4843=AXIS2_PLACEMENT_3D('',#8968,#5566,#5567);
#4844=AXIS2_PLACEMENT_3D('',#8970,#5569,#5570);
#4845=AXIS2_PLACEMENT_3D('',#8972,#5571,#5572);
#4846=AXIS2_PLACEMENT_3D('',#8974,#5574,#5575);
#4847=AXIS2_PLACEMENT_3D('',#8980,#5579,#5580);
#4848=AXIS2_PLACEMENT_3D('',#8984,#5583,#5584);
#4849=AXIS2_PLACEMENT_3D('',#8988,#5587,#5588);
#4850=AXIS2_PLACEMENT_3D('',#8990,#5590,#5591);
#4851=AXIS2_PLACEMENT_3D('',#8992,#5593,#5594);
#4852=AXIS2_PLACEMENT_3D('',#8993,#5595,#5596);
#4853=AXIS2_PLACEMENT_3D('',#8994,#5597,#5598);
#4854=DIRECTION('axis',(0.,0.,1.));
#4855=DIRECTION('refdir',(1.,0.,0.));
#4856=DIRECTION('center_axis',(0.,0.,1.));
#4857=DIRECTION('ref_axis',(0.,-1.,0.));
#4858=DIRECTION('',(0.,-1.,0.));
#4859=DIRECTION('',(1.,0.,0.));
#4860=DIRECTION('',(0.,-1.,0.));
#4861=DIRECTION('',(1.,0.,0.));
#4862=DIRECTION('center_axis',(0.,1.,0.));
#4863=DIRECTION('ref_axis',(0.,0.,1.));
#4864=DIRECTION('',(0.,0.,1.));
#4865=DIRECTION('',(1.,0.,0.));
#4866=DIRECTION('',(0.,0.,1.));
#4867=DIRECTION('center_axis',(0.,0.,-1.));
#4868=DIRECTION('ref_axis',(0.,1.,0.));
#4869=DIRECTION('',(0.,1.,0.));
#4870=DIRECTION('',(1.,0.,0.));
#4871=DIRECTION('',(0.,1.,0.));
#4872=DIRECTION('center_axis',(0.,-1.,0.));
#4873=DIRECTION('ref_axis',(0.,0.,-1.));
#4874=DIRECTION('',(0.,0.,-1.));
#4875=DIRECTION('',(0.,0.,-1.));
#4876=DIRECTION('center_axis',(1.,0.,0.));
#4877=DIRECTION('ref_axis',(0.,0.,-1.));
#4878=DIRECTION('center_axis',(0.,1.,0.));
#4879=DIRECTION('ref_axis',(0.,0.,-1.));
#4880=DIRECTION('',(0.,0.,-1.));
#4881=DIRECTION('',(-1.,0.,0.));
#4882=DIRECTION('',(0.,0.,-1.));
#4883=DIRECTION('',(-1.,0.,0.));
#4884=DIRECTION('center_axis',(0.,0.,1.));
#4885=DIRECTION('ref_axis',(0.,1.,0.));
#4886=DIRECTION('',(5.19114077751324E-17,1.,0.));
#4887=DIRECTION('',(-1.,0.,0.));
#4888=DIRECTION('',(0.,1.,0.));
#4889=DIRECTION('center_axis',(0.,-1.,0.));
#4890=DIRECTION('ref_axis',(0.,0.,1.));
#4891=DIRECTION('',(0.,0.,1.));
#4892=DIRECTION('',(-1.,0.,0.));
#4893=DIRECTION('',(0.,0.,1.));
#4894=DIRECTION('center_axis',(0.,0.,-1.));
#4895=DIRECTION('ref_axis',(0.,-1.,0.));
#4896=DIRECTION('',(-5.19114077751324E-17,-1.,0.));
#4897=DIRECTION('',(0.,-1.,0.));
#4898=DIRECTION('center_axis',(-1.,0.,0.));
#4899=DIRECTION('ref_axis',(0.,0.,1.));
#4900=DIRECTION('center_axis',(1.,0.,0.));
#4901=DIRECTION('ref_axis',(0.,0.,-1.));
#4902=DIRECTION('',(0.,0.,-1.));
#4903=DIRECTION('',(0.,1.,0.));
#4904=DIRECTION('',(0.,0.,-1.));
#4905=DIRECTION('',(0.,1.,0.));
#4906=DIRECTION('',(0.,1.,0.));
#4907=DIRECTION('',(0.,1.,0.));
#4908=DIRECTION('',(0.,1.,0.));
#4909=DIRECTION('',(0.,1.,0.));
#4910=DIRECTION('center_axis',(0.937477741799417,0.,-0.348045232161951));
#4911=DIRECTION('ref_axis',(-0.348045232161951,0.,-0.937477741799417));
#4912=DIRECTION('',(-0.348045232161951,0.,-0.937477741799417));
#4913=DIRECTION('',(0.,1.,0.));
#4914=DIRECTION('',(-0.348045232161951,0.,-0.937477741799417));
#4915=DIRECTION('',(0.,1.,0.));
#4916=DIRECTION('',(0.,1.,0.));
#4917=DIRECTION('',(0.,1.,0.));
#4918=DIRECTION('center_axis',(1.,0.,0.));
#4919=DIRECTION('ref_axis',(0.,0.,-1.));
#4920=DIRECTION('',(0.,0.,-1.));
#4921=DIRECTION('',(0.,1.,0.));
#4922=DIRECTION('',(0.,0.,-1.));
#4923=DIRECTION('center_axis',(0.,0.,1.));
#4924=DIRECTION('ref_axis',(1.,0.,0.));
#4925=DIRECTION('',(1.,0.,0.));
#4926=DIRECTION('',(0.,1.,0.));
#4927=DIRECTION('',(1.,0.,0.));
#4928=DIRECTION('center_axis',(-1.,0.,0.));
#4929=DIRECTION('ref_axis',(0.,0.,1.));
#4930=DIRECTION('',(0.,0.,1.));
#4931=DIRECTION('',(0.,1.,0.));
#4932=DIRECTION('',(0.,0.,1.));
#4933=DIRECTION('center_axis',(0.,0.,-1.));
#4934=DIRECTION('ref_axis',(-1.,0.,0.));
#4935=DIRECTION('',(-1.,0.,0.));
#4936=DIRECTION('',(-1.,0.,0.));
#4937=DIRECTION('center_axis',(0.,-1.,0.));
#4938=DIRECTION('ref_axis',(1.,0.,0.));
#4939=DIRECTION('center_axis',(1.,0.,0.));
#4940=DIRECTION('ref_axis',(0.,0.,-1.));
#4941=DIRECTION('',(0.,0.,-1.));
#4942=DIRECTION('',(0.,1.,0.));
#4943=DIRECTION('',(0.,0.,-1.));
#4944=DIRECTION('',(0.,1.,0.));
#4945=DIRECTION('center_axis',(0.,0.,1.));
#4946=DIRECTION('ref_axis',(1.,0.,0.));
#4947=DIRECTION('',(1.,0.,0.));
#4948=DIRECTION('',(0.,1.,0.));
#4949=DIRECTION('',(1.,0.,0.));
#4950=DIRECTION('center_axis',(-1.,0.,0.));
#4951=DIRECTION('ref_axis',(0.,0.,1.));
#4952=DIRECTION('',(0.,0.,1.));
#4953=DIRECTION('',(0.,1.,0.));
#4954=DIRECTION('',(0.,0.,1.));
#4955=DIRECTION('center_axis',(0.,0.,-1.));
#4956=DIRECTION('ref_axis',(-1.,0.,0.));
#4957=DIRECTION('',(-1.,0.,0.));
#4958=DIRECTION('',(-1.,0.,0.));
#4959=DIRECTION('center_axis',(0.,1.,0.));
#4960=DIRECTION('ref_axis',(0.,0.,1.));
#4961=DIRECTION('',(0.,1.,0.));
#4962=DIRECTION('',(0.,1.,0.));
#4963=DIRECTION('',(0.,1.,0.));
#4964=DIRECTION('',(0.,1.,0.));
#4965=DIRECTION('center_axis',(1.,0.,0.));
#4966=DIRECTION('ref_axis',(0.,0.,-1.));
#4967=DIRECTION('',(0.,0.,-1.));
#4968=DIRECTION('',(0.,1.,0.));
#4969=DIRECTION('',(0.,0.,-1.));
#4970=DIRECTION('center_axis',(0.,0.,-1.));
#4971=DIRECTION('ref_axis',(-1.,0.,0.));
#4972=DIRECTION('',(-1.,0.,0.));
#4973=DIRECTION('',(0.,1.,0.));
#4974=DIRECTION('',(-1.,0.,0.));
#4975=DIRECTION('center_axis',(1.,0.,0.));
#4976=DIRECTION('ref_axis',(0.,0.,-1.));
#4977=DIRECTION('',(0.,0.,-1.));
#4978=DIRECTION('',(0.,1.,0.));
#4979=DIRECTION('',(0.,0.,-1.));
#4980=DIRECTION('center_axis',(0.,0.,1.));
#4981=DIRECTION('ref_axis',(1.,0.,0.));
#4982=DIRECTION('',(1.,0.,0.));
#4983=DIRECTION('',(0.,1.,0.));
#4984=DIRECTION('',(1.,0.,0.));
#4985=DIRECTION('center_axis',(1.,0.,0.));
#4986=DIRECTION('ref_axis',(0.,0.,-1.));
#4987=DIRECTION('',(0.,0.,-1.));
#4988=DIRECTION('',(0.,1.,0.));
#4989=DIRECTION('',(0.,0.,-1.));
#4990=DIRECTION('center_axis',(-0.516604347277836,0.,0.856224239538709));
#4991=DIRECTION('ref_axis',(0.856224239538709,0.,0.516604347277836));
#4992=DIRECTION('',(0.856224239538709,0.,0.516604347277836));
#4993=DIRECTION('',(0.,1.,0.));
#4994=DIRECTION('',(0.856224239538709,0.,0.516604347277836));
#4995=DIRECTION('center_axis',(-1.,0.,0.));
#4996=DIRECTION('ref_axis',(0.,0.,1.));
#4997=DIRECTION('',(0.,0.,1.));
#4998=DIRECTION('',(0.,1.,0.));
#4999=DIRECTION('',(0.,0.,1.));
#5000=DIRECTION('center_axis',(0.,0.,1.));
#5001=DIRECTION('ref_axis',(1.,0.,0.));
#5002=DIRECTION('',(1.,0.,0.));
#5003=DIRECTION('',(0.,1.,0.));
#5004=DIRECTION('',(1.,0.,0.));
#5005=DIRECTION('center_axis',(-1.,0.,0.));
#5006=DIRECTION('ref_axis',(0.,0.,1.));
#5007=DIRECTION('',(0.,0.,1.));
#5008=DIRECTION('',(0.,1.,0.));
#5009=DIRECTION('',(0.,0.,1.));
#5010=DIRECTION('center_axis',(0.,0.,-1.));
#5011=DIRECTION('ref_axis',(-1.,0.,0.));
#5012=DIRECTION('',(-1.,0.,0.));
#5013=DIRECTION('',(0.,1.,0.));
#5014=DIRECTION('',(-1.,0.,0.));
#5015=DIRECTION('center_axis',(-1.,0.,0.));
#5016=DIRECTION('ref_axis',(0.,0.,1.));
#5017=DIRECTION('',(0.,0.,1.));
#5018=DIRECTION('',(0.,1.,0.));
#5019=DIRECTION('',(0.,0.,1.));
#5020=DIRECTION('',(0.,1.,0.));
#5021=DIRECTION('',(0.,1.,0.));
#5022=DIRECTION('',(0.,1.,0.));
#5023=DIRECTION('',(0.,1.,0.));
#5024=DIRECTION('center_axis',(0.986892541544706,0.,0.161378782506965));
#5025=DIRECTION('ref_axis',(0.161378782506965,0.,-0.986892541544706));
#5026=DIRECTION('',(0.161378782506965,0.,-0.986892541544706));
#5027=DIRECTION('',(0.,1.,0.));
#5028=DIRECTION('',(0.161378782506965,0.,-0.986892541544706));
#5029=DIRECTION('center_axis',(0.,-1.,0.));
#5030=DIRECTION('ref_axis',(1.,0.,0.));
#5031=DIRECTION('center_axis',(1.,0.,0.));
#5032=DIRECTION('ref_axis',(0.,0.,-1.));
#5033=DIRECTION('',(0.,0.,-1.));
#5034=DIRECTION('',(0.,1.,0.));
#5035=DIRECTION('',(0.,0.,-1.));
#5036=DIRECTION('',(0.,1.,0.));
#5037=DIRECTION('center_axis',(0.,0.,1.));
#5038=DIRECTION('ref_axis',(1.,0.,0.));
#5039=DIRECTION('',(1.,0.,0.));
#5040=DIRECTION('',(0.,1.,0.));
#5041=DIRECTION('',(1.,0.,0.));
#5042=DIRECTION('center_axis',(-1.,0.,0.));
#5043=DIRECTION('ref_axis',(0.,0.,1.));
#5044=DIRECTION('',(0.,0.,1.));
#5045=DIRECTION('',(0.,1.,0.));
#5046=DIRECTION('',(0.,0.,1.));
#5047=DIRECTION('center_axis',(0.,0.,-1.));
#5048=DIRECTION('ref_axis',(-1.,0.,0.));
#5049=DIRECTION('',(-1.,0.,0.));
#5050=DIRECTION('',(-1.,0.,0.));
#5051=DIRECTION('center_axis',(0.,1.,0.));
#5052=DIRECTION('ref_axis',(0.,0.,1.));
#5053=DIRECTION('center_axis',(1.,0.,0.));
#5054=DIRECTION('ref_axis',(0.,0.,-1.));
#5055=DIRECTION('',(0.,0.,-1.));
#5056=DIRECTION('',(0.,1.,0.));
#5057=DIRECTION('',(0.,0.,-1.));
#5058=DIRECTION('',(0.,1.,0.));
#5059=DIRECTION('',(0.,1.,0.));
#5060=DIRECTION('',(0.,1.,0.));
#5061=DIRECTION('',(0.,1.,0.));
#5062=DIRECTION('',(0.,1.,0.));
#5063=DIRECTION('',(0.,1.,0.));
#5064=DIRECTION('center_axis',(-1.,0.,0.));
#5065=DIRECTION('ref_axis',(0.,0.,1.));
#5066=DIRECTION('',(0.,0.,1.));
#5067=DIRECTION('',(0.,1.,0.));
#5068=DIRECTION('',(0.,0.,1.));
#5069=DIRECTION('center_axis',(0.,0.,-1.));
#5070=DIRECTION('ref_axis',(-1.,0.,0.));
#5071=DIRECTION('',(-1.,0.,0.));
#5072=DIRECTION('',(0.,1.,0.));
#5073=DIRECTION('',(-1.,0.,0.));
#5074=DIRECTION('center_axis',(1.,0.,0.));
#5075=DIRECTION('ref_axis',(0.,0.,-1.));
#5076=DIRECTION('',(0.,0.,-1.));
#5077=DIRECTION('',(0.,1.,0.));
#5078=DIRECTION('',(0.,0.,-1.));
#5079=DIRECTION('',(0.,1.,0.));
#5080=DIRECTION('',(0.,1.,0.));
#5081=DIRECTION('',(0.,1.,0.));
#5082=DIRECTION('',(0.,1.,0.));
#5083=DIRECTION('',(0.,1.,0.));
#5084=DIRECTION('center_axis',(-1.,0.,0.));
#5085=DIRECTION('ref_axis',(0.,0.,1.));
#5086=DIRECTION('',(0.,0.,1.));
#5087=DIRECTION('',(0.,1.,0.));
#5088=DIRECTION('',(0.,0.,1.));
#5089=DIRECTION('center_axis',(0.,0.,-1.));
#5090=DIRECTION('ref_axis',(-1.,0.,0.));
#5091=DIRECTION('',(-1.,0.,0.));
#5092=DIRECTION('',(0.,1.,0.));
#5093=DIRECTION('',(-1.,0.,0.));
#5094=DIRECTION('center_axis',(1.,0.,0.));
#5095=DIRECTION('ref_axis',(0.,0.,-1.));
#5096=DIRECTION('',(0.,0.,-1.));
#5097=DIRECTION('',(0.,1.,0.));
#5098=DIRECTION('',(0.,0.,-1.));
#5099=DIRECTION('',(0.,1.,0.));
#5100=DIRECTION('',(0.,1.,0.));
#5101=DIRECTION('',(0.,1.,0.));
#5102=DIRECTION('',(0.,1.,0.));
#5103=DIRECTION('',(0.,1.,0.));
#5104=DIRECTION('',(0.,1.,0.));
#5105=DIRECTION('',(0.,1.,0.));
#5106=DIRECTION('center_axis',(1.,0.,0.));
#5107=DIRECTION('ref_axis',(0.,0.,-1.));
#5108=DIRECTION('',(0.,0.,-1.));
#5109=DIRECTION('',(0.,1.,0.));
#5110=DIRECTION('',(0.,0.,-1.));
#5111=DIRECTION('center_axis',(0.,0.,1.));
#5112=DIRECTION('ref_axis',(1.,0.,0.));
#5113=DIRECTION('',(1.,0.,0.));
#5114=DIRECTION('',(0.,1.,0.));
#5115=DIRECTION('',(1.,0.,0.));
#5116=DIRECTION('center_axis',(-1.,0.,0.));
#5117=DIRECTION('ref_axis',(0.,0.,1.));
#5118=DIRECTION('',(0.,0.,1.));
#5119=DIRECTION('',(0.,1.,0.));
#5120=DIRECTION('',(0.,0.,1.));
#5121=DIRECTION('center_axis',(0.,0.,-1.));
#5122=DIRECTION('ref_axis',(-1.,0.,0.));
#5123=DIRECTION('',(-1.,0.,0.));
#5124=DIRECTION('',(-1.,0.,0.));
#5125=DIRECTION('center_axis',(0.,-1.,0.));
#5126=DIRECTION('ref_axis',(1.,0.,0.));
#5127=DIRECTION('',(0.,1.,0.));
#5128=DIRECTION('',(0.,1.,0.));
#5129=DIRECTION('',(0.,1.,0.));
#5130=DIRECTION('',(0.,1.,0.));
#5131=DIRECTION('center_axis',(1.,0.,0.));
#5132=DIRECTION('ref_axis',(0.,0.,-1.));
#5133=DIRECTION('',(0.,0.,-1.));
#5134=DIRECTION('',(0.,1.,0.));
#5135=DIRECTION('',(0.,0.,-1.));
#5136=DIRECTION('center_axis',(0.,0.,-1.));
#5137=DIRECTION('ref_axis',(-1.,0.,0.));
#5138=DIRECTION('',(-1.,0.,0.));
#5139=DIRECTION('',(0.,1.,0.));
#5140=DIRECTION('',(-1.,0.,0.));
#5141=DIRECTION('center_axis',(1.,0.,0.));
#5142=DIRECTION('ref_axis',(0.,0.,-1.));
#5143=DIRECTION('',(0.,0.,-1.));
#5144=DIRECTION('',(0.,1.,0.));
#5145=DIRECTION('',(0.,0.,-1.));
#5146=DIRECTION('center_axis',(0.,0.,1.));
#5147=DIRECTION('ref_axis',(1.,0.,0.));
#5148=DIRECTION('',(1.,0.,0.));
#5149=DIRECTION('',(0.,1.,0.));
#5150=DIRECTION('',(1.,0.,0.));
#5151=DIRECTION('center_axis',(1.,0.,0.));
#5152=DIRECTION('ref_axis',(0.,0.,-1.));
#5153=DIRECTION('',(0.,0.,-1.));
#5154=DIRECTION('',(0.,1.,0.));
#5155=DIRECTION('',(0.,0.,-1.));
#5156=DIRECTION('center_axis',(-0.51660527168773,0.,0.856223681793751));
#5157=DIRECTION('ref_axis',(0.856223681793751,0.,0.51660527168773));
#5158=DIRECTION('',(0.856223681793751,0.,0.51660527168773));
#5159=DIRECTION('',(0.,1.,0.));
#5160=DIRECTION('',(0.856223681793751,0.,0.51660527168773));
#5161=DIRECTION('center_axis',(-1.,0.,0.));
#5162=DIRECTION('ref_axis',(0.,0.,1.));
#5163=DIRECTION('',(0.,0.,1.));
#5164=DIRECTION('',(0.,1.,0.));
#5165=DIRECTION('',(0.,0.,1.));
#5166=DIRECTION('center_axis',(0.,0.,1.));
#5167=DIRECTION('ref_axis',(1.,0.,0.));
#5168=DIRECTION('',(1.,0.,0.));
#5169=DIRECTION('',(0.,1.,0.));
#5170=DIRECTION('',(1.,0.,0.));
#5171=DIRECTION('center_axis',(-1.,0.,0.));
#5172=DIRECTION('ref_axis',(0.,0.,1.));
#5173=DIRECTION('',(0.,0.,1.));
#5174=DIRECTION('',(0.,1.,0.));
#5175=DIRECTION('',(0.,0.,1.));
#5176=DIRECTION('center_axis',(0.,0.,-1.));
#5177=DIRECTION('ref_axis',(-1.,0.,0.));
#5178=DIRECTION('',(-1.,0.,0.));
#5179=DIRECTION('',(0.,1.,0.));
#5180=DIRECTION('',(-1.,0.,0.));
#5181=DIRECTION('center_axis',(-1.,0.,0.));
#5182=DIRECTION('ref_axis',(0.,0.,1.));
#5183=DIRECTION('',(0.,0.,1.));
#5184=DIRECTION('',(0.,1.,0.));
#5185=DIRECTION('',(0.,0.,1.));
#5186=DIRECTION('',(0.,1.,0.));
#5187=DIRECTION('',(0.,1.,0.));
#5188=DIRECTION('',(0.,1.,0.));
#5189=DIRECTION('',(0.,1.,0.));
#5190=DIRECTION('center_axis',(0.986892541544706,0.,0.161378782506965));
#5191=DIRECTION('ref_axis',(0.161378782506965,0.,-0.986892541544706));
#5192=DIRECTION('',(0.161378782506965,0.,-0.986892541544706));
#5193=DIRECTION('',(0.,1.,0.));
#5194=DIRECTION('',(0.161378782506965,0.,-0.986892541544706));
#5195=DIRECTION('center_axis',(0.,-1.,0.));
#5196=DIRECTION('ref_axis',(1.,0.,0.));
#5197=DIRECTION('',(0.,1.,0.));
#5198=DIRECTION('',(0.,1.,0.));
#5199=DIRECTION('',(0.,1.,0.));
#5200=DIRECTION('',(0.,1.,0.));
#5201=DIRECTION('',(0.,1.,0.));
#5202=DIRECTION('',(0.,1.,0.));
#5203=DIRECTION('',(0.,1.,0.));
#5204=DIRECTION('',(0.,1.,0.));
#5205=DIRECTION('',(0.,1.,0.));
#5206=DIRECTION('',(0.,1.,0.));
#5207=DIRECTION('center_axis',(-1.,0.,0.));
#5208=DIRECTION('ref_axis',(0.,0.,1.));
#5209=DIRECTION('',(0.,0.,1.));
#5210=DIRECTION('',(0.,0.,1.));
#5211=DIRECTION('center_axis',(0.,0.,-1.));
#5212=DIRECTION('ref_axis',(-1.,0.,0.));
#5213=DIRECTION('',(-1.,0.,0.));
#5214=DIRECTION('',(0.,1.,0.));
#5215=DIRECTION('',(-1.,0.,0.));
#5216=DIRECTION('',(0.,1.,0.));
#5217=DIRECTION('',(0.,1.,0.));
#5218=DIRECTION('',(0.,1.,0.));
#5219=DIRECTION('center_axis',(1.,0.,0.));
#5220=DIRECTION('ref_axis',(0.,0.,-1.));
#5221=DIRECTION('',(0.,0.,-1.));
#5222=DIRECTION('',(0.,1.,0.));
#5223=DIRECTION('',(0.,0.,-1.));
#5224=DIRECTION('',(0.,1.,0.));
#5225=DIRECTION('',(0.,1.,0.));
#5226=DIRECTION('',(0.,1.,0.));
#5227=DIRECTION('',(0.,1.,0.));
#5228=DIRECTION('',(0.,1.,0.));
#5229=DIRECTION('',(0.,1.,0.));
#5230=DIRECTION('',(0.,1.,0.));
#5231=DIRECTION('center_axis',(-0.135113369374297,0.,-0.990830145593242));
#5232=DIRECTION('ref_axis',(-0.990830145593242,0.,0.135113369374297));
#5233=DIRECTION('',(-0.990830145593242,0.,0.135113369374297));
#5234=DIRECTION('',(0.,1.,0.));
#5235=DIRECTION('',(-0.990830145593242,0.,0.135113369374297));
#5236=DIRECTION('',(0.,1.,0.));
#5237=DIRECTION('',(0.,1.,0.));
#5238=DIRECTION('',(0.,1.,0.));
#5239=DIRECTION('',(0.,1.,0.));
#5240=DIRECTION('',(0.,1.,0.));
#5241=DIRECTION('',(0.,1.,0.));
#5242=DIRECTION('',(0.,1.,0.));
#5243=DIRECTION('',(0.,1.,0.));
#5244=DIRECTION('',(0.,1.,0.));
#5245=DIRECTION('',(0.,1.,0.));
#5246=DIRECTION('',(0.,1.,0.));
#5247=DIRECTION('',(0.,1.,0.));
#5248=DIRECTION('',(0.,1.,0.));
#5249=DIRECTION('',(0.,1.,0.));
#5250=DIRECTION('center_axis',(0.,-1.,0.));
#5251=DIRECTION('ref_axis',(1.,0.,0.));
#5252=DIRECTION('center_axis',(1.,0.,0.));
#5253=DIRECTION('ref_axis',(0.,0.,-1.));
#5254=DIRECTION('',(0.,0.,-1.));
#5255=DIRECTION('',(0.,1.,0.));
#5256=DIRECTION('',(0.,0.,-1.));
#5257=DIRECTION('',(0.,1.,0.));
#5258=DIRECTION('center_axis',(0.,0.,1.));
#5259=DIRECTION('ref_axis',(1.,0.,0.));
#5260=DIRECTION('',(1.,0.,0.));
#5261=DIRECTION('',(0.,1.,0.));
#5262=DIRECTION('',(1.,0.,0.));
#5263=DIRECTION('center_axis',(-1.,0.,0.));
#5264=DIRECTION('ref_axis',(0.,0.,1.));
#5265=DIRECTION('',(0.,0.,1.));
#5266=DIRECTION('',(0.,1.,0.));
#5267=DIRECTION('',(0.,0.,1.));
#5268=DIRECTION('center_axis',(0.,0.,-1.));
#5269=DIRECTION('ref_axis',(-1.,0.,0.));
#5270=DIRECTION('',(-1.,0.,0.));
#5271=DIRECTION('',(-1.,0.,0.));
#5272=DIRECTION('center_axis',(0.,1.,0.));
#5273=DIRECTION('ref_axis',(0.,0.,1.));
#5274=DIRECTION('',(0.,1.,0.));
#5275=DIRECTION('',(0.,1.,0.));
#5276=DIRECTION('',(0.,1.,0.));
#5277=DIRECTION('',(0.,1.,0.));
#5278=DIRECTION('center_axis',(0.,0.,1.));
#5279=DIRECTION('ref_axis',(1.,0.,0.));
#5280=DIRECTION('',(1.,0.,0.));
#5281=DIRECTION('',(0.,1.,0.));
#5282=DIRECTION('',(1.,0.,0.));
#5283=DIRECTION('',(0.,1.,0.));
#5284=DIRECTION('',(0.,1.,0.));
#5285=DIRECTION('',(0.,1.,0.));
#5286=DIRECTION('',(0.,1.,0.));
#5287=DIRECTION('center_axis',(0.,0.,-1.));
#5288=DIRECTION('ref_axis',(-1.,0.,0.));
#5289=DIRECTION('',(-1.,0.,0.));
#5290=DIRECTION('',(0.,1.,0.));
#5291=DIRECTION('',(-1.,0.,0.));
#5292=DIRECTION('',(0.,1.,0.));
#5293=DIRECTION('',(0.,1.,0.));
#5294=DIRECTION('',(0.,1.,0.));
#5295=DIRECTION('',(0.,1.,0.));
#5296=DIRECTION('',(0.,1.,0.));
#5297=DIRECTION('',(0.,1.,0.));
#5298=DIRECTION('',(0.,1.,0.));
#5299=DIRECTION('',(0.,1.,0.));
#5300=DIRECTION('',(0.,1.,0.));
#5301=DIRECTION('center_axis',(0.122721128974109,0.,0.992441194481225));
#5302=DIRECTION('ref_axis',(0.992441194481225,0.,-0.122721128974109));
#5303=DIRECTION('',(0.992441194481225,0.,-0.122721128974109));
#5304=DIRECTION('',(0.,1.,0.));
#5305=DIRECTION('',(0.992441194481225,0.,-0.122721128974109));
#5306=DIRECTION('center_axis',(0.,-1.,0.));
#5307=DIRECTION('ref_axis',(1.,0.,0.));
#5308=DIRECTION('center_axis',(1.,0.,0.));
#5309=DIRECTION('ref_axis',(0.,0.,-1.));
#5310=DIRECTION('',(0.,0.,-1.));
#5311=DIRECTION('',(0.,1.,0.));
#5312=DIRECTION('',(0.,0.,-1.));
#5313=DIRECTION('',(0.,1.,0.));
#5314=DIRECTION('',(0.,1.,0.));
#5315=DIRECTION('',(0.,1.,0.));
#5316=DIRECTION('',(0.,1.,0.));
#5317=DIRECTION('',(0.,1.,0.));
#5318=DIRECTION('',(0.,1.,0.));
#5319=DIRECTION('center_axis',(-1.,0.,0.));
#5320=DIRECTION('ref_axis',(0.,0.,1.));
#5321=DIRECTION('',(0.,0.,1.));
#5322=DIRECTION('',(0.,1.,0.));
#5323=DIRECTION('',(0.,0.,1.));
#5324=DIRECTION('center_axis',(0.,0.,-1.));
#5325=DIRECTION('ref_axis',(-1.,0.,0.));
#5326=DIRECTION('',(-1.,0.,0.));
#5327=DIRECTION('',(0.,1.,0.));
#5328=DIRECTION('',(-1.,0.,0.));
#5329=DIRECTION('center_axis',(1.,0.,0.));
#5330=DIRECTION('ref_axis',(0.,0.,-1.));
#5331=DIRECTION('',(0.,0.,-1.));
#5332=DIRECTION('',(0.,1.,0.));
#5333=DIRECTION('',(0.,0.,-1.));
#5334=DIRECTION('',(0.,1.,0.));
#5335=DIRECTION('',(0.,1.,0.));
#5336=DIRECTION('',(0.,1.,0.));
#5337=DIRECTION('',(0.,1.,0.));
#5338=DIRECTION('',(0.,1.,0.));
#5339=DIRECTION('center_axis',(1.,0.,0.));
#5340=DIRECTION('ref_axis',(0.,0.,-1.));
#5341=DIRECTION('',(0.,0.,-1.));
#5342=DIRECTION('',(0.,1.,0.));
#5343=DIRECTION('',(0.,0.,-1.));
#5344=DIRECTION('center_axis',(0.,0.,1.));
#5345=DIRECTION('ref_axis',(1.,0.,0.));
#5346=DIRECTION('',(1.,0.,0.));
#5347=DIRECTION('',(0.,1.,0.));
#5348=DIRECTION('',(1.,0.,0.));
#5349=DIRECTION('center_axis',(-1.,0.,0.));
#5350=DIRECTION('ref_axis',(0.,0.,1.));
#5351=DIRECTION('',(0.,0.,1.));
#5352=DIRECTION('',(0.,1.,0.));
#5353=DIRECTION('',(0.,0.,1.));
#5354=DIRECTION('center_axis',(0.,0.,-1.));
#5355=DIRECTION('ref_axis',(-1.,0.,0.));
#5356=DIRECTION('',(-1.,0.,0.));
#5357=DIRECTION('',(-1.,0.,0.));
#5358=DIRECTION('center_axis',(0.,-1.,0.));
#5359=DIRECTION('ref_axis',(1.,0.,0.));
#5360=DIRECTION('center_axis',(1.,0.,0.));
#5361=DIRECTION('ref_axis',(0.,0.,-1.));
#5362=DIRECTION('',(0.,0.,-1.));
#5363=DIRECTION('',(0.,1.,0.));
#5364=DIRECTION('',(0.,0.,-1.));
#5365=DIRECTION('',(0.,1.,0.));
#5366=DIRECTION('center_axis',(0.,0.,1.));
#5367=DIRECTION('ref_axis',(1.,0.,0.));
#5368=DIRECTION('',(1.,0.,0.));
#5369=DIRECTION('',(0.,1.,0.));
#5370=DIRECTION('',(1.,0.,0.));
#5371=DIRECTION('center_axis',(-1.,0.,0.));
#5372=DIRECTION('ref_axis',(0.,0.,1.));
#5373=DIRECTION('',(0.,0.,1.));
#5374=DIRECTION('',(0.,1.,0.));
#5375=DIRECTION('',(0.,0.,1.));
#5376=DIRECTION('center_axis',(0.,0.,-1.));
#5377=DIRECTION('ref_axis',(-1.,0.,0.));
#5378=DIRECTION('',(-1.,0.,0.));
#5379=DIRECTION('',(-1.,0.,0.));
#5380=DIRECTION('center_axis',(0.,1.,0.));
#5381=DIRECTION('ref_axis',(0.,0.,1.));
#5382=DIRECTION('',(0.,1.,0.));
#5383=DIRECTION('',(0.,1.,0.));
#5384=DIRECTION('',(0.,1.,0.));
#5385=DIRECTION('',(0.,1.,0.));
#5386=DIRECTION('',(0.,1.,0.));
#5387=DIRECTION('',(0.,1.,0.));
#5388=DIRECTION('',(0.,1.,0.));
#5389=DIRECTION('',(0.,1.,0.));
#5390=DIRECTION('center_axis',(1.,0.,0.));
#5391=DIRECTION('ref_axis',(0.,0.,-1.));
#5392=DIRECTION('',(0.,0.,-1.));
#5393=DIRECTION('',(0.,1.,0.));
#5394=DIRECTION('',(0.,0.,-1.));
#5395=DIRECTION('',(0.,1.,0.));
#5396=DIRECTION('',(0.,1.,0.));
#5397=DIRECTION('',(0.,1.,0.));
#5398=DIRECTION('',(0.,1.,0.));
#5399=DIRECTION('',(0.,1.,0.));
#5400=DIRECTION('',(0.,1.,0.));
#5401=DIRECTION('',(0.,1.,0.));
#5402=DIRECTION('',(0.,1.,0.));
#5403=DIRECTION('',(0.,1.,0.));
#5404=DIRECTION('',(0.,1.,0.));
#5405=DIRECTION('',(0.,1.,0.));
#5406=DIRECTION('center_axis',(1.,0.,0.));
#5407=DIRECTION('ref_axis',(0.,0.,-1.));
#5408=DIRECTION('',(0.,0.,-1.));
#5409=DIRECTION('',(0.,1.,0.));
#5410=DIRECTION('',(0.,0.,-1.));
#5411=DIRECTION('center_axis',(0.,0.,1.));
#5412=DIRECTION('ref_axis',(1.,0.,0.));
#5413=DIRECTION('',(1.,0.,0.));
#5414=DIRECTION('',(0.,1.,0.));
#5415=DIRECTION('',(1.,0.,0.));
#5416=DIRECTION('center_axis',(-1.,0.,0.));
#5417=DIRECTION('ref_axis',(0.,0.,1.));
#5418=DIRECTION('',(0.,0.,1.));
#5419=DIRECTION('',(0.,1.,0.));
#5420=DIRECTION('',(0.,0.,1.));
#5421=DIRECTION('center_axis',(0.,0.,-1.));
#5422=DIRECTION('ref_axis',(-1.,0.,0.));
#5423=DIRECTION('',(-1.,0.,0.));
#5424=DIRECTION('',(-1.,0.,0.));
#5425=DIRECTION('center_axis',(0.,-1.,0.));
#5426=DIRECTION('ref_axis',(1.,0.,0.));
#5427=DIRECTION('center_axis',(0.,-1.,0.));
#5428=DIRECTION('ref_axis',(1.,0.,0.));
#5429=DIRECTION('',(0.,0.,1.));
#5430=DIRECTION('',(-1.,0.,0.));
#5431=DIRECTION('',(0.,0.,-1.));
#5432=DIRECTION('',(0.,0.,-1.));
#5433=DIRECTION('',(1.,0.,0.));
#5434=DIRECTION('center_axis',(0.,-1.,0.));
#5435=DIRECTION('ref_axis',(1.,0.,0.));
#5436=DIRECTION('center_axis',(0.,-1.,0.));
#5437=DIRECTION('ref_axis',(1.,0.,0.));
#5438=DIRECTION('center_axis',(-0.816496580927726,0.408248290463863,-0.408248290463862));
#5439=DIRECTION('ref_axis',(-0.577350269189626,-0.577350269189626,0.577350269189625));
#5440=DIRECTION('center_axis',(0.,-1.,0.));
#5441=DIRECTION('ref_axis',(-1.,0.,0.));
#5442=DIRECTION('center_axis',(0.,0.,1.));
#5443=DIRECTION('ref_axis',(0.,-1.,0.));
#5444=DIRECTION('center_axis',(-1.,-4.44089209850062E-16,0.));
#5445=DIRECTION('ref_axis',(0.,0.,1.));
#5446=DIRECTION('center_axis',(0.,0.,1.));
#5447=DIRECTION('ref_axis',(-0.707106781186547,-0.707106781186548,0.));
#5448=DIRECTION('center_axis',(0.,0.,1.));
#5449=DIRECTION('ref_axis',(-0.707106781186547,-0.707106781186548,0.));
#5450=DIRECTION('',(0.,0.,-1.));
#5451=DIRECTION('center_axis',(-0.408248290463863,-0.816496580927727,-0.408248290463863));
#5452=DIRECTION('ref_axis',(0.577350269189626,-0.577350269189626,0.577350269189626));
#5453=DIRECTION('center_axis',(1.,0.,0.));
#5454=DIRECTION('ref_axis',(0.,-1.,0.));
#5455=DIRECTION('center_axis',(0.,0.,1.));
#5456=DIRECTION('ref_axis',(1.,0.,0.));
#5457=DIRECTION('center_axis',(-4.44089209850063E-16,-1.,0.));
#5458=DIRECTION('ref_axis',(0.,0.,1.));
#5459=DIRECTION('center_axis',(0.,0.,1.));
#5460=DIRECTION('ref_axis',(0.707106781186547,-0.707106781186547,0.));
#5461=DIRECTION('center_axis',(0.,0.,1.));
#5462=DIRECTION('ref_axis',(0.707106781186547,-0.707106781186547,0.));
#5463=DIRECTION('',(0.,0.,1.));
#5464=DIRECTION('center_axis',(-0.408248290463863,-0.816496580927726,0.408248290463863));
#5465=DIRECTION('ref_axis',(-0.577350269189625,0.577350269189626,0.577350269189626));
#5466=DIRECTION('center_axis',(-1.,0.,0.));
#5467=DIRECTION('ref_axis',(0.,1.,0.));
#5468=DIRECTION('center_axis',(0.,0.,1.));
#5469=DIRECTION('ref_axis',(-1.,0.,0.));
#5470=DIRECTION('center_axis',(0.,1.,0.));
#5471=DIRECTION('ref_axis',(0.,0.,1.));
#5472=DIRECTION('center_axis',(0.,0.,1.));
#5473=DIRECTION('ref_axis',(-0.707106781186547,0.707106781186548,0.));
#5474=DIRECTION('center_axis',(0.,0.,1.));
#5475=DIRECTION('ref_axis',(-0.707106781186547,0.707106781186548,0.));
#5476=DIRECTION('',(0.,0.,1.));
#5477=DIRECTION('',(0.,0.,-1.));
#5478=DIRECTION('center_axis',(0.,-1.,0.));
#5479=DIRECTION('ref_axis',(-0.707106781186547,0.,0.707106781186548));
#5480=DIRECTION('',(0.,1.,0.));
#5481=DIRECTION('',(0.,-1.,0.));
#5482=DIRECTION('center_axis',(0.408248290463863,-0.816496580927726,0.408248290463863));
#5483=DIRECTION('ref_axis',(0.577350269189626,0.577350269189626,0.577350269189626));
#5484=DIRECTION('center_axis',(0.,1.,0.));
#5485=DIRECTION('ref_axis',(1.,0.,0.));
#5486=DIRECTION('center_axis',(0.,0.,1.));
#5487=DIRECTION('ref_axis',(0.,1.,0.));
#5488=DIRECTION('center_axis',(1.,0.,0.));
#5489=DIRECTION('ref_axis',(0.,0.,1.));
#5490=DIRECTION('center_axis',(0.,0.,1.));
#5491=DIRECTION('ref_axis',(0.707106781186547,0.707106781186547,0.));
#5492=DIRECTION('center_axis',(0.,0.,1.));
#5493=DIRECTION('ref_axis',(0.707106781186547,0.707106781186547,0.));
#5494=DIRECTION('',(0.,0.,1.));
#5495=DIRECTION('',(0.,0.,-1.));
#5496=DIRECTION('center_axis',(-1.,0.,0.));
#5497=DIRECTION('ref_axis',(0.,0.707106781186547,0.707106781186547));
#5498=DIRECTION('',(1.,0.,0.));
#5499=DIRECTION('',(-1.,0.,0.));
#5500=DIRECTION('center_axis',(0.,1.,0.));
#5501=DIRECTION('ref_axis',(0.707106781186547,0.,0.707106781186547));
#5502=DIRECTION('',(0.,-1.,0.));
#5503=DIRECTION('',(0.,1.,0.));
#5504=DIRECTION('center_axis',(1.,0.,0.));
#5505=DIRECTION('ref_axis',(0.,-0.707106781186548,0.707106781186547));
#5506=DIRECTION('',(-1.,0.,0.));
#5507=DIRECTION('center_axis',(-1.,0.,0.));
#5508=DIRECTION('ref_axis',(0.,-1.,0.));
#5509=DIRECTION('',(0.,1.,0.));
#5510=DIRECTION('',(0.,1.,0.));
#5511=DIRECTION('center_axis',(-1.,0.,0.));
#5512=DIRECTION('ref_axis',(0.,0.707106781186547,-0.707106781186548));
#5513=DIRECTION('',(0.,0.,1.));
#5514=DIRECTION('center_axis',(-1.,0.,0.));
#5515=DIRECTION('ref_axis',(0.,0.707106781186548,0.707106781186547));
#5516=DIRECTION('',(0.,-1.,0.));
#5517=DIRECTION('center_axis',(-1.,0.,0.));
#5518=DIRECTION('ref_axis',(0.,-0.707106781186548,0.707106781186547));
#5519=DIRECTION('',(0.,0.,-1.));
#5520=DIRECTION('center_axis',(-1.,0.,0.));
#5521=DIRECTION('ref_axis',(0.,-0.707106781186547,-0.707106781186548));
#5522=DIRECTION('center_axis',(0.,1.,0.));
#5523=DIRECTION('ref_axis',(-1.,0.,0.));
#5524=DIRECTION('',(1.,0.,0.));
#5525=DIRECTION('center_axis',(0.,-1.,0.));
#5526=DIRECTION('ref_axis',(1.,0.,0.));
#5527=DIRECTION('center_axis',(0.,0.,1.));
#5528=DIRECTION('ref_axis',(1.,0.,0.));
#5529=DIRECTION('',(5.19114077751324E-17,1.,0.));
#5530=DIRECTION('',(1.,0.,0.));
#5531=DIRECTION('',(0.,-1.,0.));
#5532=DIRECTION('',(-1.,0.,0.));
#5533=DIRECTION('center_axis',(-1.,0.,0.));
#5534=DIRECTION('ref_axis',(0.,-0.707106781186548,0.707106781186547));
#5535=DIRECTION('center_axis',(1.,-5.19114077751324E-17,0.));
#5536=DIRECTION('ref_axis',(0.,-0.707106781186548,0.707106781186547));
#5537=DIRECTION('',(-1.,0.,0.));
#5538=DIRECTION('',(1.,0.,0.));
#5539=DIRECTION('center_axis',(0.,-1.,0.));
#5540=DIRECTION('ref_axis',(0.,0.,1.));
#5541=DIRECTION('',(0.,0.,1.));
#5542=DIRECTION('',(1.,0.,0.));
#5543=DIRECTION('center_axis',(-1.,0.,0.));
#5544=DIRECTION('ref_axis',(0.,-0.707106781186547,-0.707106781186548));
#5545=DIRECTION('center_axis',(1.,-5.19114077751324E-17,0.));
#5546=DIRECTION('ref_axis',(0.,-0.707106781186547,-0.707106781186548));
#5547=DIRECTION('',(-1.,0.,0.));
#5548=DIRECTION('center_axis',(0.,0.,-1.));
#5549=DIRECTION('ref_axis',(0.,-1.,0.));
#5550=DIRECTION('',(-5.19114077751324E-17,-1.,0.));
#5551=DIRECTION('',(1.,0.,0.));
#5552=DIRECTION('center_axis',(-1.,0.,0.));
#5553=DIRECTION('ref_axis',(0.,0.707106781186547,-0.707106781186548));
#5554=DIRECTION('center_axis',(1.,-5.19114077751324E-17,0.));
#5555=DIRECTION('ref_axis',(0.,0.707106781186547,-0.707106781186548));
#5556=DIRECTION('',(-1.,0.,0.));
#5557=DIRECTION('center_axis',(0.,1.,0.));
#5558=DIRECTION('ref_axis',(0.,0.,-1.));
#5559=DIRECTION('',(0.,0.,-1.));
#5560=DIRECTION('',(1.,0.,0.));
#5561=DIRECTION('center_axis',(-1.,0.,0.));
#5562=DIRECTION('ref_axis',(0.,0.707106781186548,0.707106781186547));
#5563=DIRECTION('center_axis',(1.,-5.19114077751324E-17,0.));
#5564=DIRECTION('ref_axis',(0.,0.707106781186548,0.707106781186547));
#5565=DIRECTION('',(-1.,0.,0.));
#5566=DIRECTION('center_axis',(0.,0.,1.));
#5567=DIRECTION('ref_axis',(0.,1.,0.));
#5568=DIRECTION('',(5.19114077751324E-17,1.,0.));
#5569=DIRECTION('center_axis',(0.,1.,0.));
#5570=DIRECTION('ref_axis',(1.,0.,0.));
#5571=DIRECTION('center_axis',(0.,1.,0.));
#5572=DIRECTION('ref_axis',(1.,0.,0.));
#5573=DIRECTION('',(0.,1.,0.));
#5574=DIRECTION('center_axis',(-1.,0.,0.));
#5575=DIRECTION('ref_axis',(0.,-1.,0.));
#5576=DIRECTION('',(0.,1.,0.));
#5577=DIRECTION('',(0.,0.,1.));
#5578=DIRECTION('',(0.,0.,1.));
#5579=DIRECTION('center_axis',(0.,1.,0.));
#5580=DIRECTION('ref_axis',(-1.,0.,0.));
#5581=DIRECTION('',(1.,0.,0.));
#5582=DIRECTION('',(0.,0.,1.));
#5583=DIRECTION('center_axis',(0.,-1.,0.));
#5584=DIRECTION('ref_axis',(1.,0.,0.));
#5585=DIRECTION('',(-1.,0.,0.));
#5586=DIRECTION('',(0.,0.,1.));
#5587=DIRECTION('center_axis',(1.,-5.19114077751324E-17,0.));
#5588=DIRECTION('ref_axis',(5.19114077751324E-17,1.,0.));
#5589=DIRECTION('',(-5.19114077751324E-17,-1.,0.));
#5590=DIRECTION('center_axis',(1.,0.,0.));
#5591=DIRECTION('ref_axis',(0.,1.,0.));
#5592=DIRECTION('',(0.,-1.,0.));
#5593=DIRECTION('center_axis',(0.,-1.,0.));
#5594=DIRECTION('ref_axis',(1.,0.,0.));
#5595=DIRECTION('center_axis',(0.,0.,1.));
#5596=DIRECTION('ref_axis',(1.,0.,0.));
#5597=DIRECTION('center_axis',(0.,0.,1.));
#5598=DIRECTION('ref_axis',(1.,0.,0.));
#5599=CARTESIAN_POINT('',(0.,0.,0.));
#5600=CARTESIAN_POINT('Origin',(78.,45.,78.));
#5601=CARTESIAN_POINT('',(78.,45.,78.));
#5602=CARTESIAN_POINT('',(78.,25.,78.));
#5603=CARTESIAN_POINT('',(78.,61.75,78.));
#5604=CARTESIAN_POINT('',(84.,45.,78.));
#5605=CARTESIAN_POINT('',(78.,45.,78.));
#5606=CARTESIAN_POINT('',(84.,25.,78.));
#5607=CARTESIAN_POINT('',(84.,40.,78.));
#5608=CARTESIAN_POINT('',(78.,25.,78.));
#5609=CARTESIAN_POINT('Origin',(78.,45.,48.));
#5610=CARTESIAN_POINT('',(78.,45.,48.));
#5611=CARTESIAN_POINT('',(78.,45.,24.));
#5612=CARTESIAN_POINT('',(84.,45.,48.));
#5613=CARTESIAN_POINT('',(78.,45.,48.));
#5614=CARTESIAN_POINT('',(84.,45.,55.5));
#5615=CARTESIAN_POINT('Origin',(78.,25.,48.));
#5616=CARTESIAN_POINT('',(78.,25.,48.));
#5617=CARTESIAN_POINT('',(78.,51.75,48.));
#5618=CARTESIAN_POINT('',(84.,25.,48.));
#5619=CARTESIAN_POINT('',(78.,25.,48.));
#5620=CARTESIAN_POINT('',(84.,30.,48.));
#5621=CARTESIAN_POINT('Origin',(78.,25.,78.));
#5622=CARTESIAN_POINT('',(78.,25.,39.));
#5623=CARTESIAN_POINT('',(84.,25.,70.5));
#5624=CARTESIAN_POINT('Origin',(84.,35.,63.));
#5625=CARTESIAN_POINT('Origin',(2.03752275517394E-15,45.,78.));
#5626=CARTESIAN_POINT('',(2.03752275517394E-15,45.,78.));
#5627=CARTESIAN_POINT('',(2.03752275517394E-15,45.,48.));
#5628=CARTESIAN_POINT('',(2.33601334988096E-15,45.,39.));
#5629=CARTESIAN_POINT('',(-6.,45.,78.));
#5630=CARTESIAN_POINT('',(2.03752275517394E-15,45.,78.));
#5631=CARTESIAN_POINT('',(-6.,45.,48.));
#5632=CARTESIAN_POINT('',(-6.,45.,78.));
#5633=CARTESIAN_POINT('',(2.03752275517394E-15,45.,48.));
#5634=CARTESIAN_POINT('Origin',(2.03752275517394E-15,25.,78.));
#5635=CARTESIAN_POINT('',(2.03752275517394E-15,25.,78.));
#5636=CARTESIAN_POINT('',(6.48892597189154E-16,12.5,78.));
#5637=CARTESIAN_POINT('',(-6.,25.,78.));
#5638=CARTESIAN_POINT('',(2.03752275517394E-15,25.,78.));
#5639=CARTESIAN_POINT('',(-6.,25.,78.));
#5640=CARTESIAN_POINT('Origin',(2.03752275517394E-15,25.,48.));
#5641=CARTESIAN_POINT('',(2.03752275517394E-15,25.,48.));
#5642=CARTESIAN_POINT('',(1.29778519437831E-15,25.,24.));
#5643=CARTESIAN_POINT('',(-6.,25.,48.));
#5644=CARTESIAN_POINT('',(2.03752275517394E-15,25.,48.));
#5645=CARTESIAN_POINT('',(-6.,25.,48.));
#5646=CARTESIAN_POINT('Origin',(2.03752275517394E-15,45.,48.));
#5647=CARTESIAN_POINT('',(1.16800667494048E-15,22.5,48.));
#5648=CARTESIAN_POINT('',(-6.,45.,48.));
#5649=CARTESIAN_POINT('Origin',(-6.,35.,63.));
#5650=CARTESIAN_POINT('Origin',(42.3178741037848,-8.,7.03410655260086));
#5651=CARTESIAN_POINT('',(42.3178741037848,-8.,7.03410655260086));
#5652=CARTESIAN_POINT('',(42.3178741037848,-8.,4.00000005960464));
#5653=CARTESIAN_POINT('',(42.3178741037848,-8.,3.51705327630043));
#5654=CARTESIAN_POINT('',(42.3178741037848,-7.,7.03410655260086));
#5655=CARTESIAN_POINT('',(42.3178741037848,-8.,7.03410655260086));
#5656=CARTESIAN_POINT('',(42.3178741037848,-7.,4.00000005960464));
#5657=CARTESIAN_POINT('',(42.3178741037848,-7.,7.03410655260086));
#5658=CARTESIAN_POINT('',(42.3178741037848,-8.,4.00000005960464));
#5659=CARTESIAN_POINT('Ctrl Pts',(42.4815854132178,-8.,8.18008214235306));
#5660=CARTESIAN_POINT('Ctrl Pts',(42.4815854132178,-7.,8.18008214235306));
#5661=CARTESIAN_POINT('Ctrl Pts',(42.4338498111591,-8.,7.99826109336709));
#5662=CARTESIAN_POINT('Ctrl Pts',(42.4338498111591,-7.,7.99826109336709));
#5663=CARTESIAN_POINT('Ctrl Pts',(42.3352412904421,-8.,7.62266921010748));
#5664=CARTESIAN_POINT('Ctrl Pts',(42.3352412904421,-7.,7.62266921010748));
#5665=CARTESIAN_POINT('Ctrl Pts',(42.3237846668476,-8.,7.23441168965211));
#5666=CARTESIAN_POINT('Ctrl Pts',(42.3237846668476,-7.,7.23441168965211));
#5667=CARTESIAN_POINT('Ctrl Pts',(42.3178741037848,-8.,7.03410655260086));
#5668=CARTESIAN_POINT('Ctrl Pts',(42.3178741037848,-7.,7.03410655260086));
#5669=CARTESIAN_POINT('',(42.4815854132178,-8.,8.18008214235306));
#5670=CARTESIAN_POINT('Ctrl Pts',(42.4815854132178,-8.,8.18008214235306));
#5671=CARTESIAN_POINT('Ctrl Pts',(42.4338498111591,-8.,7.99826109336709));
#5672=CARTESIAN_POINT('Ctrl Pts',(42.3352412904421,-8.,7.62266921010748));
#5673=CARTESIAN_POINT('Ctrl Pts',(42.3237846668476,-8.,7.23441168965211));
#5674=CARTESIAN_POINT('Ctrl Pts',(42.3178741037848,-8.,7.03410655260086));
#5675=CARTESIAN_POINT('',(42.4815854132178,-7.,8.18008214235306));
#5676=CARTESIAN_POINT('',(42.4815854132178,-8.,8.18008214235306));
#5677=CARTESIAN_POINT('Ctrl Pts',(42.4815854132178,-7.,8.18008214235306));
#5678=CARTESIAN_POINT('Ctrl Pts',(42.4338498111591,-7.,7.99826109336709));
#5679=CARTESIAN_POINT('Ctrl Pts',(42.3352412904421,-7.,7.62266921010748));
#5680=CARTESIAN_POINT('Ctrl Pts',(42.3237846668476,-7.,7.23441168965211));
#5681=CARTESIAN_POINT('Ctrl Pts',(42.3178741037848,-7.,7.03410655260086));
#5682=CARTESIAN_POINT('Ctrl Pts',(42.8472050726416,-8.,8.7148705124855));
#5683=CARTESIAN_POINT('Ctrl Pts',(42.8472050726416,-7.,8.7148705124855));
#5684=CARTESIAN_POINT('Ctrl Pts',(42.7673117082347,-8.,8.64308883193642));
#5685=CARTESIAN_POINT('Ctrl Pts',(42.7673117082347,-7.,8.64308883193642));
#5686=CARTESIAN_POINT('Ctrl Pts',(42.6021852366964,-8.,8.49472787958265));
#5687=CARTESIAN_POINT('Ctrl Pts',(42.6021852366964,-7.,8.49472787958265));
#5688=CARTESIAN_POINT('Ctrl Pts',(42.5226427505451,-8.,8.28720100703649));
#5689=CARTESIAN_POINT('Ctrl Pts',(42.5226427505451,-7.,8.28720100703649));
#5690=CARTESIAN_POINT('Ctrl Pts',(42.4815854132178,-8.,8.18008214235306));
#5691=CARTESIAN_POINT('Ctrl Pts',(42.4815854132178,-7.,8.18008214235306));
#5692=CARTESIAN_POINT('',(42.8472050726416,-8.,8.7148705124855));
#5693=CARTESIAN_POINT('Ctrl Pts',(42.8472050726416,-8.,8.7148705124855));
#5694=CARTESIAN_POINT('Ctrl Pts',(42.7673117082347,-8.,8.64308883193642));
#5695=CARTESIAN_POINT('Ctrl Pts',(42.6021852366964,-8.,8.49472787958265));
#5696=CARTESIAN_POINT('Ctrl Pts',(42.5226427505451,-8.,8.28720100703649));
#5697=CARTESIAN_POINT('Ctrl Pts',(42.4815854132178,-8.,8.18008214235306));
#5698=CARTESIAN_POINT('',(42.8472050726416,-7.,8.7148705124855));
#5699=CARTESIAN_POINT('',(42.8472050726416,-8.,8.7148705124855));
#5700=CARTESIAN_POINT('Ctrl Pts',(42.8472050726416,-7.,8.7148705124855));
#5701=CARTESIAN_POINT('Ctrl Pts',(42.7673117082347,-7.,8.64308883193642));
#5702=CARTESIAN_POINT('Ctrl Pts',(42.6021852366964,-7.,8.49472787958265));
#5703=CARTESIAN_POINT('Ctrl Pts',(42.5226427505451,-7.,8.28720100703649));
#5704=CARTESIAN_POINT('Ctrl Pts',(42.4815854132178,-7.,8.18008214235306));
#5705=CARTESIAN_POINT('Ctrl Pts',(43.4256502687933,-8.,8.91132324934006));
#5706=CARTESIAN_POINT('Ctrl Pts',(43.4256502687933,-7.,8.91132324934006));
#5707=CARTESIAN_POINT('Ctrl Pts',(43.3210172894557,-8.,8.90310741063662));
#5708=CARTESIAN_POINT('Ctrl Pts',(43.3210172894557,-7.,8.90310741063662));
#5709=CARTESIAN_POINT('Ctrl Pts',(43.1115566945691,-8.,8.88666045028807));
#5710=CARTESIAN_POINT('Ctrl Pts',(43.1115566945691,-7.,8.88666045028807));
#5711=CARTESIAN_POINT('Ctrl Pts',(42.9353768502427,-8.,8.7721692878045));
#5712=CARTESIAN_POINT('Ctrl Pts',(42.9353768502427,-7.,8.7721692878045));
#5713=CARTESIAN_POINT('Ctrl Pts',(42.8472050726416,-8.,8.7148705124855));
#5714=CARTESIAN_POINT('Ctrl Pts',(42.8472050726416,-7.,8.7148705124855));
#5715=CARTESIAN_POINT('',(43.4256502687933,-8.,8.91132324934006));
#5716=CARTESIAN_POINT('Ctrl Pts',(43.4256502687933,-8.,8.91132324934006));
#5717=CARTESIAN_POINT('Ctrl Pts',(43.3210172894557,-8.,8.90310741063662));
#5718=CARTESIAN_POINT('Ctrl Pts',(43.1115566945691,-8.,8.88666045028807));
#5719=CARTESIAN_POINT('Ctrl Pts',(42.9353768502427,-8.,8.7721692878045));
#5720=CARTESIAN_POINT('Ctrl Pts',(42.8472050726416,-8.,8.7148705124855));
#5721=CARTESIAN_POINT('',(43.4256502687933,-7.,8.91132324934006));
#5722=CARTESIAN_POINT('',(43.4256502687933,-8.,8.91132324934006));
#5723=CARTESIAN_POINT('Ctrl Pts',(43.4256502687933,-7.,8.91132324934006));
#5724=CARTESIAN_POINT('Ctrl Pts',(43.3210172894557,-7.,8.90310741063662));
#5725=CARTESIAN_POINT('Ctrl Pts',(43.1115566945691,-7.,8.88666045028807));
#5726=CARTESIAN_POINT('Ctrl Pts',(42.9353768502427,-7.,8.7721692878045));
#5727=CARTESIAN_POINT('Ctrl Pts',(42.8472050726416,-7.,8.7148705124855));
#5728=CARTESIAN_POINT('Ctrl Pts',(44.1459783613684,-8.,8.6984995007515));
#5729=CARTESIAN_POINT('Ctrl Pts',(44.1459783613684,-7.,8.6984995007515));
#5730=CARTESIAN_POINT('Ctrl Pts',(44.0284835158731,-8.,8.76054433439867));
#5731=CARTESIAN_POINT('Ctrl Pts',(44.0284835158731,-7.,8.76054433439867));
#5732=CARTESIAN_POINT('Ctrl Pts',(43.8024047273581,-8.,8.87992847219155));
#5733=CARTESIAN_POINT('Ctrl Pts',(43.8024047273581,-7.,8.87992847219155));
#5734=CARTESIAN_POINT('Ctrl Pts',(43.5478912021461,-8.,8.90113696813278));
#5735=CARTESIAN_POINT('Ctrl Pts',(43.5478912021461,-7.,8.90113696813278));
#5736=CARTESIAN_POINT('Ctrl Pts',(43.4256502687933,-8.,8.91132324934006));
#5737=CARTESIAN_POINT('Ctrl Pts',(43.4256502687933,-7.,8.91132324934006));
#5738=CARTESIAN_POINT('',(44.1459783613684,-8.,8.6984995007515));
#5739=CARTESIAN_POINT('Ctrl Pts',(44.1459783613684,-8.,8.6984995007515));
#5740=CARTESIAN_POINT('Ctrl Pts',(44.0284835158731,-8.,8.76054433439867));
#5741=CARTESIAN_POINT('Ctrl Pts',(43.8024047273581,-8.,8.87992847219155));
#5742=CARTESIAN_POINT('Ctrl Pts',(43.5478912021461,-8.,8.90113696813278));
#5743=CARTESIAN_POINT('Ctrl Pts',(43.4256502687933,-8.,8.91132324934006));
#5744=CARTESIAN_POINT('',(44.1459783613684,-7.,8.6984995007515));
#5745=CARTESIAN_POINT('',(44.1459783613684,-8.,8.6984995007515));
#5746=CARTESIAN_POINT('Ctrl Pts',(44.1459783613684,-7.,8.6984995007515));
#5747=CARTESIAN_POINT('Ctrl Pts',(44.0284835158731,-7.,8.76054433439867));
#5748=CARTESIAN_POINT('Ctrl Pts',(43.8024047273581,-7.,8.87992847219155));
#5749=CARTESIAN_POINT('Ctrl Pts',(43.5478912021461,-7.,8.90113696813278));
#5750=CARTESIAN_POINT('Ctrl Pts',(43.4256502687933,-7.,8.91132324934006));
#5751=CARTESIAN_POINT('Origin',(44.4843133985998,-8.,9.60982233285904));
#5752=CARTESIAN_POINT('',(44.4843133985998,-8.,9.60982233285904));
#5753=CARTESIAN_POINT('',(39.6165527736295,-8.,-3.50174138537013));
#5754=CARTESIAN_POINT('',(44.4843133985998,-7.,9.60982233285904));
#5755=CARTESIAN_POINT('',(44.4843133985998,-8.,9.60982233285904));
#5756=CARTESIAN_POINT('',(44.4843133985998,-7.,9.60982233285904));
#5757=CARTESIAN_POINT('Ctrl Pts',(43.4747633039953,-8.,9.92633014917374));
#5758=CARTESIAN_POINT('Ctrl Pts',(43.4747633039953,-7.,9.92633014917374));
#5759=CARTESIAN_POINT('Ctrl Pts',(43.6449240350116,-8.,9.91064246481776));
#5760=CARTESIAN_POINT('Ctrl Pts',(43.6449240350116,-7.,9.91064246481776));
#5761=CARTESIAN_POINT('Ctrl Pts',(44.0035794421474,-8.,9.87757682866243));
#5762=CARTESIAN_POINT('Ctrl Pts',(44.0035794421474,-7.,9.87757682866243));
#5763=CARTESIAN_POINT('Ctrl Pts',(44.3186992568967,-8.,9.70206447721862));
#5764=CARTESIAN_POINT('Ctrl Pts',(44.3186992568967,-7.,9.70206447721862));
#5765=CARTESIAN_POINT('Ctrl Pts',(44.4843133985998,-8.,9.60982233285904));
#5766=CARTESIAN_POINT('Ctrl Pts',(44.4843133985998,-7.,9.60982233285904));
#5767=CARTESIAN_POINT('',(43.4747633039953,-8.,9.92633014917374));
#5768=CARTESIAN_POINT('Ctrl Pts',(43.4747633039953,-8.,9.92633014917374));
#5769=CARTESIAN_POINT('Ctrl Pts',(43.6449240350116,-8.,9.91064246481776));
#5770=CARTESIAN_POINT('Ctrl Pts',(44.0035794421474,-8.,9.87757682866243));
#5771=CARTESIAN_POINT('Ctrl Pts',(44.3186992568967,-8.,9.70206447721862));
#5772=CARTESIAN_POINT('Ctrl Pts',(44.4843133985998,-8.,9.60982233285904));
#5773=CARTESIAN_POINT('',(43.4747633039953,-7.,9.92633014917374));
#5774=CARTESIAN_POINT('',(43.4747633039953,-8.,9.92633014917374));
#5775=CARTESIAN_POINT('Ctrl Pts',(43.4747633039953,-7.,9.92633014917374));
#5776=CARTESIAN_POINT('Ctrl Pts',(43.6449240350116,-7.,9.91064246481776));
#5777=CARTESIAN_POINT('Ctrl Pts',(44.0035794421474,-7.,9.87757682866243));
#5778=CARTESIAN_POINT('Ctrl Pts',(44.3186992568967,-7.,9.70206447721862));
#5779=CARTESIAN_POINT('Ctrl Pts',(44.4843133985998,-7.,9.60982233285904));
#5780=CARTESIAN_POINT('Ctrl Pts',(42.8417476713659,-8.,9.72987741231918));
#5781=CARTESIAN_POINT('Ctrl Pts',(42.8417476713659,-7.,9.72987741231918));
#5782=CARTESIAN_POINT('Ctrl Pts',(42.9401688157733,-8.,9.78717586838649));
#5783=CARTESIAN_POINT('Ctrl Pts',(42.9401688157733,-7.,9.78717586838649));
#5784=CARTESIAN_POINT('Ctrl Pts',(43.1361285376939,-8.,9.90125897100675));
#5785=CARTESIAN_POINT('Ctrl Pts',(43.1361285376939,-7.,9.90125897100675));
#5786=CARTESIAN_POINT('Ctrl Pts',(43.362224480209,-8.,9.91799821996084));
#5787=CARTESIAN_POINT('Ctrl Pts',(43.362224480209,-7.,9.91799821996084));
#5788=CARTESIAN_POINT('Ctrl Pts',(43.4747633039953,-8.,9.92633014917374));
#5789=CARTESIAN_POINT('Ctrl Pts',(43.4747633039953,-7.,9.92633014917374));
#5790=CARTESIAN_POINT('',(42.8417476713659,-8.,9.72987741231918));
#5791=CARTESIAN_POINT('Ctrl Pts',(42.8417476713659,-8.,9.72987741231918));
#5792=CARTESIAN_POINT('Ctrl Pts',(42.9401688157733,-8.,9.78717586838649));
#5793=CARTESIAN_POINT('Ctrl Pts',(43.1361285376939,-8.,9.90125897100675));
#5794=CARTESIAN_POINT('Ctrl Pts',(43.362224480209,-8.,9.91799821996084));
#5795=CARTESIAN_POINT('Ctrl Pts',(43.4747633039953,-8.,9.92633014917374));
#5796=CARTESIAN_POINT('',(42.8417476713659,-7.,9.72987741231918));
#5797=CARTESIAN_POINT('',(42.8417476713659,-8.,9.72987741231918));
#5798=CARTESIAN_POINT('Ctrl Pts',(42.8417476713659,-7.,9.72987741231918));
#5799=CARTESIAN_POINT('Ctrl Pts',(42.9401688157733,-7.,9.78717586838649));
#5800=CARTESIAN_POINT('Ctrl Pts',(43.1361285376939,-7.,9.90125897100675));
#5801=CARTESIAN_POINT('Ctrl Pts',(43.362224480209,-7.,9.91799821996084));
#5802=CARTESIAN_POINT('Ctrl Pts',(43.4747633039953,-7.,9.92633014917374));
#5803=CARTESIAN_POINT('Ctrl Pts',(42.2196468412878,-8.,8.91678005456924));
#5804=CARTESIAN_POINT('Ctrl Pts',(42.2196468412878,-7.,8.91678005456924));
#5805=CARTESIAN_POINT('Ctrl Pts',(42.3179862795879,-8.,9.09518161110921));
#5806=CARTESIAN_POINT('Ctrl Pts',(42.3179862795879,-7.,9.09518161110921));
#5807=CARTESIAN_POINT('Ctrl Pts',(42.485057650436,-8.,9.39827254926987));
#5808=CARTESIAN_POINT('Ctrl Pts',(42.485057650436,-7.,9.39827254926987));
#5809=CARTESIAN_POINT('Ctrl Pts',(42.7377796857355,-8.,9.63322124698374));
#5810=CARTESIAN_POINT('Ctrl Pts',(42.7377796857355,-7.,9.63322124698374));
#5811=CARTESIAN_POINT('Ctrl Pts',(42.8417476713659,-8.,9.72987741231918));
#5812=CARTESIAN_POINT('Ctrl Pts',(42.8417476713659,-7.,9.72987741231918));
#5813=CARTESIAN_POINT('',(42.2196468412878,-8.,8.91678005456924));
#5814=CARTESIAN_POINT('Ctrl Pts',(42.2196468412878,-8.,8.91678005456924));
#5815=CARTESIAN_POINT('Ctrl Pts',(42.3179862795879,-8.,9.09518161110921));
#5816=CARTESIAN_POINT('Ctrl Pts',(42.485057650436,-8.,9.39827254926987));
#5817=CARTESIAN_POINT('Ctrl Pts',(42.7377796857355,-8.,9.63322124698374));
#5818=CARTESIAN_POINT('Ctrl Pts',(42.8417476713659,-8.,9.72987741231918));
#5819=CARTESIAN_POINT('',(42.2196468412878,-7.,8.91678005456924));
#5820=CARTESIAN_POINT('',(42.2196468412878,-8.,8.91678005456924));
#5821=CARTESIAN_POINT('Ctrl Pts',(42.2196468412878,-7.,8.91678005456924));
#5822=CARTESIAN_POINT('Ctrl Pts',(42.3179862795879,-7.,9.09518161110921));
#5823=CARTESIAN_POINT('Ctrl Pts',(42.485057650436,-7.,9.39827254926987));
#5824=CARTESIAN_POINT('Ctrl Pts',(42.7377796857355,-7.,9.63322124698374));
#5825=CARTESIAN_POINT('Ctrl Pts',(42.8417476713659,-7.,9.72987741231918));
#5826=CARTESIAN_POINT('Origin',(42.2196468412878,-8.,9.79536145925522));
#5827=CARTESIAN_POINT('',(42.2196468412878,-8.,9.79536145925522));
#5828=CARTESIAN_POINT('',(42.2196468412878,-8.,4.89768072962761));
#5829=CARTESIAN_POINT('',(42.2196468412878,-7.,9.79536145925522));
#5830=CARTESIAN_POINT('',(42.2196468412878,-8.,9.79536145925522));
#5831=CARTESIAN_POINT('',(42.2196468412878,-7.,9.79536145925522));
#5832=CARTESIAN_POINT('Origin',(41.3356098234656,-8.,9.79536145925522));
#5833=CARTESIAN_POINT('',(41.3356098234656,-8.,9.79536145925522));
#5834=CARTESIAN_POINT('',(15.6678049117328,-8.,9.79536145925522));
#5835=CARTESIAN_POINT('',(41.3356098234656,-7.,9.79536145925522));
#5836=CARTESIAN_POINT('',(41.3356098234656,-8.,9.79536145925522));
#5837=CARTESIAN_POINT('',(41.3356098234656,-7.,9.79536145925522));
#5838=CARTESIAN_POINT('Origin',(41.3356098234656,-8.,4.00000005960464));
#5839=CARTESIAN_POINT('',(41.3356098234656,-8.,4.00000005960464));
#5840=CARTESIAN_POINT('',(41.3356098234656,-8.,2.00000002980232));
#5841=CARTESIAN_POINT('',(41.3356098234656,-7.,4.00000005960464));
#5842=CARTESIAN_POINT('',(41.3356098234656,-8.,4.00000005960464));
#5843=CARTESIAN_POINT('',(41.3356098234656,-7.,4.00000005960464));
#5844=CARTESIAN_POINT('Origin',(42.3178741037848,-8.,4.00000005960464));
#5845=CARTESIAN_POINT('',(16.1589370518924,-8.,4.00000005960464));
#5846=CARTESIAN_POINT('',(42.3178741037848,-7.,4.00000005960464));
#5847=CARTESIAN_POINT('Origin',(59.0654855668547,-7.,6.88949525356293));
#5848=CARTESIAN_POINT('Origin',(46.0559364855292,-8.,9.79536145925522));
#5849=CARTESIAN_POINT('',(46.0559364855292,-8.,9.79536145925522));
#5850=CARTESIAN_POINT('',(46.0559364855292,-8.,4.00000005960464));
#5851=CARTESIAN_POINT('',(46.0559364855292,-8.,4.89768072962761));
#5852=CARTESIAN_POINT('',(46.0559364855292,-7.,9.79536145925522));
#5853=CARTESIAN_POINT('',(46.0559364855292,-8.,9.79536145925522));
#5854=CARTESIAN_POINT('',(46.0559364855292,-7.,4.00000005960464));
#5855=CARTESIAN_POINT('',(46.0559364855292,-7.,9.79536145925522));
#5856=CARTESIAN_POINT('',(46.0559364855292,-8.,4.00000005960464));
#5857=CARTESIAN_POINT('Origin',(45.0736722052099,-8.,9.79536145925522));
#5858=CARTESIAN_POINT('',(45.0736722052099,-8.,9.79536145925522));
#5859=CARTESIAN_POINT('',(17.536836102605,-8.,9.79536145925522));
#5860=CARTESIAN_POINT('',(45.0736722052099,-7.,9.79536145925522));
#5861=CARTESIAN_POINT('',(45.0736722052099,-8.,9.79536145925522));
#5862=CARTESIAN_POINT('',(45.0736722052099,-7.,9.79536145925522));
#5863=CARTESIAN_POINT('Origin',(45.0736722052099,-8.,4.00000005960464));
#5864=CARTESIAN_POINT('',(45.0736722052099,-8.,4.00000005960464));
#5865=CARTESIAN_POINT('',(45.0736722052099,-8.,2.00000002980232));
#5866=CARTESIAN_POINT('',(45.0736722052099,-7.,4.00000005960464));
#5867=CARTESIAN_POINT('',(45.0736722052099,-8.,4.00000005960464));
#5868=CARTESIAN_POINT('',(45.0736722052099,-7.,4.00000005960464));
#5869=CARTESIAN_POINT('Origin',(46.0559364855292,-8.,4.00000005960464));
#5870=CARTESIAN_POINT('',(18.0279682427646,-8.,4.00000005960464));
#5871=CARTESIAN_POINT('',(46.0559364855292,-7.,4.00000005960464));
#5872=CARTESIAN_POINT('Origin',(59.0654855668547,-7.,6.88949525356293));
#5873=CARTESIAN_POINT('Ctrl Pts',(55.1418837606909,-8.,4.91132348775864));
#5874=CARTESIAN_POINT('Ctrl Pts',(55.1418837606909,-7.,4.91132348775864));
#5875=CARTESIAN_POINT('Ctrl Pts',(55.1894363451061,-8.,4.89070353498682));
#5876=CARTESIAN_POINT('Ctrl Pts',(55.1894363451061,-7.,4.89070353498682));
#5877=CARTESIAN_POINT('Ctrl Pts',(55.2970237259073,-8.,4.84405103989643));
#5878=CARTESIAN_POINT('Ctrl Pts',(55.2970237259073,-7.,4.84405103989643));
#5879=CARTESIAN_POINT('Ctrl Pts',(55.4146064843735,-8.,4.84169611202005));
#5880=CARTESIAN_POINT('Ctrl Pts',(55.4146064843735,-7.,4.84169611202005));
#5881=CARTESIAN_POINT('Ctrl Pts',(55.4802187979223,-8.,4.84038203954697));
#5882=CARTESIAN_POINT('Ctrl Pts',(55.4802187979223,-7.,4.84038203954697));
#5883=CARTESIAN_POINT('',(55.1418837606909,-8.,4.91132348775864));
#5884=CARTESIAN_POINT('',(55.4802187979223,-8.,4.84038203954697));
#5885=CARTESIAN_POINT('Ctrl Pts',(55.1418837606909,-8.,4.91132348775864));
#5886=CARTESIAN_POINT('Ctrl Pts',(55.1894363451061,-8.,4.89070353498682));
#5887=CARTESIAN_POINT('Ctrl Pts',(55.2970237259073,-8.,4.84405103989643));
#5888=CARTESIAN_POINT('Ctrl Pts',(55.4146064843735,-8.,4.84169611202005));
#5889=CARTESIAN_POINT('Ctrl Pts',(55.4802187979223,-8.,4.84038203954697));
#5890=CARTESIAN_POINT('',(55.1418837606909,-7.,4.91132348775864));
#5891=CARTESIAN_POINT('',(55.1418837606909,-8.,4.91132348775864));
#5892=CARTESIAN_POINT('',(55.4802187979223,-7.,4.84038203954697));
#5893=CARTESIAN_POINT('Ctrl Pts',(55.1418837606909,-7.,4.91132348775864));
#5894=CARTESIAN_POINT('Ctrl Pts',(55.1894363451061,-7.,4.89070353498682));
#5895=CARTESIAN_POINT('Ctrl Pts',(55.2970237259073,-7.,4.84405103989643));
#5896=CARTESIAN_POINT('Ctrl Pts',(55.4146064843735,-7.,4.84169611202005));
#5897=CARTESIAN_POINT('Ctrl Pts',(55.4802187979223,-7.,4.84038203954697));
#5898=CARTESIAN_POINT('',(55.4802187979223,-8.,4.84038203954697));
#5899=CARTESIAN_POINT('Ctrl Pts',(54.9727162420752,-8.,5.102319419384));
#5900=CARTESIAN_POINT('Ctrl Pts',(54.9727162420752,-7.,5.102319419384));
#5901=CARTESIAN_POINT('Ctrl Pts',(54.993516704035,-8.,5.06427986993366));
#5902=CARTESIAN_POINT('Ctrl Pts',(54.993516704035,-7.,5.06427986993366));
#5903=CARTESIAN_POINT('Ctrl Pts',(55.0353612878052,-8.,4.98775516982715));
#5904=CARTESIAN_POINT('Ctrl Pts',(55.0353612878052,-7.,4.98775516982715));
#5905=CARTESIAN_POINT('Ctrl Pts',(55.1062386973325,-8.,4.936899425644));
#5906=CARTESIAN_POINT('Ctrl Pts',(55.1062386973325,-7.,4.936899425644));
#5907=CARTESIAN_POINT('Ctrl Pts',(55.1418837606909,-8.,4.91132348775864));
#5908=CARTESIAN_POINT('Ctrl Pts',(55.1418837606909,-7.,4.91132348775864));
#5909=CARTESIAN_POINT('',(54.9727162420752,-8.,5.102319419384));
#5910=CARTESIAN_POINT('Ctrl Pts',(54.9727162420752,-8.,5.102319419384));
#5911=CARTESIAN_POINT('Ctrl Pts',(54.993516704035,-8.,5.06427986993366));
#5912=CARTESIAN_POINT('Ctrl Pts',(55.0353612878052,-8.,4.98775516982715));
#5913=CARTESIAN_POINT('Ctrl Pts',(55.1062386973325,-8.,4.936899425644));
#5914=CARTESIAN_POINT('Ctrl Pts',(55.1418837606909,-8.,4.91132348775864));
#5915=CARTESIAN_POINT('',(54.9727162420752,-7.,5.102319419384));
#5916=CARTESIAN_POINT('',(54.9727162420752,-8.,5.102319419384));
#5917=CARTESIAN_POINT('Ctrl Pts',(54.9727162420752,-7.,5.102319419384));
#5918=CARTESIAN_POINT('Ctrl Pts',(54.993516704035,-7.,5.06427986993366));
#5919=CARTESIAN_POINT('Ctrl Pts',(55.0353612878052,-7.,4.98775516982715));
#5920=CARTESIAN_POINT('Ctrl Pts',(55.1062386973325,-7.,4.936899425644));
#5921=CARTESIAN_POINT('Ctrl Pts',(55.1418837606909,-7.,4.91132348775864));
#5922=CARTESIAN_POINT('Ctrl Pts',(54.9236020147803,-8.,5.64256459474564));
#5923=CARTESIAN_POINT('Ctrl Pts',(54.9236020147803,-7.,5.64256459474564));
#5924=CARTESIAN_POINT('Ctrl Pts',(54.9222126930908,-8.,5.52690080736525));
#5925=CARTESIAN_POINT('Ctrl Pts',(54.9222126930908,-7.,5.52690080736525));
#5926=CARTESIAN_POINT('Ctrl Pts',(54.9200247334458,-8.,5.34474882551409));
#5927=CARTESIAN_POINT('Ctrl Pts',(54.9200247334458,-7.,5.34474882551409));
#5928=CARTESIAN_POINT('Ctrl Pts',(54.9586261488146,-8.,5.16714680866055));
#5929=CARTESIAN_POINT('Ctrl Pts',(54.9586261488146,-7.,5.16714680866055));
#5930=CARTESIAN_POINT('Ctrl Pts',(54.9727162420752,-8.,5.102319419384));
#5931=CARTESIAN_POINT('Ctrl Pts',(54.9727162420752,-7.,5.102319419384));
#5932=CARTESIAN_POINT('',(54.9236020147803,-8.,5.64256459474564));
#5933=CARTESIAN_POINT('Ctrl Pts',(54.9236020147803,-8.,5.64256459474564));
#5934=CARTESIAN_POINT('Ctrl Pts',(54.9222126930908,-8.,5.52690080736525));
#5935=CARTESIAN_POINT('Ctrl Pts',(54.9200247334458,-8.,5.34474882551409));
#5936=CARTESIAN_POINT('Ctrl Pts',(54.9586261488146,-8.,5.16714680866055));
#5937=CARTESIAN_POINT('Ctrl Pts',(54.9727162420752,-8.,5.102319419384));
#5938=CARTESIAN_POINT('',(54.9236020147803,-7.,5.64256459474564));
#5939=CARTESIAN_POINT('',(54.9236020147803,-8.,5.64256459474564));
#5940=CARTESIAN_POINT('Ctrl Pts',(54.9236020147803,-7.,5.64256459474564));
#5941=CARTESIAN_POINT('Ctrl Pts',(54.9222126930908,-7.,5.52690080736525));
#5942=CARTESIAN_POINT('Ctrl Pts',(54.9200247334458,-7.,5.34474882551409));
#5943=CARTESIAN_POINT('Ctrl Pts',(54.9586261488146,-7.,5.16714680866055));
#5944=CARTESIAN_POINT('Ctrl Pts',(54.9727162420752,-7.,5.102319419384));
#5945=CARTESIAN_POINT('Origin',(54.9236020147803,-8.,9.03137773275375));
#5946=CARTESIAN_POINT('',(54.9236020147803,-8.,9.03137773275375));
#5947=CARTESIAN_POINT('',(54.9236020147803,-8.,4.51568886637688));
#5948=CARTESIAN_POINT('',(54.9236020147803,-7.,9.03137773275375));
#5949=CARTESIAN_POINT('',(54.9236020147803,-8.,9.03137773275375));
#5950=CARTESIAN_POINT('',(54.9236020147803,-7.,9.03137773275375));
#5951=CARTESIAN_POINT('Origin',(55.911324888468,-8.,9.03137773275375));
#5952=CARTESIAN_POINT('',(55.911324888468,-8.,9.03137773275375));
#5953=CARTESIAN_POINT('',(22.955662444234,-8.,9.03137773275375));
#5954=CARTESIAN_POINT('',(55.911324888468,-7.,9.03137773275375));
#5955=CARTESIAN_POINT('',(55.911324888468,-8.,9.03137773275375));
#5956=CARTESIAN_POINT('',(55.911324888468,-7.,9.03137773275375));
#5957=CARTESIAN_POINT('Origin',(55.911324888468,-8.,9.79536145925522));
#5958=CARTESIAN_POINT('',(55.911324888468,-8.,9.79536145925522));
#5959=CARTESIAN_POINT('',(55.911324888468,-8.,4.89768072962761));
#5960=CARTESIAN_POINT('',(55.911324888468,-7.,9.79536145925522));
#5961=CARTESIAN_POINT('',(55.911324888468,-8.,9.79536145925522));
#5962=CARTESIAN_POINT('',(55.911324888468,-7.,9.79536145925522));
#5963=CARTESIAN_POINT('Origin',(54.9236020147803,-8.,9.79536145925522));
#5964=CARTESIAN_POINT('',(54.9236020147803,-8.,9.79536145925522));
#5965=CARTESIAN_POINT('',(22.4618010073901,-8.,9.79536145925522));
#5966=CARTESIAN_POINT('',(54.9236020147803,-7.,9.79536145925522));
#5967=CARTESIAN_POINT('',(54.9236020147803,-8.,9.79536145925522));
#5968=CARTESIAN_POINT('',(54.9236020147803,-7.,9.79536145925522));
#5969=CARTESIAN_POINT('Origin',(54.9236020147803,-8.,11.8199178576469));
#5970=CARTESIAN_POINT('',(54.9236020147803,-8.,11.8199178576469));
#5971=CARTESIAN_POINT('',(54.9236020147803,-8.,5.90995892882347));
#5972=CARTESIAN_POINT('',(54.9236020147803,-7.,11.8199178576469));
#5973=CARTESIAN_POINT('',(54.9236020147803,-8.,11.8199178576469));
#5974=CARTESIAN_POINT('',(54.9236020147803,-7.,11.8199178576469));
#5975=CARTESIAN_POINT('Origin',(53.9467939436438,-8.,11.2305590510368));
#5976=CARTESIAN_POINT('',(53.9467939436438,-8.,11.2305590510368));
#5977=CARTESIAN_POINT('',(28.0226569059909,-8.,-4.41081300389708));
#5978=CARTESIAN_POINT('',(53.9467939436438,-7.,11.2305590510368));
#5979=CARTESIAN_POINT('',(53.9467939436438,-8.,11.2305590510368));
#5980=CARTESIAN_POINT('',(53.9467939436438,-7.,11.2305590510368));
#5981=CARTESIAN_POINT('Origin',(53.9467939436438,-8.,9.79536145925522));
#5982=CARTESIAN_POINT('',(53.9467939436438,-8.,9.79536145925522));
#5983=CARTESIAN_POINT('',(53.9467939436438,-8.,4.89768072962761));
#5984=CARTESIAN_POINT('',(53.9467939436438,-7.,9.79536145925522));
#5985=CARTESIAN_POINT('',(53.9467939436438,-8.,9.79536145925522));
#5986=CARTESIAN_POINT('',(53.9467939436438,-7.,9.79536145925522));
#5987=CARTESIAN_POINT('Origin',(53.2264694273474,-8.,9.79536145925522));
#5988=CARTESIAN_POINT('',(53.2264694273474,-8.,9.79536145925522));
#5989=CARTESIAN_POINT('',(21.6132347136737,-8.,9.79536145925522));
#5990=CARTESIAN_POINT('',(53.2264694273474,-7.,9.79536145925522));
#5991=CARTESIAN_POINT('',(53.2264694273474,-8.,9.79536145925522));
#5992=CARTESIAN_POINT('',(53.2264694273474,-7.,9.79536145925522));
#5993=CARTESIAN_POINT('Origin',(53.2264694273474,-8.,9.03137773275375));
#5994=CARTESIAN_POINT('',(53.2264694273474,-8.,9.03137773275375));
#5995=CARTESIAN_POINT('',(53.2264694273474,-8.,4.51568886637688));
#5996=CARTESIAN_POINT('',(53.2264694273474,-7.,9.03137773275375));
#5997=CARTESIAN_POINT('',(53.2264694273474,-8.,9.03137773275375));
#5998=CARTESIAN_POINT('',(53.2264694273474,-7.,9.03137773275375));
#5999=CARTESIAN_POINT('Origin',(53.9467939436438,-8.,9.03137773275375));
#6000=CARTESIAN_POINT('',(53.9467939436438,-8.,9.03137773275375));
#6001=CARTESIAN_POINT('',(21.9733969718219,-8.,9.03137773275375));
#6002=CARTESIAN_POINT('',(53.9467939436438,-7.,9.03137773275375));
#6003=CARTESIAN_POINT('',(53.9467939436438,-8.,9.03137773275375));
#6004=CARTESIAN_POINT('',(53.9467939436438,-7.,9.03137773275375));
#6005=CARTESIAN_POINT('Origin',(53.9467939436438,-8.,5.6971350312233));
#6006=CARTESIAN_POINT('',(53.9467939436438,-8.,5.6971350312233));
#6007=CARTESIAN_POINT('',(53.9467939436438,-8.,2.84856751561165));
#6008=CARTESIAN_POINT('',(53.9467939436438,-7.,5.6971350312233));
#6009=CARTESIAN_POINT('',(53.9467939436438,-8.,5.6971350312233));
#6010=CARTESIAN_POINT('',(53.9467939436438,-7.,5.6971350312233));
#6011=CARTESIAN_POINT('Ctrl Pts',(54.0668496191504,-8.,4.53478842973709));
#6012=CARTESIAN_POINT('Ctrl Pts',(54.0668496191504,-7.,4.53478842973709));
#6013=CARTESIAN_POINT('Ctrl Pts',(54.0323371749562,-8.,4.67747593997441));
#6014=CARTESIAN_POINT('Ctrl Pts',(54.0323371749562,-7.,4.67747593997441));
#6015=CARTESIAN_POINT('Ctrl Pts',(53.9401914184933,-8.,5.05844138231272));
#6016=CARTESIAN_POINT('Ctrl Pts',(53.9401914184933,-7.,5.05844138231272));
#6017=CARTESIAN_POINT('Ctrl Pts',(53.9442533657314,-8.,5.45137285081039));
#6018=CARTESIAN_POINT('Ctrl Pts',(53.9442533657314,-7.,5.45137285081039));
#6019=CARTESIAN_POINT('Ctrl Pts',(53.9467939436438,-8.,5.6971350312233));
#6020=CARTESIAN_POINT('Ctrl Pts',(53.9467939436438,-7.,5.6971350312233));
#6021=CARTESIAN_POINT('',(54.0668496191504,-8.,4.53478842973709));
#6022=CARTESIAN_POINT('Ctrl Pts',(54.0668496191504,-8.,4.53478842973709));
#6023=CARTESIAN_POINT('Ctrl Pts',(54.0323371749562,-8.,4.67747593997441));
#6024=CARTESIAN_POINT('Ctrl Pts',(53.9401914184933,-8.,5.05844138231272));
#6025=CARTESIAN_POINT('Ctrl Pts',(53.9442533657314,-8.,5.45137285081039));
#6026=CARTESIAN_POINT('Ctrl Pts',(53.9467939436438,-8.,5.6971350312233));
#6027=CARTESIAN_POINT('',(54.0668496191504,-7.,4.53478842973709));
#6028=CARTESIAN_POINT('',(54.0668496191504,-8.,4.53478842973709));
#6029=CARTESIAN_POINT('Ctrl Pts',(54.0668496191504,-7.,4.53478842973709));
#6030=CARTESIAN_POINT('Ctrl Pts',(54.0323371749562,-7.,4.67747593997441));
#6031=CARTESIAN_POINT('Ctrl Pts',(53.9401914184933,-7.,5.05844138231272));
#6032=CARTESIAN_POINT('Ctrl Pts',(53.9442533657314,-7.,5.45137285081039));
#6033=CARTESIAN_POINT('Ctrl Pts',(53.9467939436438,-7.,5.6971350312233));
#6034=CARTESIAN_POINT('Ctrl Pts',(54.4815835058691,-8.,4.09276992082596));
#6035=CARTESIAN_POINT('Ctrl Pts',(54.4815835058691,-7.,4.09276992082596));
#6036=CARTESIAN_POINT('Ctrl Pts',(54.3914094510451,-8.,4.15177053899316));
#6037=CARTESIAN_POINT('Ctrl Pts',(54.3914094510451,-7.,4.15177053899316));
#6038=CARTESIAN_POINT('Ctrl Pts',(54.2172011296272,-8.,4.2657545299935));
#6039=CARTESIAN_POINT('Ctrl Pts',(54.2172011296272,-7.,4.2657545299935));
#6040=CARTESIAN_POINT('Ctrl Pts',(54.115775239868,-8.,4.44724258136289));
#6041=CARTESIAN_POINT('Ctrl Pts',(54.115775239868,-7.,4.44724258136289));
#6042=CARTESIAN_POINT('Ctrl Pts',(54.0668496191504,-8.,4.53478842973709));
#6043=CARTESIAN_POINT('Ctrl Pts',(54.0668496191504,-7.,4.53478842973709));
#6044=CARTESIAN_POINT('',(54.4815835058691,-8.,4.09276992082596));
#6045=CARTESIAN_POINT('Ctrl Pts',(54.4815835058691,-8.,4.09276992082596));
#6046=CARTESIAN_POINT('Ctrl Pts',(54.3914094510451,-8.,4.15177053899316));
#6047=CARTESIAN_POINT('Ctrl Pts',(54.2172011296272,-8.,4.2657545299935));
#6048=CARTESIAN_POINT('Ctrl Pts',(54.115775239868,-8.,4.44724258136289));
#6049=CARTESIAN_POINT('Ctrl Pts',(54.0668496191504,-8.,4.53478842973709));
#6050=CARTESIAN_POINT('',(54.4815835058691,-7.,4.09276992082596));
#6051=CARTESIAN_POINT('',(54.4815835058691,-8.,4.09276992082596));
#6052=CARTESIAN_POINT('Ctrl Pts',(54.4815835058691,-7.,4.09276992082596));
#6053=CARTESIAN_POINT('Ctrl Pts',(54.3914094510451,-7.,4.15177053899316));
#6054=CARTESIAN_POINT('Ctrl Pts',(54.2172011296272,-7.,4.2657545299935));
#6055=CARTESIAN_POINT('Ctrl Pts',(54.115775239868,-7.,4.44724258136289));
#6056=CARTESIAN_POINT('Ctrl Pts',(54.0668496191504,-7.,4.53478842973709));
#6057=CARTESIAN_POINT('Ctrl Pts',(55.3110512793066,-8.,3.92360121011734));
#6058=CARTESIAN_POINT('Ctrl Pts',(55.3110512793066,-7.,3.92360121011734));
#6059=CARTESIAN_POINT('Ctrl Pts',(55.1503804971202,-8.,3.92669145849071));
#6060=CARTESIAN_POINT('Ctrl Pts',(55.1503804971202,-7.,3.92669145849071));
#6061=CARTESIAN_POINT('Ctrl Pts',(54.8627224844186,-8.,3.93222410539602));
#6062=CARTESIAN_POINT('Ctrl Pts',(54.8627224844186,-7.,3.93222410539602));
#6063=CARTESIAN_POINT('Ctrl Pts',(54.5983092711327,-8.,4.04360194216042));
#6064=CARTESIAN_POINT('Ctrl Pts',(54.5983092711327,-7.,4.04360194216042));
#6065=CARTESIAN_POINT('Ctrl Pts',(54.4815835058691,-8.,4.09276992082596));
#6066=CARTESIAN_POINT('Ctrl Pts',(54.4815835058691,-7.,4.09276992082596));
#6067=CARTESIAN_POINT('',(55.3110512793066,-8.,3.92360121011734));
#6068=CARTESIAN_POINT('Ctrl Pts',(55.3110512793066,-8.,3.92360121011734));
#6069=CARTESIAN_POINT('Ctrl Pts',(55.1503804971202,-8.,3.92669145849071));
#6070=CARTESIAN_POINT('Ctrl Pts',(54.8627224844186,-8.,3.93222410539602));
#6071=CARTESIAN_POINT('Ctrl Pts',(54.5983092711327,-8.,4.04360194216042));
#6072=CARTESIAN_POINT('Ctrl Pts',(54.4815835058691,-8.,4.09276992082596));
#6073=CARTESIAN_POINT('',(55.3110512793066,-7.,3.92360121011734));
#6074=CARTESIAN_POINT('',(55.3110512793066,-8.,3.92360121011734));
#6075=CARTESIAN_POINT('Ctrl Pts',(55.3110512793066,-7.,3.92360121011734));
#6076=CARTESIAN_POINT('Ctrl Pts',(55.1503804971202,-7.,3.92669145849071));
#6077=CARTESIAN_POINT('Ctrl Pts',(54.8627224844186,-7.,3.93222410539602));
#6078=CARTESIAN_POINT('Ctrl Pts',(54.5983092711327,-7.,4.04360194216042));
#6079=CARTESIAN_POINT('Ctrl Pts',(54.4815835058691,-7.,4.09276992082596));
#6080=CARTESIAN_POINT('Ctrl Pts',(56.0532077848913,-8.,4.01091367006302));
#6081=CARTESIAN_POINT('Ctrl Pts',(56.0532077848913,-7.,4.01091367006302));
#6082=CARTESIAN_POINT('Ctrl Pts',(55.9226509140493,-8.,3.98548023279286));
#6083=CARTESIAN_POINT('Ctrl Pts',(55.9226509140493,-7.,3.98548023279286));
#6084=CARTESIAN_POINT('Ctrl Pts',(55.6773992737343,-8.,3.93770341209299));
#6085=CARTESIAN_POINT('Ctrl Pts',(55.6773992737343,-7.,3.93770341209299));
#6086=CARTESIAN_POINT('Ctrl Pts',(55.4277858754164,-8.,3.92809479238591));
#6087=CARTESIAN_POINT('Ctrl Pts',(55.4277858754164,-7.,3.92809479238591));
#6088=CARTESIAN_POINT('Ctrl Pts',(55.3110512793066,-8.,3.92360121011734));
#6089=CARTESIAN_POINT('Ctrl Pts',(55.3110512793066,-7.,3.92360121011734));
#6090=CARTESIAN_POINT('',(56.0532077848913,-8.,4.01091367006302));
#6091=CARTESIAN_POINT('Ctrl Pts',(56.0532077848913,-8.,4.01091367006302));
#6092=CARTESIAN_POINT('Ctrl Pts',(55.9226509140493,-8.,3.98548023279286));
#6093=CARTESIAN_POINT('Ctrl Pts',(55.6773992737343,-8.,3.93770341209299));
#6094=CARTESIAN_POINT('Ctrl Pts',(55.4277858754164,-8.,3.92809479238591));
#6095=CARTESIAN_POINT('Ctrl Pts',(55.3110512793066,-8.,3.92360121011734));
#6096=CARTESIAN_POINT('',(56.0532077848913,-7.,4.01091367006302));
#6097=CARTESIAN_POINT('',(56.0532077848913,-8.,4.01091367006302));
#6098=CARTESIAN_POINT('Ctrl Pts',(56.0532077848913,-7.,4.01091367006302));
#6099=CARTESIAN_POINT('Ctrl Pts',(55.9226509140493,-7.,3.98548023279286));
#6100=CARTESIAN_POINT('Ctrl Pts',(55.6773992737343,-7.,3.93770341209299));
#6101=CARTESIAN_POINT('Ctrl Pts',(55.4277858754164,-7.,3.92809479238591));
#6102=CARTESIAN_POINT('Ctrl Pts',(55.3110512793066,-7.,3.92360121011734));
#6103=CARTESIAN_POINT('Origin',(55.911324888468,-8.,4.87858146429062));
#6104=CARTESIAN_POINT('',(55.911324888468,-8.,4.87858146429062));
#6105=CARTESIAN_POINT('',(55.4415469192879,-8.,7.75145215251676));
#6106=CARTESIAN_POINT('',(55.911324888468,-7.,4.87858146429062));
#6107=CARTESIAN_POINT('',(55.911324888468,-8.,4.87858146429062));
#6108=CARTESIAN_POINT('',(55.911324888468,-7.,4.87858146429062));
#6109=CARTESIAN_POINT('Ctrl Pts',(55.4802187979223,-8.,4.84038203954697));
#6110=CARTESIAN_POINT('Ctrl Pts',(55.4802187979223,-7.,4.84038203954697));
#6111=CARTESIAN_POINT('Ctrl Pts',(55.5435090013562,-8.,4.84262840657728));
#6112=CARTESIAN_POINT('Ctrl Pts',(55.5435090013562,-7.,4.84262840657728));
#6113=CARTESIAN_POINT('Ctrl Pts',(55.687853343476,-8.,4.84775163819226));
#6114=CARTESIAN_POINT('Ctrl Pts',(55.687853343476,-7.,4.84775163819226));
#6115=CARTESIAN_POINT('Ctrl Pts',(55.8309636831245,-8.,4.86749494324883));
#6116=CARTESIAN_POINT('Ctrl Pts',(55.8309636831245,-7.,4.86749494324883));
#6117=CARTESIAN_POINT('Ctrl Pts',(55.911324888468,-8.,4.87858146429062));
#6118=CARTESIAN_POINT('Ctrl Pts',(55.911324888468,-7.,4.87858146429062));
#6119=CARTESIAN_POINT('Ctrl Pts',(55.4802187979223,-8.,4.84038203954697));
#6120=CARTESIAN_POINT('Ctrl Pts',(55.5435090013562,-8.,4.84262840657728));
#6121=CARTESIAN_POINT('Ctrl Pts',(55.687853343476,-8.,4.84775163819226));
#6122=CARTESIAN_POINT('Ctrl Pts',(55.8309636831245,-8.,4.86749494324883));
#6123=CARTESIAN_POINT('Ctrl Pts',(55.911324888468,-8.,4.87858146429062));
#6124=CARTESIAN_POINT('Ctrl Pts',(55.4802187979223,-7.,4.84038203954697));
#6125=CARTESIAN_POINT('Ctrl Pts',(55.5435090013562,-7.,4.84262840657728));
#6126=CARTESIAN_POINT('Ctrl Pts',(55.687853343476,-7.,4.84775163819226));
#6127=CARTESIAN_POINT('Ctrl Pts',(55.8309636831245,-7.,4.86749494324883));
#6128=CARTESIAN_POINT('Ctrl Pts',(55.911324888468,-7.,4.87858146429062));
#6129=CARTESIAN_POINT('Origin',(59.0654855668547,-7.,6.88949525356293));
#6130=CARTESIAN_POINT('Origin',(57.8594836294653,-8.,12.0000001788139));
#6131=CARTESIAN_POINT('',(57.8594836294653,-8.,12.0000001788139));
#6132=CARTESIAN_POINT('',(57.8594836294653,-8.,10.8703956007957));
#6133=CARTESIAN_POINT('',(57.8594836294653,-8.,6.00000008940697));
#6134=CARTESIAN_POINT('',(57.8594836294653,-7.,12.0000001788139));
#6135=CARTESIAN_POINT('',(57.8594836294653,-8.,12.0000001788139));
#6136=CARTESIAN_POINT('',(57.8594836294653,-7.,10.8703956007957));
#6137=CARTESIAN_POINT('',(57.8594836294653,-7.,12.0000001788139));
#6138=CARTESIAN_POINT('',(57.8594836294653,-8.,10.8703956007957));
#6139=CARTESIAN_POINT('Origin',(56.877220541239,-8.,12.0000001788139));
#6140=CARTESIAN_POINT('',(56.877220541239,-8.,12.0000001788139));
#6141=CARTESIAN_POINT('',(23.4386102706195,-8.,12.0000001788139));
#6142=CARTESIAN_POINT('',(56.877220541239,-7.,12.0000001788139));
#6143=CARTESIAN_POINT('',(56.877220541239,-8.,12.0000001788139));
#6144=CARTESIAN_POINT('',(56.877220541239,-7.,12.0000001788139));
#6145=CARTESIAN_POINT('Origin',(56.877220541239,-8.,10.8703956007957));
#6146=CARTESIAN_POINT('',(56.877220541239,-8.,10.8703956007957));
#6147=CARTESIAN_POINT('',(56.877220541239,-8.,5.43519780039787));
#6148=CARTESIAN_POINT('',(56.877220541239,-7.,10.8703956007957));
#6149=CARTESIAN_POINT('',(56.877220541239,-8.,10.8703956007957));
#6150=CARTESIAN_POINT('',(56.877220541239,-7.,10.8703956007957));
#6151=CARTESIAN_POINT('Origin',(57.8594836294653,-8.,10.8703956007957));
#6152=CARTESIAN_POINT('',(23.9297418147327,-8.,10.8703956007957));
#6153=CARTESIAN_POINT('',(57.8594836294653,-7.,10.8703956007957));
#6154=CARTESIAN_POINT('Origin',(59.0654855668547,-7.,6.88949525356293));
#6155=CARTESIAN_POINT('Origin',(60.3369721472265,-8.,7.00682133436203));
#6156=CARTESIAN_POINT('',(60.3369721472265,-8.,7.00682133436203));
#6157=CARTESIAN_POINT('',(60.3369721472265,-8.,4.00000005960464));
#6158=CARTESIAN_POINT('',(60.3369721472265,-8.,3.50341066718102));
#6159=CARTESIAN_POINT('',(60.3369721472265,-7.,7.00682133436203));
#6160=CARTESIAN_POINT('',(60.3369721472265,-8.,7.00682133436203));
#6161=CARTESIAN_POINT('',(60.3369721472265,-7.,4.00000005960464));
#6162=CARTESIAN_POINT('',(60.3369721472265,-7.,7.00682133436203));
#6163=CARTESIAN_POINT('',(60.3369721472265,-8.,4.00000005960464));
#6164=CARTESIAN_POINT('Ctrl Pts',(60.4952272474768,-8.,8.21828097105026));
#6165=CARTESIAN_POINT('Ctrl Pts',(60.4952272474768,-7.,8.21828097105026));
#6166=CARTESIAN_POINT('Ctrl Pts',(60.4492995760104,-8.,8.04820377202049));
#6167=CARTESIAN_POINT('Ctrl Pts',(60.4492995760104,-7.,8.04820377202049));
#6168=CARTESIAN_POINT('Ctrl Pts',(60.3423442885303,-8.,7.65213196748041));
#6169=CARTESIAN_POINT('Ctrl Pts',(60.3423442885303,-7.,7.65213196748041));
#6170=CARTESIAN_POINT('Ctrl Pts',(60.3389238278431,-8.,7.2412604868496));
#6171=CARTESIAN_POINT('Ctrl Pts',(60.3389238278431,-7.,7.2412604868496));
#6172=CARTESIAN_POINT('Ctrl Pts',(60.3369721472265,-8.,7.00682133436203));
#6173=CARTESIAN_POINT('Ctrl Pts',(60.3369721472265,-7.,7.00682133436203));
#6174=CARTESIAN_POINT('',(60.4952272474768,-8.,8.21828097105026));
#6175=CARTESIAN_POINT('Ctrl Pts',(60.4952272474768,-8.,8.21828097105026));
#6176=CARTESIAN_POINT('Ctrl Pts',(60.4492995760104,-8.,8.04820377202049));
#6177=CARTESIAN_POINT('Ctrl Pts',(60.3423442885303,-8.,7.65213196748041));
#6178=CARTESIAN_POINT('Ctrl Pts',(60.3389238278431,-8.,7.2412604868496));
#6179=CARTESIAN_POINT('Ctrl Pts',(60.3369721472265,-8.,7.00682133436203));
#6180=CARTESIAN_POINT('',(60.4952272474768,-7.,8.21828097105026));
#6181=CARTESIAN_POINT('',(60.4952272474768,-8.,8.21828097105026));
#6182=CARTESIAN_POINT('Ctrl Pts',(60.4952272474768,-7.,8.21828097105026));
#6183=CARTESIAN_POINT('Ctrl Pts',(60.4492995760104,-7.,8.04820377202049));
#6184=CARTESIAN_POINT('Ctrl Pts',(60.3423442885303,-7.,7.65213196748041));
#6185=CARTESIAN_POINT('Ctrl Pts',(60.3389238278431,-7.,7.2412604868496));
#6186=CARTESIAN_POINT('Ctrl Pts',(60.3369721472265,-7.,7.00682133436203));
#6187=CARTESIAN_POINT('Ctrl Pts',(61.002729803324,-8.,8.85675340890884));
#6188=CARTESIAN_POINT('Ctrl Pts',(61.002729803324,-7.,8.85675340890884));
#6189=CARTESIAN_POINT('Ctrl Pts',(60.8936910339151,-8.,8.77400891115436));
#6190=CARTESIAN_POINT('Ctrl Pts',(60.8936910339151,-7.,8.77400891115436));
#6191=CARTESIAN_POINT('Ctrl Pts',(60.6703947241749,-8.,8.60455963086587));
#6192=CARTESIAN_POINT('Ctrl Pts',(60.6703947241749,-7.,8.60455963086587));
#6193=CARTESIAN_POINT('Ctrl Pts',(60.5545191353617,-8.,8.3490312188808));
#6194=CARTESIAN_POINT('Ctrl Pts',(60.5545191353617,-7.,8.3490312188808));
#6195=CARTESIAN_POINT('Ctrl Pts',(60.4952272474768,-8.,8.21828097105026));
#6196=CARTESIAN_POINT('Ctrl Pts',(60.4952272474768,-7.,8.21828097105026));
#6197=CARTESIAN_POINT('',(61.002729803324,-8.,8.85675340890884));
#6198=CARTESIAN_POINT('Ctrl Pts',(61.002729803324,-8.,8.85675340890884));
#6199=CARTESIAN_POINT('Ctrl Pts',(60.8936910339151,-8.,8.77400891115436));
#6200=CARTESIAN_POINT('Ctrl Pts',(60.6703947241749,-8.,8.60455963086587));
#6201=CARTESIAN_POINT('Ctrl Pts',(60.5545191353617,-8.,8.3490312188808));
#6202=CARTESIAN_POINT('Ctrl Pts',(60.4952272474768,-8.,8.21828097105026));
#6203=CARTESIAN_POINT('',(61.002729803324,-7.,8.85675340890884));
#6204=CARTESIAN_POINT('',(61.002729803324,-8.,8.85675340890884));
#6205=CARTESIAN_POINT('Ctrl Pts',(61.002729803324,-7.,8.85675340890884));
#6206=CARTESIAN_POINT('Ctrl Pts',(60.8936910339151,-7.,8.77400891115436));
#6207=CARTESIAN_POINT('Ctrl Pts',(60.6703947241749,-7.,8.60455963086587));
#6208=CARTESIAN_POINT('Ctrl Pts',(60.5545191353617,-7.,8.3490312188808));
#6209=CARTESIAN_POINT('Ctrl Pts',(60.4952272474768,-7.,8.21828097105026));
#6210=CARTESIAN_POINT('Ctrl Pts',(61.7721709311011,-8.,9.07503396272659));
#6211=CARTESIAN_POINT('Ctrl Pts',(61.7721709311011,-7.,9.07503396272659));
#6212=CARTESIAN_POINT('Ctrl Pts',(61.6363621093723,-8.,9.06589802786018));
#6213=CARTESIAN_POINT('Ctrl Pts',(61.6363621093723,-7.,9.06589802786018));
#6214=CARTESIAN_POINT('Ctrl Pts',(61.3644392706385,-8.,9.04760562747162));
#6215=CARTESIAN_POINT('Ctrl Pts',(61.3644392706385,-7.,9.04760562747162));
#6216=CARTESIAN_POINT('Ctrl Pts',(61.1233898071753,-8.,8.92041839837619));
#6217=CARTESIAN_POINT('Ctrl Pts',(61.1233898071753,-7.,8.92041839837619));
#6218=CARTESIAN_POINT('Ctrl Pts',(61.002729803324,-8.,8.85675340890884));
#6219=CARTESIAN_POINT('Ctrl Pts',(61.002729803324,-7.,8.85675340890884));
#6220=CARTESIAN_POINT('',(61.7721709311011,-8.,9.07503396272659));
#6221=CARTESIAN_POINT('Ctrl Pts',(61.7721709311011,-8.,9.07503396272659));
#6222=CARTESIAN_POINT('Ctrl Pts',(61.6363621093723,-8.,9.06589802786018));
#6223=CARTESIAN_POINT('Ctrl Pts',(61.3644392706385,-8.,9.04760562747162));
#6224=CARTESIAN_POINT('Ctrl Pts',(61.1233898071753,-8.,8.92041839837619));
#6225=CARTESIAN_POINT('Ctrl Pts',(61.002729803324,-8.,8.85675340890884));
#6226=CARTESIAN_POINT('',(61.7721709311011,-7.,9.07503396272659));
#6227=CARTESIAN_POINT('',(61.7721709311011,-8.,9.07503396272659));
#6228=CARTESIAN_POINT('Ctrl Pts',(61.7721709311011,-7.,9.07503396272659));
#6229=CARTESIAN_POINT('Ctrl Pts',(61.6363621093723,-7.,9.06589802786018));
#6230=CARTESIAN_POINT('Ctrl Pts',(61.3644392706385,-7.,9.04760562747162));
#6231=CARTESIAN_POINT('Ctrl Pts',(61.1233898071753,-7.,8.92041839837619));
#6232=CARTESIAN_POINT('Ctrl Pts',(61.002729803324,-7.,8.85675340890884));
#6233=CARTESIAN_POINT('Ctrl Pts',(62.5579818785193,-8.,8.74761253595352));
#6234=CARTESIAN_POINT('Ctrl Pts',(62.5579818785193,-7.,8.74761253595352));
#6235=CARTESIAN_POINT('Ctrl Pts',(62.4584277432549,-8.,8.84292302954947));
#6236=CARTESIAN_POINT('Ctrl Pts',(62.4584277432549,-7.,8.84292302954947));
#6237=CARTESIAN_POINT('Ctrl Pts',(62.2404850438014,-8.,9.0515756003883));
#6238=CARTESIAN_POINT('Ctrl Pts',(62.2404850438014,-7.,9.0515756003883));
#6239=CARTESIAN_POINT('Ctrl Pts',(61.9370174422211,-8.,9.06677662201618));
#6240=CARTESIAN_POINT('Ctrl Pts',(61.9370174422211,-7.,9.06677662201618));
#6241=CARTESIAN_POINT('Ctrl Pts',(61.7721709311011,-8.,9.07503396272659));
#6242=CARTESIAN_POINT('Ctrl Pts',(61.7721709311011,-7.,9.07503396272659));
#6243=CARTESIAN_POINT('',(62.5579818785193,-8.,8.74761253595352));
#6244=CARTESIAN_POINT('Ctrl Pts',(62.5579818785193,-8.,8.74761253595352));
#6245=CARTESIAN_POINT('Ctrl Pts',(62.4584277432549,-8.,8.84292302954947));
#6246=CARTESIAN_POINT('Ctrl Pts',(62.2404850438014,-8.,9.0515756003883));
#6247=CARTESIAN_POINT('Ctrl Pts',(61.9370174422211,-8.,9.06677662201618));
#6248=CARTESIAN_POINT('Ctrl Pts',(61.7721709311011,-8.,9.07503396272659));
#6249=CARTESIAN_POINT('',(62.5579818785193,-7.,8.74761253595352));
#6250=CARTESIAN_POINT('',(62.5579818785193,-8.,8.74761253595352));
#6251=CARTESIAN_POINT('Ctrl Pts',(62.5579818785193,-7.,8.74761253595352));
#6252=CARTESIAN_POINT('Ctrl Pts',(62.4584277432549,-7.,8.84292302954947));
#6253=CARTESIAN_POINT('Ctrl Pts',(62.2404850438014,-7.,9.0515756003883));
#6254=CARTESIAN_POINT('Ctrl Pts',(61.9370174422211,-7.,9.06677662201618));
#6255=CARTESIAN_POINT('Ctrl Pts',(61.7721709311011,-7.,9.07503396272659));
#6256=CARTESIAN_POINT('Ctrl Pts',(62.7980908453467,-8.,7.76534825563431));
#6257=CARTESIAN_POINT('Ctrl Pts',(62.7980908453467,-7.,7.76534825563431));
#6258=CARTESIAN_POINT('Ctrl Pts',(62.7942220961379,-8.,7.96062820507582));
#6259=CARTESIAN_POINT('Ctrl Pts',(62.7942220961379,-7.,7.96062820507582));
#6260=CARTESIAN_POINT('Ctrl Pts',(62.787350719162,-8.,8.30746954217024));
#6261=CARTESIAN_POINT('Ctrl Pts',(62.787350719162,-7.,8.30746954217024));
#6262=CARTESIAN_POINT('Ctrl Pts',(62.6277316171263,-8.,8.61376759572508));
#6263=CARTESIAN_POINT('Ctrl Pts',(62.6277316171263,-7.,8.61376759572508));
#6264=CARTESIAN_POINT('Ctrl Pts',(62.5579818785193,-8.,8.74761253595352));
#6265=CARTESIAN_POINT('Ctrl Pts',(62.5579818785193,-7.,8.74761253595352));
#6266=CARTESIAN_POINT('',(62.7980908453467,-8.,7.76534825563431));
#6267=CARTESIAN_POINT('Ctrl Pts',(62.7980908453467,-8.,7.76534825563431));
#6268=CARTESIAN_POINT('Ctrl Pts',(62.7942220961379,-8.,7.96062820507582));
#6269=CARTESIAN_POINT('Ctrl Pts',(62.787350719162,-8.,8.30746954217024));
#6270=CARTESIAN_POINT('Ctrl Pts',(62.6277316171263,-8.,8.61376759572508));
#6271=CARTESIAN_POINT('Ctrl Pts',(62.5579818785193,-8.,8.74761253595352));
#6272=CARTESIAN_POINT('',(62.7980908453467,-7.,7.76534825563431));
#6273=CARTESIAN_POINT('',(62.7980908453467,-8.,7.76534825563431));
#6274=CARTESIAN_POINT('Ctrl Pts',(62.7980908453467,-7.,7.76534825563431));
#6275=CARTESIAN_POINT('Ctrl Pts',(62.7942220961379,-7.,7.96062820507582));
#6276=CARTESIAN_POINT('Ctrl Pts',(62.787350719162,-7.,8.30746954217024));
#6277=CARTESIAN_POINT('Ctrl Pts',(62.6277316171263,-7.,8.61376759572508));
#6278=CARTESIAN_POINT('Ctrl Pts',(62.5579818785193,-7.,8.74761253595352));
#6279=CARTESIAN_POINT('Origin',(62.7980908453467,-8.,4.00000005960464));
#6280=CARTESIAN_POINT('',(62.7980908453467,-8.,4.00000005960464));
#6281=CARTESIAN_POINT('',(62.7980908453467,-8.,2.00000002980232));
#6282=CARTESIAN_POINT('',(62.7980908453467,-7.,4.00000005960464));
#6283=CARTESIAN_POINT('',(62.7980908453467,-8.,4.00000005960464));
#6284=CARTESIAN_POINT('',(62.7980908453467,-7.,4.00000005960464));
#6285=CARTESIAN_POINT('Origin',(63.7803563177588,-8.,4.00000005960464));
#6286=CARTESIAN_POINT('',(63.7803563177588,-8.,4.00000005960464));
#6287=CARTESIAN_POINT('',(26.8901781588794,-8.,4.00000005960464));
#6288=CARTESIAN_POINT('',(63.7803563177588,-7.,4.00000005960464));
#6289=CARTESIAN_POINT('',(63.7803563177588,-8.,4.00000005960464));
#6290=CARTESIAN_POINT('',(63.7803563177588,-7.,4.00000005960464));
#6291=CARTESIAN_POINT('Origin',(63.7803563177588,-8.,7.36698538064957));
#6292=CARTESIAN_POINT('',(63.7803563177588,-8.,7.36698538064957));
#6293=CARTESIAN_POINT('',(63.7803563177588,-8.,3.68349269032478));
#6294=CARTESIAN_POINT('',(63.7803563177588,-7.,7.36698538064957));
#6295=CARTESIAN_POINT('',(63.7803563177588,-8.,7.36698538064957));
#6296=CARTESIAN_POINT('',(63.7803563177588,-7.,7.36698538064957));
#6297=CARTESIAN_POINT('Ctrl Pts',(64.1841754019262,-8.,8.66575747728348));
#6298=CARTESIAN_POINT('Ctrl Pts',(64.1841754019262,-7.,8.66575747728348));
#6299=CARTESIAN_POINT('Ctrl Pts',(64.0668525190322,-8.,8.49575595999686));
#6300=CARTESIAN_POINT('Ctrl Pts',(64.0668525190322,-7.,8.49575595999686));
#6301=CARTESIAN_POINT('Ctrl Pts',(63.799132253383,-8.,8.10782778907187));
#6302=CARTESIAN_POINT('Ctrl Pts',(63.799132253383,-7.,8.10782778907187));
#6303=CARTESIAN_POINT('Ctrl Pts',(63.7871100426672,-8.,7.633467218204));
#6304=CARTESIAN_POINT('Ctrl Pts',(63.7871100426672,-7.,7.633467218204));
#6305=CARTESIAN_POINT('Ctrl Pts',(63.7803563177588,-8.,7.36698538064957));
#6306=CARTESIAN_POINT('Ctrl Pts',(63.7803563177588,-7.,7.36698538064957));
#6307=CARTESIAN_POINT('',(64.1841754019262,-8.,8.66575747728348));
#6308=CARTESIAN_POINT('Ctrl Pts',(64.1841754019262,-8.,8.66575747728348));
#6309=CARTESIAN_POINT('Ctrl Pts',(64.0668525190322,-8.,8.49575595999686));
#6310=CARTESIAN_POINT('Ctrl Pts',(63.799132253383,-8.,8.10782778907187));
#6311=CARTESIAN_POINT('Ctrl Pts',(63.7871100426672,-8.,7.633467218204));
#6312=CARTESIAN_POINT('Ctrl Pts',(63.7803563177588,-8.,7.36698538064957));
#6313=CARTESIAN_POINT('',(64.1841754019262,-7.,8.66575747728348));
#6314=CARTESIAN_POINT('',(64.1841754019262,-8.,8.66575747728348));
#6315=CARTESIAN_POINT('Ctrl Pts',(64.1841754019262,-7.,8.66575747728348));
#6316=CARTESIAN_POINT('Ctrl Pts',(64.0668525190322,-7.,8.49575595999686));
#6317=CARTESIAN_POINT('Ctrl Pts',(63.799132253383,-7.,8.10782778907187));
#6318=CARTESIAN_POINT('Ctrl Pts',(63.7871100426672,-7.,7.633467218204));
#6319=CARTESIAN_POINT('Ctrl Pts',(63.7803563177588,-7.,7.36698538064957));
#6320=CARTESIAN_POINT('Ctrl Pts',(65.1991828978064,-8.,9.07503396272659));
#6321=CARTESIAN_POINT('Ctrl Pts',(65.1991828978064,-7.,9.07503396272659));
#6322=CARTESIAN_POINT('Ctrl Pts',(65.0052961640228,-8.,9.05918415710907));
#6323=CARTESIAN_POINT('Ctrl Pts',(65.0052961640228,-7.,9.05918415710907));
#6324=CARTESIAN_POINT('Ctrl Pts',(64.6240760841429,-8.,9.02802027061883));
#6325=CARTESIAN_POINT('Ctrl Pts',(64.6240760841429,-7.,9.02802027061883));
#6326=CARTESIAN_POINT('Ctrl Pts',(64.3291188021145,-8.,8.7851198769123));
#6327=CARTESIAN_POINT('Ctrl Pts',(64.3291188021145,-7.,8.7851198769123));
#6328=CARTESIAN_POINT('Ctrl Pts',(64.1841754019262,-8.,8.66575747728348));
#6329=CARTESIAN_POINT('Ctrl Pts',(64.1841754019262,-7.,8.66575747728348));
#6330=CARTESIAN_POINT('',(65.1991828978064,-8.,9.07503396272659));
#6331=CARTESIAN_POINT('Ctrl Pts',(65.1991828978064,-8.,9.07503396272659));
#6332=CARTESIAN_POINT('Ctrl Pts',(65.0052961640228,-8.,9.05918415710907));
#6333=CARTESIAN_POINT('Ctrl Pts',(64.6240760841429,-8.,9.02802027061883));
#6334=CARTESIAN_POINT('Ctrl Pts',(64.3291188021145,-8.,8.7851198769123));
#6335=CARTESIAN_POINT('Ctrl Pts',(64.1841754019262,-8.,8.66575747728348));
#6336=CARTESIAN_POINT('',(65.1991828978064,-7.,9.07503396272659));
#6337=CARTESIAN_POINT('',(65.1991828978064,-8.,9.07503396272659));
#6338=CARTESIAN_POINT('Ctrl Pts',(65.1991828978064,-7.,9.07503396272659));
#6339=CARTESIAN_POINT('Ctrl Pts',(65.0052961640228,-7.,9.05918415710907));
#6340=CARTESIAN_POINT('Ctrl Pts',(64.6240760841429,-7.,9.02802027061883));
#6341=CARTESIAN_POINT('Ctrl Pts',(64.3291188021145,-7.,8.7851198769123));
#6342=CARTESIAN_POINT('Ctrl Pts',(64.1841754019262,-7.,8.66575747728348));
#6343=CARTESIAN_POINT('Ctrl Pts',(65.7885417044165,-8.,8.91678005456924));
#6344=CARTESIAN_POINT('Ctrl Pts',(65.7885417044165,-7.,8.91678005456924));
#6345=CARTESIAN_POINT('Ctrl Pts',(65.6993923711154,-8.,8.96292220865115));
#6346=CARTESIAN_POINT('Ctrl Pts',(65.6993923711154,-7.,8.96292220865115));
#6347=CARTESIAN_POINT('Ctrl Pts',(65.5146767097971,-8.,9.05852784237037));
#6348=CARTESIAN_POINT('Ctrl Pts',(65.5146767097971,-7.,9.05852784237037));
#6349=CARTESIAN_POINT('Ctrl Pts',(65.3067552223628,-8.,9.06940595460522));
#6350=CARTESIAN_POINT('Ctrl Pts',(65.3067552223628,-7.,9.06940595460522));
#6351=CARTESIAN_POINT('Ctrl Pts',(65.1991828978064,-8.,9.07503396272659));
#6352=CARTESIAN_POINT('Ctrl Pts',(65.1991828978064,-7.,9.07503396272659));
#6353=CARTESIAN_POINT('',(65.7885417044165,-8.,8.91678005456924));
#6354=CARTESIAN_POINT('Ctrl Pts',(65.7885417044165,-8.,8.91678005456924));
#6355=CARTESIAN_POINT('Ctrl Pts',(65.6993923711154,-8.,8.96292220865115));
#6356=CARTESIAN_POINT('Ctrl Pts',(65.5146767097971,-8.,9.05852784237037));
#6357=CARTESIAN_POINT('Ctrl Pts',(65.3067552223628,-8.,9.06940595460522));
#6358=CARTESIAN_POINT('Ctrl Pts',(65.1991828978064,-8.,9.07503396272659));
#6359=CARTESIAN_POINT('',(65.7885417044165,-7.,8.91678005456924));
#6360=CARTESIAN_POINT('',(65.7885417044165,-8.,8.91678005456924));
#6361=CARTESIAN_POINT('Ctrl Pts',(65.7885417044165,-7.,8.91678005456924));
#6362=CARTESIAN_POINT('Ctrl Pts',(65.6993923711154,-7.,8.96292220865115));
#6363=CARTESIAN_POINT('Ctrl Pts',(65.5146767097971,-7.,9.05852784237037));
#6364=CARTESIAN_POINT('Ctrl Pts',(65.3067552223628,-7.,9.06940595460522));
#6365=CARTESIAN_POINT('Ctrl Pts',(65.1991828978064,-7.,9.07503396272659));
#6366=CARTESIAN_POINT('Ctrl Pts',(66.1323341429236,-8.,8.49658936262131));
#6367=CARTESIAN_POINT('Ctrl Pts',(66.1323341429236,-7.,8.49658936262131));
#6368=CARTESIAN_POINT('Ctrl Pts',(66.0940917133714,-8.,8.58003299521131));
#6369=CARTESIAN_POINT('Ctrl Pts',(66.0940917133714,-7.,8.58003299521131));
#6370=CARTESIAN_POINT('Ctrl Pts',(66.0162168617526,-8.,8.74995317503739));
#6371=CARTESIAN_POINT('Ctrl Pts',(66.0162168617526,-7.,8.74995317503739));
#6372=CARTESIAN_POINT('Ctrl Pts',(65.8653311460114,-8.,8.86051329682477));
#6373=CARTESIAN_POINT('Ctrl Pts',(65.8653311460114,-7.,8.86051329682477));
#6374=CARTESIAN_POINT('Ctrl Pts',(65.7885417044165,-8.,8.91678005456924));
#6375=CARTESIAN_POINT('Ctrl Pts',(65.7885417044165,-7.,8.91678005456924));
#6376=CARTESIAN_POINT('',(66.1323341429236,-8.,8.49658936262131));
#6377=CARTESIAN_POINT('Ctrl Pts',(66.1323341429236,-8.,8.49658936262131));
#6378=CARTESIAN_POINT('Ctrl Pts',(66.0940917133714,-8.,8.58003299521131));
#6379=CARTESIAN_POINT('Ctrl Pts',(66.0162168617526,-8.,8.74995317503739));
#6380=CARTESIAN_POINT('Ctrl Pts',(65.8653311460114,-8.,8.86051329682477));
#6381=CARTESIAN_POINT('Ctrl Pts',(65.7885417044165,-8.,8.91678005456924));
#6382=CARTESIAN_POINT('',(66.1323341429236,-7.,8.49658936262131));
#6383=CARTESIAN_POINT('',(66.1323341429236,-8.,8.49658936262131));
#6384=CARTESIAN_POINT('Ctrl Pts',(66.1323341429236,-7.,8.49658936262131));
#6385=CARTESIAN_POINT('Ctrl Pts',(66.0940917133714,-7.,8.58003299521131));
#6386=CARTESIAN_POINT('Ctrl Pts',(66.0162168617526,-7.,8.74995317503739));
#6387=CARTESIAN_POINT('Ctrl Pts',(65.8653311460114,-7.,8.86051329682477));
#6388=CARTESIAN_POINT('Ctrl Pts',(65.7885417044165,-7.,8.91678005456924));
#6389=CARTESIAN_POINT('Ctrl Pts',(66.2305602133276,-8.,7.65074998140335));
#6390=CARTESIAN_POINT('Ctrl Pts',(66.2305602133276,-7.,7.65074998140335));
#6391=CARTESIAN_POINT('Ctrl Pts',(66.2305650327034,-8.,7.8205423159219));
#6392=CARTESIAN_POINT('Ctrl Pts',(66.2305650327034,-7.,7.8205423159219));
#6393=CARTESIAN_POINT('Ctrl Pts',(66.2305731579505,-8.,8.10680442882768));
#6394=CARTESIAN_POINT('Ctrl Pts',(66.2305731579505,-7.,8.10680442882768));
#6395=CARTESIAN_POINT('Ctrl Pts',(66.1607447966526,-8.,8.38386383519444));
#6396=CARTESIAN_POINT('Ctrl Pts',(66.1607447966526,-7.,8.38386383519444));
#6397=CARTESIAN_POINT('Ctrl Pts',(66.1323341429236,-8.,8.49658936262131));
#6398=CARTESIAN_POINT('Ctrl Pts',(66.1323341429236,-7.,8.49658936262131));
#6399=CARTESIAN_POINT('',(66.2305602133276,-8.,7.65074998140335));
#6400=CARTESIAN_POINT('Ctrl Pts',(66.2305602133276,-8.,7.65074998140335));
#6401=CARTESIAN_POINT('Ctrl Pts',(66.2305650327034,-8.,7.8205423159219));
#6402=CARTESIAN_POINT('Ctrl Pts',(66.2305731579505,-8.,8.10680442882768));
#6403=CARTESIAN_POINT('Ctrl Pts',(66.1607447966526,-8.,8.38386383519444));
#6404=CARTESIAN_POINT('Ctrl Pts',(66.1323341429236,-8.,8.49658936262131));
#6405=CARTESIAN_POINT('',(66.2305602133276,-7.,7.65074998140335));
#6406=CARTESIAN_POINT('',(66.2305602133276,-8.,7.65074998140335));
#6407=CARTESIAN_POINT('Ctrl Pts',(66.2305602133276,-7.,7.65074998140335));
#6408=CARTESIAN_POINT('Ctrl Pts',(66.2305650327034,-7.,7.8205423159219));
#6409=CARTESIAN_POINT('Ctrl Pts',(66.2305731579505,-7.,8.10680442882768));
#6410=CARTESIAN_POINT('Ctrl Pts',(66.1607447966526,-7.,8.38386383519444));
#6411=CARTESIAN_POINT('Ctrl Pts',(66.1323341429236,-7.,8.49658936262131));
#6412=CARTESIAN_POINT('Origin',(66.2305602133276,-8.,4.00000005960464));
#6413=CARTESIAN_POINT('',(66.2305602133276,-8.,4.00000005960464));
#6414=CARTESIAN_POINT('',(66.2305602133276,-8.,2.00000002980232));
#6415=CARTESIAN_POINT('',(66.2305602133276,-7.,4.00000005960464));
#6416=CARTESIAN_POINT('',(66.2305602133276,-8.,4.00000005960464));
#6417=CARTESIAN_POINT('',(66.2305602133276,-7.,4.00000005960464));
#6418=CARTESIAN_POINT('Origin',(67.2073682844641,-8.,4.00000005960464));
#6419=CARTESIAN_POINT('',(67.2073682844641,-8.,4.00000005960464));
#6420=CARTESIAN_POINT('',(28.603684142232,-8.,4.00000005960464));
#6421=CARTESIAN_POINT('',(67.2073682844641,-7.,4.00000005960464));
#6422=CARTESIAN_POINT('',(67.2073682844641,-8.,4.00000005960464));
#6423=CARTESIAN_POINT('',(67.2073682844641,-7.,4.00000005960464));
#6424=CARTESIAN_POINT('Origin',(67.2073682844641,-8.,7.97817200422287));
#6425=CARTESIAN_POINT('',(67.2073682844641,-8.,7.97817200422287));
#6426=CARTESIAN_POINT('',(67.2073682844641,-8.,3.98908600211143));
#6427=CARTESIAN_POINT('',(67.2073682844641,-7.,7.97817200422287));
#6428=CARTESIAN_POINT('',(67.2073682844641,-8.,7.97817200422287));
#6429=CARTESIAN_POINT('',(67.2073682844641,-7.,7.97817200422287));
#6430=CARTESIAN_POINT('Ctrl Pts',(66.7435201704504,-8.,9.4461116194725));
#6431=CARTESIAN_POINT('Ctrl Pts',(66.7435201704504,-7.,9.4461116194725));
#6432=CARTESIAN_POINT('Ctrl Pts',(66.8783811668846,-8.,9.25108535582155));
#6433=CARTESIAN_POINT('Ctrl Pts',(66.8783811668846,-7.,9.25108535582155));
#6434=CARTESIAN_POINT('Ctrl Pts',(67.1817508744125,-8.,8.81237392606501));
#6435=CARTESIAN_POINT('Ctrl Pts',(67.1817508744125,-7.,8.81237392606501));
#6436=CARTESIAN_POINT('Ctrl Pts',(67.1982202569659,-8.,8.27606715071444));
#6437=CARTESIAN_POINT('Ctrl Pts',(67.1982202569659,-7.,8.27606715071444));
#6438=CARTESIAN_POINT('Ctrl Pts',(67.2073682844641,-8.,7.97817200422287));
#6439=CARTESIAN_POINT('Ctrl Pts',(67.2073682844641,-7.,7.97817200422287));
#6440=CARTESIAN_POINT('',(66.7435201704504,-8.,9.4461116194725));
#6441=CARTESIAN_POINT('Ctrl Pts',(66.7435201704504,-8.,9.4461116194725));
#6442=CARTESIAN_POINT('Ctrl Pts',(66.8783811668846,-8.,9.25108535582155));
#6443=CARTESIAN_POINT('Ctrl Pts',(67.1817508744125,-8.,8.81237392606501));
#6444=CARTESIAN_POINT('Ctrl Pts',(67.1982202569659,-8.,8.27606715071444));
#6445=CARTESIAN_POINT('Ctrl Pts',(67.2073682844641,-8.,7.97817200422287));
#6446=CARTESIAN_POINT('',(66.7435201704504,-7.,9.4461116194725));
#6447=CARTESIAN_POINT('',(66.7435201704504,-8.,9.4461116194725));
#6448=CARTESIAN_POINT('Ctrl Pts',(66.7435201704504,-7.,9.4461116194725));
#6449=CARTESIAN_POINT('Ctrl Pts',(66.8783811668846,-7.,9.25108535582155));
#6450=CARTESIAN_POINT('Ctrl Pts',(67.1817508744125,-7.,8.81237392606501));
#6451=CARTESIAN_POINT('Ctrl Pts',(67.1982202569659,-7.,8.27606715071444));
#6452=CARTESIAN_POINT('Ctrl Pts',(67.2073682844641,-7.,7.97817200422287));
#6453=CARTESIAN_POINT('Ctrl Pts',(65.417464643717,-8.,9.92633014917374));
#6454=CARTESIAN_POINT('Ctrl Pts',(65.417464643717,-7.,9.92633014917374));
#6455=CARTESIAN_POINT('Ctrl Pts',(65.6816871043124,-8.,9.91272447639637));
#6456=CARTESIAN_POINT('Ctrl Pts',(65.6816871043124,-7.,9.91272447639637));
#6457=CARTESIAN_POINT('Ctrl Pts',(66.1747779812903,-8.,9.8873336254197));
#6458=CARTESIAN_POINT('Ctrl Pts',(66.1747779812903,-7.,9.8873336254197));
#6459=CARTESIAN_POINT('Ctrl Pts',(66.5632231296614,-8.,9.5859834691778));
#6460=CARTESIAN_POINT('Ctrl Pts',(66.5632231296614,-7.,9.5859834691778));
#6461=CARTESIAN_POINT('Ctrl Pts',(66.7435201704504,-8.,9.4461116194725));
#6462=CARTESIAN_POINT('Ctrl Pts',(66.7435201704504,-7.,9.4461116194725));
#6463=CARTESIAN_POINT('',(65.417464643717,-8.,9.92633014917374));
#6464=CARTESIAN_POINT('Ctrl Pts',(65.417464643717,-8.,9.92633014917374));
#6465=CARTESIAN_POINT('Ctrl Pts',(65.6816871043124,-8.,9.91272447639637));
#6466=CARTESIAN_POINT('Ctrl Pts',(66.1747779812903,-8.,9.8873336254197));
#6467=CARTESIAN_POINT('Ctrl Pts',(66.5632231296614,-8.,9.5859834691778));
#6468=CARTESIAN_POINT('Ctrl Pts',(66.7435201704504,-8.,9.4461116194725));
#6469=CARTESIAN_POINT('',(65.417464643717,-7.,9.92633014917374));
#6470=CARTESIAN_POINT('',(65.417464643717,-8.,9.92633014917374));
#6471=CARTESIAN_POINT('Ctrl Pts',(65.417464643717,-7.,9.92633014917374));
#6472=CARTESIAN_POINT('Ctrl Pts',(65.6816871043124,-7.,9.91272447639637));
#6473=CARTESIAN_POINT('Ctrl Pts',(66.1747779812903,-7.,9.8873336254197));
#6474=CARTESIAN_POINT('Ctrl Pts',(66.5632231296614,-7.,9.5859834691778));
#6475=CARTESIAN_POINT('Ctrl Pts',(66.7435201704504,-7.,9.4461116194725));
#6476=CARTESIAN_POINT('Ctrl Pts',(63.6275586187842,-8.,8.91132324934006));
#6477=CARTESIAN_POINT('Ctrl Pts',(63.6275586187842,-7.,8.91132324934006));
#6478=CARTESIAN_POINT('Ctrl Pts',(63.8678496217567,-8.,9.20727862982609));
#6479=CARTESIAN_POINT('Ctrl Pts',(63.8678496217567,-7.,9.20727862982609));
#6480=CARTESIAN_POINT('Ctrl Pts',(64.333629839,-8.,9.78095870819702));
#6481=CARTESIAN_POINT('Ctrl Pts',(64.333629839,-7.,9.78095870819702));
#6482=CARTESIAN_POINT('Ctrl Pts',(65.0639222369891,-8.,9.87891058957965));
#6483=CARTESIAN_POINT('Ctrl Pts',(65.0639222369891,-7.,9.87891058957965));
#6484=CARTESIAN_POINT('Ctrl Pts',(65.417464643717,-8.,9.92633014917374));
#6485=CARTESIAN_POINT('Ctrl Pts',(65.417464643717,-7.,9.92633014917374));
#6486=CARTESIAN_POINT('',(63.6275586187842,-8.,8.91132324934006));
#6487=CARTESIAN_POINT('Ctrl Pts',(63.6275586187842,-8.,8.91132324934006));
#6488=CARTESIAN_POINT('Ctrl Pts',(63.8678496217567,-8.,9.20727862982609));
#6489=CARTESIAN_POINT('Ctrl Pts',(64.333629839,-8.,9.78095870819702));
#6490=CARTESIAN_POINT('Ctrl Pts',(65.0639222369891,-8.,9.87891058957965));
#6491=CARTESIAN_POINT('Ctrl Pts',(65.417464643717,-8.,9.92633014917374));
#6492=CARTESIAN_POINT('',(63.6275586187842,-7.,8.91132324934006));
#6493=CARTESIAN_POINT('',(63.6275586187842,-8.,8.91132324934006));
#6494=CARTESIAN_POINT('Ctrl Pts',(63.6275586187842,-7.,8.91132324934006));
#6495=CARTESIAN_POINT('Ctrl Pts',(63.8678496217567,-7.,9.20727862982609));
#6496=CARTESIAN_POINT('Ctrl Pts',(64.333629839,-7.,9.78095870819702));
#6497=CARTESIAN_POINT('Ctrl Pts',(65.0639222369891,-7.,9.87891058957965));
#6498=CARTESIAN_POINT('Ctrl Pts',(65.417464643717,-7.,9.92633014917374));
#6499=CARTESIAN_POINT('Ctrl Pts',(63.0436572134497,-8.,9.65893596410751));
#6500=CARTESIAN_POINT('Ctrl Pts',(63.0436572134497,-7.,9.65893596410751));
#6501=CARTESIAN_POINT('Ctrl Pts',(63.1719042949945,-8.,9.56026780370468));
#6502=CARTESIAN_POINT('Ctrl Pts',(63.1719042949945,-7.,9.56026780370468));
#6503=CARTESIAN_POINT('Ctrl Pts',(63.4305938948003,-8.,9.36124240195113));
#6504=CARTESIAN_POINT('Ctrl Pts',(63.4305938948003,-7.,9.36124240195113));
#6505=CARTESIAN_POINT('Ctrl Pts',(63.5615332936769,-8.,9.06214243016736));
#6506=CARTESIAN_POINT('Ctrl Pts',(63.5615332936769,-7.,9.06214243016736));
#6507=CARTESIAN_POINT('Ctrl Pts',(63.6275586187842,-8.,8.91132324934006));
#6508=CARTESIAN_POINT('Ctrl Pts',(63.6275586187842,-7.,8.91132324934006));
#6509=CARTESIAN_POINT('',(63.0436572134497,-8.,9.65893596410751));
#6510=CARTESIAN_POINT('Ctrl Pts',(63.0436572134497,-8.,9.65893596410751));
#6511=CARTESIAN_POINT('Ctrl Pts',(63.1719042949945,-8.,9.56026780370468));
#6512=CARTESIAN_POINT('Ctrl Pts',(63.4305938948003,-8.,9.36124240195113));
#6513=CARTESIAN_POINT('Ctrl Pts',(63.5615332936769,-8.,9.06214243016736));
#6514=CARTESIAN_POINT('Ctrl Pts',(63.6275586187842,-8.,8.91132324934006));
#6515=CARTESIAN_POINT('',(63.0436572134497,-7.,9.65893596410751));
#6516=CARTESIAN_POINT('',(63.0436572134497,-8.,9.65893596410751));
#6517=CARTESIAN_POINT('Ctrl Pts',(63.0436572134497,-7.,9.65893596410751));
#6518=CARTESIAN_POINT('Ctrl Pts',(63.1719042949945,-7.,9.56026780370468));
#6519=CARTESIAN_POINT('Ctrl Pts',(63.4305938948003,-7.,9.36124240195113));
#6520=CARTESIAN_POINT('Ctrl Pts',(63.5615332936769,-7.,9.06214243016736));
#6521=CARTESIAN_POINT('Ctrl Pts',(63.6275586187842,-7.,8.91132324934006));
#6522=CARTESIAN_POINT('Ctrl Pts',(61.9904526770117,-8.,9.92633014917374));
#6523=CARTESIAN_POINT('Ctrl Pts',(61.9904526770117,-7.,9.92633014917374));
#6524=CARTESIAN_POINT('Ctrl Pts',(62.1894590069281,-8.,9.9188163217756));
#6525=CARTESIAN_POINT('Ctrl Pts',(62.1894590069281,-7.,9.9188163217756));
#6526=CARTESIAN_POINT('Ctrl Pts',(62.5604561714688,-8.,9.90480868362293));
#6527=CARTESIAN_POINT('Ctrl Pts',(62.5604561714688,-7.,9.90480868362293));
#6528=CARTESIAN_POINT('Ctrl Pts',(62.8906038298953,-8.,9.73681586993569));
#6529=CARTESIAN_POINT('Ctrl Pts',(62.8906038298953,-7.,9.73681586993569));
#6530=CARTESIAN_POINT('Ctrl Pts',(63.0436572134497,-8.,9.65893596410751));
#6531=CARTESIAN_POINT('Ctrl Pts',(63.0436572134497,-7.,9.65893596410751));
#6532=CARTESIAN_POINT('',(61.9904526770117,-8.,9.92633014917374));
#6533=CARTESIAN_POINT('Ctrl Pts',(61.9904526770117,-8.,9.92633014917374));
#6534=CARTESIAN_POINT('Ctrl Pts',(62.1894590069281,-8.,9.9188163217756));
#6535=CARTESIAN_POINT('Ctrl Pts',(62.5604561714688,-8.,9.90480868362293));
#6536=CARTESIAN_POINT('Ctrl Pts',(62.8906038298953,-8.,9.73681586993569));
#6537=CARTESIAN_POINT('Ctrl Pts',(63.0436572134497,-8.,9.65893596410751));
#6538=CARTESIAN_POINT('',(61.9904526770117,-7.,9.92633014917374));
#6539=CARTESIAN_POINT('',(61.9904526770117,-8.,9.92633014917374));
#6540=CARTESIAN_POINT('Ctrl Pts',(61.9904526770117,-7.,9.92633014917374));
#6541=CARTESIAN_POINT('Ctrl Pts',(62.1894590069281,-7.,9.9188163217756));
#6542=CARTESIAN_POINT('Ctrl Pts',(62.5604561714688,-7.,9.90480868362293));
#6543=CARTESIAN_POINT('Ctrl Pts',(62.8906038298953,-7.,9.73681586993569));
#6544=CARTESIAN_POINT('Ctrl Pts',(63.0436572134497,-7.,9.65893596410751));
#6545=CARTESIAN_POINT('Ctrl Pts',(60.9590729773047,-8.,9.6643927693367));
#6546=CARTESIAN_POINT('Ctrl Pts',(60.9590729773047,-7.,9.6643927693367));
#6547=CARTESIAN_POINT('Ctrl Pts',(61.1177010742137,-8.,9.74077635896643));
#6548=CARTESIAN_POINT('Ctrl Pts',(61.1177010742137,-7.,9.74077635896643));
#6549=CARTESIAN_POINT('Ctrl Pts',(61.4435571641264,-8.,9.89768461377894));
#6550=CARTESIAN_POINT('Ctrl Pts',(61.4435571641264,-7.,9.89768461377894));
#6551=CARTESIAN_POINT('Ctrl Pts',(61.8049746983644,-8.,9.91661510145966));
#6552=CARTESIAN_POINT('Ctrl Pts',(61.8049746983644,-7.,9.91661510145966));
#6553=CARTESIAN_POINT('Ctrl Pts',(61.9904526770117,-8.,9.92633014917374));
#6554=CARTESIAN_POINT('Ctrl Pts',(61.9904526770117,-7.,9.92633014917374));
#6555=CARTESIAN_POINT('',(60.9590729773047,-8.,9.6643927693367));
#6556=CARTESIAN_POINT('Ctrl Pts',(60.9590729773047,-8.,9.6643927693367));
#6557=CARTESIAN_POINT('Ctrl Pts',(61.1177010742137,-8.,9.74077635896643));
#6558=CARTESIAN_POINT('Ctrl Pts',(61.4435571641264,-8.,9.89768461377894));
#6559=CARTESIAN_POINT('Ctrl Pts',(61.8049746983644,-8.,9.91661510145966));
#6560=CARTESIAN_POINT('Ctrl Pts',(61.9904526770117,-8.,9.92633014917374));
#6561=CARTESIAN_POINT('',(60.9590729773047,-7.,9.6643927693367));
#6562=CARTESIAN_POINT('',(60.9590729773047,-8.,9.6643927693367));
#6563=CARTESIAN_POINT('Ctrl Pts',(60.9590729773047,-7.,9.6643927693367));
#6564=CARTESIAN_POINT('Ctrl Pts',(61.1177010742137,-7.,9.74077635896643));
#6565=CARTESIAN_POINT('Ctrl Pts',(61.4435571641264,-7.,9.89768461377894));
#6566=CARTESIAN_POINT('Ctrl Pts',(61.8049746983644,-7.,9.91661510145966));
#6567=CARTESIAN_POINT('Ctrl Pts',(61.9904526770117,-7.,9.92633014917374));
#6568=CARTESIAN_POINT('Ctrl Pts',(60.2332886755469,-8.,8.98226469755173));
#6569=CARTESIAN_POINT('Ctrl Pts',(60.2332886755469,-7.,8.98226469755173));
#6570=CARTESIAN_POINT('Ctrl Pts',(60.3323082319832,-8.,9.11741774529715));
#6571=CARTESIAN_POINT('Ctrl Pts',(60.3323082319832,-7.,9.11741774529715));
#6572=CARTESIAN_POINT('Ctrl Pts',(60.5318636267784,-8.,9.38979343320412));
#6573=CARTESIAN_POINT('Ctrl Pts',(60.5318636267784,-7.,9.38979343320412));
#6574=CARTESIAN_POINT('Ctrl Pts',(60.8159503350386,-8.,9.57239716459777));
#6575=CARTESIAN_POINT('Ctrl Pts',(60.8159503350386,-7.,9.57239716459777));
#6576=CARTESIAN_POINT('Ctrl Pts',(60.9590729773047,-8.,9.6643927693367));
#6577=CARTESIAN_POINT('Ctrl Pts',(60.9590729773047,-7.,9.6643927693367));
#6578=CARTESIAN_POINT('',(60.2332886755469,-8.,8.98226469755173));
#6579=CARTESIAN_POINT('Ctrl Pts',(60.2332886755469,-8.,8.98226469755173));
#6580=CARTESIAN_POINT('Ctrl Pts',(60.3323082319832,-8.,9.11741774529715));
#6581=CARTESIAN_POINT('Ctrl Pts',(60.5318636267784,-8.,9.38979343320412));
#6582=CARTESIAN_POINT('Ctrl Pts',(60.8159503350386,-8.,9.57239716459777));
#6583=CARTESIAN_POINT('Ctrl Pts',(60.9590729773047,-8.,9.6643927693367));
#6584=CARTESIAN_POINT('',(60.2332886755469,-7.,8.98226469755173));
#6585=CARTESIAN_POINT('',(60.2332886755469,-8.,8.98226469755173));
#6586=CARTESIAN_POINT('Ctrl Pts',(60.2332886755469,-7.,8.98226469755173));
#6587=CARTESIAN_POINT('Ctrl Pts',(60.3323082319832,-7.,9.11741774529715));
#6588=CARTESIAN_POINT('Ctrl Pts',(60.5318636267784,-7.,9.38979343320412));
#6589=CARTESIAN_POINT('Ctrl Pts',(60.8159503350386,-7.,9.57239716459777));
#6590=CARTESIAN_POINT('Ctrl Pts',(60.9590729773047,-7.,9.6643927693367));
#6591=CARTESIAN_POINT('Origin',(60.2332886755469,-8.,9.79536145925522));
#6592=CARTESIAN_POINT('',(60.2332886755469,-8.,9.79536145925522));
#6593=CARTESIAN_POINT('',(60.2332886755469,-8.,4.89768072962761));
#6594=CARTESIAN_POINT('',(60.2332886755469,-7.,9.79536145925522));
#6595=CARTESIAN_POINT('',(60.2332886755469,-8.,9.79536145925522));
#6596=CARTESIAN_POINT('',(60.2332886755469,-7.,9.79536145925522));
#6597=CARTESIAN_POINT('Origin',(59.3547090590002,-8.,9.79536145925522));
#6598=CARTESIAN_POINT('',(59.3547090590002,-8.,9.79536145925522));
#6599=CARTESIAN_POINT('',(24.6773545295001,-8.,9.79536145925522));
#6600=CARTESIAN_POINT('',(59.3547090590002,-7.,9.79536145925522));
#6601=CARTESIAN_POINT('',(59.3547090590002,-8.,9.79536145925522));
#6602=CARTESIAN_POINT('',(59.3547090590002,-7.,9.79536145925522));
#6603=CARTESIAN_POINT('Origin',(59.3547090590002,-8.,4.00000005960464));
#6604=CARTESIAN_POINT('',(59.3547090590002,-8.,4.00000005960464));
#6605=CARTESIAN_POINT('',(59.3547090590002,-8.,2.00000002980232));
#6606=CARTESIAN_POINT('',(59.3547090590002,-7.,4.00000005960464));
#6607=CARTESIAN_POINT('',(59.3547090590002,-8.,4.00000005960464));
#6608=CARTESIAN_POINT('',(59.3547090590002,-7.,4.00000005960464));
#6609=CARTESIAN_POINT('Origin',(60.3369721472265,-8.,4.00000005960464));
#6610=CARTESIAN_POINT('',(25.1684860736133,-8.,4.00000005960464));
#6611=CARTESIAN_POINT('',(60.3369721472265,-7.,4.00000005960464));
#6612=CARTESIAN_POINT('Origin',(59.0654855668547,-7.,6.88949525356293));
#6613=CARTESIAN_POINT('Ctrl Pts',(76.2551149427893,-8.,4.91132348775864));
#6614=CARTESIAN_POINT('Ctrl Pts',(76.2551149427893,-7.,4.91132348775864));
#6615=CARTESIAN_POINT('Ctrl Pts',(76.3026691225385,-8.,4.89070350426599));
#6616=CARTESIAN_POINT('Ctrl Pts',(76.3026691225385,-7.,4.89070350426599));
#6617=CARTESIAN_POINT('Ctrl Pts',(76.4102569037724,-8.,4.84405233112508));
#6618=CARTESIAN_POINT('Ctrl Pts',(76.4102569037724,-7.,4.84405233112508));
#6619=CARTESIAN_POINT('Ctrl Pts',(76.5278393761951,-8.,4.84169655454714));
#6620=CARTESIAN_POINT('Ctrl Pts',(76.5278393761951,-7.,4.84169655454714));
#6621=CARTESIAN_POINT('Ctrl Pts',(76.5934499800207,-8.,4.84038203954697));
#6622=CARTESIAN_POINT('Ctrl Pts',(76.5934499800207,-7.,4.84038203954697));
#6623=CARTESIAN_POINT('',(76.2551149427893,-8.,4.91132348775864));
#6624=CARTESIAN_POINT('',(76.5934499800207,-8.,4.84038203954697));
#6625=CARTESIAN_POINT('Ctrl Pts',(76.2551149427893,-8.,4.91132348775864));
#6626=CARTESIAN_POINT('Ctrl Pts',(76.3026691225385,-8.,4.89070350426599));
#6627=CARTESIAN_POINT('Ctrl Pts',(76.4102569037724,-8.,4.84405233112508));
#6628=CARTESIAN_POINT('Ctrl Pts',(76.5278393761951,-8.,4.84169655454714));
#6629=CARTESIAN_POINT('Ctrl Pts',(76.5934499800207,-8.,4.84038203954697));
#6630=CARTESIAN_POINT('',(76.2551149427893,-7.,4.91132348775864));
#6631=CARTESIAN_POINT('',(76.2551149427893,-8.,4.91132348775864));
#6632=CARTESIAN_POINT('',(76.5934499800207,-7.,4.84038203954697));
#6633=CARTESIAN_POINT('Ctrl Pts',(76.2551149427893,-7.,4.91132348775864));
#6634=CARTESIAN_POINT('Ctrl Pts',(76.3026691225385,-7.,4.89070350426599));
#6635=CARTESIAN_POINT('Ctrl Pts',(76.4102569037724,-7.,4.84405233112508));
#6636=CARTESIAN_POINT('Ctrl Pts',(76.5278393761951,-7.,4.84169655454714));
#6637=CARTESIAN_POINT('Ctrl Pts',(76.5934499800207,-7.,4.84038203954697));
#6638=CARTESIAN_POINT('',(76.5934499800207,-8.,4.84038203954697));
#6639=CARTESIAN_POINT('Ctrl Pts',(76.0859474241736,-8.,5.102319419384));
#6640=CARTESIAN_POINT('Ctrl Pts',(76.0859474241736,-7.,5.102319419384));
#6641=CARTESIAN_POINT('Ctrl Pts',(76.1067478861334,-8.,5.06427986993366));
#6642=CARTESIAN_POINT('Ctrl Pts',(76.1067478861334,-7.,5.06427986993366));
#6643=CARTESIAN_POINT('Ctrl Pts',(76.1485924699036,-8.,4.98775516982715));
#6644=CARTESIAN_POINT('Ctrl Pts',(76.1485924699036,-7.,4.98775516982715));
#6645=CARTESIAN_POINT('Ctrl Pts',(76.2194698794309,-8.,4.936899425644));
#6646=CARTESIAN_POINT('Ctrl Pts',(76.2194698794309,-7.,4.936899425644));
#6647=CARTESIAN_POINT('Ctrl Pts',(76.2551149427893,-8.,4.91132348775864));
#6648=CARTESIAN_POINT('Ctrl Pts',(76.2551149427893,-7.,4.91132348775864));
#6649=CARTESIAN_POINT('',(76.0859474241736,-8.,5.102319419384));
#6650=CARTESIAN_POINT('Ctrl Pts',(76.0859474241736,-8.,5.102319419384));
#6651=CARTESIAN_POINT('Ctrl Pts',(76.1067478861334,-8.,5.06427986993366));
#6652=CARTESIAN_POINT('Ctrl Pts',(76.1485924699036,-8.,4.98775516982715));
#6653=CARTESIAN_POINT('Ctrl Pts',(76.2194698794309,-8.,4.936899425644));
#6654=CARTESIAN_POINT('Ctrl Pts',(76.2551149427893,-8.,4.91132348775864));
#6655=CARTESIAN_POINT('',(76.0859474241736,-7.,5.102319419384));
#6656=CARTESIAN_POINT('',(76.0859474241736,-8.,5.102319419384));
#6657=CARTESIAN_POINT('Ctrl Pts',(76.0859474241736,-7.,5.102319419384));
#6658=CARTESIAN_POINT('Ctrl Pts',(76.1067478861334,-7.,5.06427986993366));
#6659=CARTESIAN_POINT('Ctrl Pts',(76.1485924699036,-7.,4.98775516982715));
#6660=CARTESIAN_POINT('Ctrl Pts',(76.2194698794309,-7.,4.936899425644));
#6661=CARTESIAN_POINT('Ctrl Pts',(76.2551149427893,-7.,4.91132348775864));
#6662=CARTESIAN_POINT('Ctrl Pts',(76.0368331968786,-8.,5.64256459474564));
#6663=CARTESIAN_POINT('Ctrl Pts',(76.0368331968786,-7.,5.64256459474564));
#6664=CARTESIAN_POINT('Ctrl Pts',(76.0354438751891,-8.,5.52690080736525));
#6665=CARTESIAN_POINT('Ctrl Pts',(76.0354438751891,-7.,5.52690080736525));
#6666=CARTESIAN_POINT('Ctrl Pts',(76.0332559155442,-8.,5.34474882551409));
#6667=CARTESIAN_POINT('Ctrl Pts',(76.0332559155442,-7.,5.34474882551409));
#6668=CARTESIAN_POINT('Ctrl Pts',(76.071857330913,-8.,5.16714680866055));
#6669=CARTESIAN_POINT('Ctrl Pts',(76.071857330913,-7.,5.16714680866055));
#6670=CARTESIAN_POINT('Ctrl Pts',(76.0859474241736,-8.,5.102319419384));
#6671=CARTESIAN_POINT('Ctrl Pts',(76.0859474241736,-7.,5.102319419384));
#6672=CARTESIAN_POINT('',(76.0368331968786,-8.,5.64256459474564));
#6673=CARTESIAN_POINT('Ctrl Pts',(76.0368331968786,-8.,5.64256459474564));
#6674=CARTESIAN_POINT('Ctrl Pts',(76.0354438751891,-8.,5.52690080736525));
#6675=CARTESIAN_POINT('Ctrl Pts',(76.0332559155442,-8.,5.34474882551409));
#6676=CARTESIAN_POINT('Ctrl Pts',(76.071857330913,-8.,5.16714680866055));
#6677=CARTESIAN_POINT('Ctrl Pts',(76.0859474241736,-8.,5.102319419384));
#6678=CARTESIAN_POINT('',(76.0368331968786,-7.,5.64256459474564));
#6679=CARTESIAN_POINT('',(76.0368331968786,-8.,5.64256459474564));
#6680=CARTESIAN_POINT('Ctrl Pts',(76.0368331968786,-7.,5.64256459474564));
#6681=CARTESIAN_POINT('Ctrl Pts',(76.0354438751891,-7.,5.52690080736525));
#6682=CARTESIAN_POINT('Ctrl Pts',(76.0332559155442,-7.,5.34474882551409));
#6683=CARTESIAN_POINT('Ctrl Pts',(76.071857330913,-7.,5.16714680866055));
#6684=CARTESIAN_POINT('Ctrl Pts',(76.0859474241736,-7.,5.102319419384));
#6685=CARTESIAN_POINT('Origin',(76.0368331968786,-8.,9.03137773275375));
#6686=CARTESIAN_POINT('',(76.0368331968786,-8.,9.03137773275375));
#6687=CARTESIAN_POINT('',(76.0368331968786,-8.,4.51568886637688));
#6688=CARTESIAN_POINT('',(76.0368331968786,-7.,9.03137773275375));
#6689=CARTESIAN_POINT('',(76.0368331968786,-8.,9.03137773275375));
#6690=CARTESIAN_POINT('',(76.0368331968786,-7.,9.03137773275375));
#6691=CARTESIAN_POINT('Origin',(77.0245584547522,-8.,9.03137773275375));
#6692=CARTESIAN_POINT('',(77.0245584547522,-8.,9.03137773275375));
#6693=CARTESIAN_POINT('',(33.5122792273761,-8.,9.03137773275375));
#6694=CARTESIAN_POINT('',(77.0245584547522,-7.,9.03137773275375));
#6695=CARTESIAN_POINT('',(77.0245584547522,-8.,9.03137773275375));
#6696=CARTESIAN_POINT('',(77.0245584547522,-7.,9.03137773275375));
#6697=CARTESIAN_POINT('Origin',(77.0245584547522,-8.,9.79536145925522));
#6698=CARTESIAN_POINT('',(77.0245584547522,-8.,9.79536145925522));
#6699=CARTESIAN_POINT('',(77.0245584547522,-8.,4.89768072962761));
#6700=CARTESIAN_POINT('',(77.0245584547522,-7.,9.79536145925522));
#6701=CARTESIAN_POINT('',(77.0245584547522,-8.,9.79536145925522));
#6702=CARTESIAN_POINT('',(77.0245584547522,-7.,9.79536145925522));
#6703=CARTESIAN_POINT('Origin',(76.0368331968786,-8.,9.79536145925522));
#6704=CARTESIAN_POINT('',(76.0368331968786,-8.,9.79536145925522));
#6705=CARTESIAN_POINT('',(33.0184165984393,-8.,9.79536145925522));
#6706=CARTESIAN_POINT('',(76.0368331968786,-7.,9.79536145925522));
#6707=CARTESIAN_POINT('',(76.0368331968786,-8.,9.79536145925522));
#6708=CARTESIAN_POINT('',(76.0368331968786,-7.,9.79536145925522));
#6709=CARTESIAN_POINT('Origin',(76.0368331968786,-8.,11.8199178576469));
#6710=CARTESIAN_POINT('',(76.0368331968786,-8.,11.8199178576469));
#6711=CARTESIAN_POINT('',(76.0368331968786,-8.,5.90995892882347));
#6712=CARTESIAN_POINT('',(76.0368331968786,-7.,11.8199178576469));
#6713=CARTESIAN_POINT('',(76.0368331968786,-8.,11.8199178576469));
#6714=CARTESIAN_POINT('',(76.0368331968786,-7.,11.8199178576469));
#6715=CARTESIAN_POINT('Origin',(75.0600275099279,-8.,11.2305590510368));
#6716=CARTESIAN_POINT('',(75.0600275099279,-8.,11.2305590510368));
#6717=CARTESIAN_POINT('',(41.3966619154719,-8.,-9.08033925583396));
#6718=CARTESIAN_POINT('',(75.0600275099279,-7.,11.2305590510368));
#6719=CARTESIAN_POINT('',(75.0600275099279,-8.,11.2305590510368));
#6720=CARTESIAN_POINT('',(75.0600275099279,-7.,11.2305590510368));
#6721=CARTESIAN_POINT('Origin',(75.0600275099279,-8.,9.79536145925522));
#6722=CARTESIAN_POINT('',(75.0600275099279,-8.,9.79536145925522));
#6723=CARTESIAN_POINT('',(75.0600275099279,-8.,4.89768072962761));
#6724=CARTESIAN_POINT('',(75.0600275099279,-7.,9.79536145925522));
#6725=CARTESIAN_POINT('',(75.0600275099279,-8.,9.79536145925522));
#6726=CARTESIAN_POINT('',(75.0600275099279,-7.,9.79536145925522));
#6727=CARTESIAN_POINT('Origin',(74.33969822526,-8.,9.79536145925522));
#6728=CARTESIAN_POINT('',(74.33969822526,-8.,9.79536145925522));
#6729=CARTESIAN_POINT('',(32.16984911263,-8.,9.79536145925522));
#6730=CARTESIAN_POINT('',(74.33969822526,-7.,9.79536145925522));
#6731=CARTESIAN_POINT('',(74.33969822526,-8.,9.79536145925522));
#6732=CARTESIAN_POINT('',(74.33969822526,-7.,9.79536145925522));
#6733=CARTESIAN_POINT('Origin',(74.33969822526,-8.,9.03137773275375));
#6734=CARTESIAN_POINT('',(74.33969822526,-8.,9.03137773275375));
#6735=CARTESIAN_POINT('',(74.33969822526,-8.,4.51568886637688));
#6736=CARTESIAN_POINT('',(74.33969822526,-7.,9.03137773275375));
#6737=CARTESIAN_POINT('',(74.33969822526,-8.,9.03137773275375));
#6738=CARTESIAN_POINT('',(74.33969822526,-7.,9.03137773275375));
#6739=CARTESIAN_POINT('Origin',(75.0600275099279,-8.,9.03137773275375));
#6740=CARTESIAN_POINT('',(75.0600275099279,-8.,9.03137773275375));
#6741=CARTESIAN_POINT('',(32.530013754964,-8.,9.03137773275375));
#6742=CARTESIAN_POINT('',(75.0600275099279,-7.,9.03137773275375));
#6743=CARTESIAN_POINT('',(75.0600275099279,-8.,9.03137773275375));
#6744=CARTESIAN_POINT('',(75.0600275099279,-7.,9.03137773275375));
#6745=CARTESIAN_POINT('Origin',(75.0600275099279,-8.,5.6971350312233));
#6746=CARTESIAN_POINT('',(75.0600275099279,-8.,5.6971350312233));
#6747=CARTESIAN_POINT('',(75.0600275099279,-8.,2.84856751561165));
#6748=CARTESIAN_POINT('',(75.0600275099279,-7.,5.6971350312233));
#6749=CARTESIAN_POINT('',(75.0600275099279,-8.,5.6971350312233));
#6750=CARTESIAN_POINT('',(75.0600275099279,-7.,5.6971350312233));
#6751=CARTESIAN_POINT('Ctrl Pts',(75.1800808012487,-8.,4.53478842973709));
#6752=CARTESIAN_POINT('Ctrl Pts',(75.1800808012487,-7.,4.53478842973709));
#6753=CARTESIAN_POINT('Ctrl Pts',(75.145568267706,-8.,4.67747593628274));
#6754=CARTESIAN_POINT('Ctrl Pts',(75.145568267706,-7.,4.67747593628274));
#6755=CARTESIAN_POINT('Ctrl Pts',(75.0534222803602,-8.,5.05844133704925));
#6756=CARTESIAN_POINT('Ctrl Pts',(75.0534222803602,-7.,5.05844133704925));
#6757=CARTESIAN_POINT('Ctrl Pts',(75.0574858914639,-8.,5.45137284093097));
#6758=CARTESIAN_POINT('Ctrl Pts',(75.0574858914639,-7.,5.45137284093097));
#6759=CARTESIAN_POINT('Ctrl Pts',(75.0600275099279,-8.,5.6971350312233));
#6760=CARTESIAN_POINT('Ctrl Pts',(75.0600275099279,-7.,5.6971350312233));
#6761=CARTESIAN_POINT('',(75.1800808012487,-8.,4.53478842973709));
#6762=CARTESIAN_POINT('Ctrl Pts',(75.1800808012487,-8.,4.53478842973709));
#6763=CARTESIAN_POINT('Ctrl Pts',(75.145568267706,-8.,4.67747593628274));
#6764=CARTESIAN_POINT('Ctrl Pts',(75.0534222803602,-8.,5.05844133704925));
#6765=CARTESIAN_POINT('Ctrl Pts',(75.0574858914639,-8.,5.45137284093097));
#6766=CARTESIAN_POINT('Ctrl Pts',(75.0600275099279,-8.,5.6971350312233));
#6767=CARTESIAN_POINT('',(75.1800808012487,-7.,4.53478842973709));
#6768=CARTESIAN_POINT('',(75.1800808012487,-8.,4.53478842973709));
#6769=CARTESIAN_POINT('Ctrl Pts',(75.1800808012487,-7.,4.53478842973709));
#6770=CARTESIAN_POINT('Ctrl Pts',(75.145568267706,-7.,4.67747593628274));
#6771=CARTESIAN_POINT('Ctrl Pts',(75.0534222803602,-7.,5.05844133704925));
#6772=CARTESIAN_POINT('Ctrl Pts',(75.0574858914639,-7.,5.45137284093097));
#6773=CARTESIAN_POINT('Ctrl Pts',(75.0600275099279,-7.,5.6971350312233));
#6774=CARTESIAN_POINT('Ctrl Pts',(75.5948146879675,-8.,4.09276992082596));
#6775=CARTESIAN_POINT('Ctrl Pts',(75.5948146879675,-7.,4.09276992082596));
#6776=CARTESIAN_POINT('Ctrl Pts',(75.5046406331435,-8.,4.15177053899316));
#6777=CARTESIAN_POINT('Ctrl Pts',(75.5046406331435,-7.,4.15177053899316));
#6778=CARTESIAN_POINT('Ctrl Pts',(75.3304323117256,-8.,4.2657545299935));
#6779=CARTESIAN_POINT('Ctrl Pts',(75.3304323117256,-7.,4.2657545299935));
#6780=CARTESIAN_POINT('Ctrl Pts',(75.2290064219664,-8.,4.44724258136289));
#6781=CARTESIAN_POINT('Ctrl Pts',(75.2290064219664,-7.,4.44724258136289));
#6782=CARTESIAN_POINT('Ctrl Pts',(75.1800808012487,-8.,4.53478842973709));
#6783=CARTESIAN_POINT('Ctrl Pts',(75.1800808012487,-7.,4.53478842973709));
#6784=CARTESIAN_POINT('',(75.5948146879675,-8.,4.09276992082596));
#6785=CARTESIAN_POINT('Ctrl Pts',(75.5948146879675,-8.,4.09276992082596));
#6786=CARTESIAN_POINT('Ctrl Pts',(75.5046406331435,-8.,4.15177053899316));
#6787=CARTESIAN_POINT('Ctrl Pts',(75.3304323117256,-8.,4.2657545299935));
#6788=CARTESIAN_POINT('Ctrl Pts',(75.2290064219664,-8.,4.44724258136289));
#6789=CARTESIAN_POINT('Ctrl Pts',(75.1800808012487,-8.,4.53478842973709));
#6790=CARTESIAN_POINT('',(75.5948146879675,-7.,4.09276992082596));
#6791=CARTESIAN_POINT('',(75.5948146879675,-8.,4.09276992082596));
#6792=CARTESIAN_POINT('Ctrl Pts',(75.5948146879675,-7.,4.09276992082596));
#6793=CARTESIAN_POINT('Ctrl Pts',(75.5046406331435,-7.,4.15177053899316));
#6794=CARTESIAN_POINT('Ctrl Pts',(75.3304323117256,-7.,4.2657545299935));
#6795=CARTESIAN_POINT('Ctrl Pts',(75.2290064219664,-7.,4.44724258136289));
#6796=CARTESIAN_POINT('Ctrl Pts',(75.1800808012487,-7.,4.53478842973709));
#6797=CARTESIAN_POINT('Ctrl Pts',(76.424282461405,-8.,3.92360121011734));
#6798=CARTESIAN_POINT('Ctrl Pts',(76.424282461405,-7.,3.92360121011734));
#6799=CARTESIAN_POINT('Ctrl Pts',(76.2636125312672,-8.,3.92669167516404));
#6800=CARTESIAN_POINT('Ctrl Pts',(76.2636125312672,-7.,3.92669167516404));
#6801=CARTESIAN_POINT('Ctrl Pts',(75.975954654612,-8.,3.9322247367173));
#6802=CARTESIAN_POINT('Ctrl Pts',(75.975954654612,-7.,3.9322247367173));
#6803=CARTESIAN_POINT('Ctrl Pts',(75.711541250723,-8.,4.04360192704943));
#6804=CARTESIAN_POINT('Ctrl Pts',(75.711541250723,-7.,4.04360192704943));
#6805=CARTESIAN_POINT('Ctrl Pts',(75.5948146879675,-8.,4.09276992082596));
#6806=CARTESIAN_POINT('Ctrl Pts',(75.5948146879675,-7.,4.09276992082596));
#6807=CARTESIAN_POINT('',(76.424282461405,-8.,3.92360121011734));
#6808=CARTESIAN_POINT('Ctrl Pts',(76.424282461405,-8.,3.92360121011734));
#6809=CARTESIAN_POINT('Ctrl Pts',(76.2636125312672,-8.,3.92669167516404));
#6810=CARTESIAN_POINT('Ctrl Pts',(75.975954654612,-8.,3.9322247367173));
#6811=CARTESIAN_POINT('Ctrl Pts',(75.711541250723,-8.,4.04360192704943));
#6812=CARTESIAN_POINT('Ctrl Pts',(75.5948146879675,-8.,4.09276992082596));
#6813=CARTESIAN_POINT('',(76.424282461405,-7.,3.92360121011734));
#6814=CARTESIAN_POINT('',(76.424282461405,-8.,3.92360121011734));
#6815=CARTESIAN_POINT('Ctrl Pts',(76.424282461405,-7.,3.92360121011734));
#6816=CARTESIAN_POINT('Ctrl Pts',(76.2636125312672,-7.,3.92669167516404));
#6817=CARTESIAN_POINT('Ctrl Pts',(75.975954654612,-7.,3.9322247367173));
#6818=CARTESIAN_POINT('Ctrl Pts',(75.711541250723,-7.,4.04360192704943));
#6819=CARTESIAN_POINT('Ctrl Pts',(75.5948146879675,-7.,4.09276992082596));
#6820=CARTESIAN_POINT('Ctrl Pts',(77.1664413511755,-8.,4.01091367006302));
#6821=CARTESIAN_POINT('Ctrl Pts',(77.1664413511755,-7.,4.01091367006302));
#6822=CARTESIAN_POINT('Ctrl Pts',(77.0358852764622,-8.,3.98548022268266));
#6823=CARTESIAN_POINT('Ctrl Pts',(77.0358852764622,-7.,3.98548022268266));
#6824=CARTESIAN_POINT('Ctrl Pts',(76.7906328946575,-8.,3.93770294719979));
#6825=CARTESIAN_POINT('Ctrl Pts',(76.7906328946575,-7.,3.93770294719979));
#6826=CARTESIAN_POINT('Ctrl Pts',(76.5410186604568,-8.,3.92809467603853));
#6827=CARTESIAN_POINT('Ctrl Pts',(76.5410186604568,-7.,3.92809467603853));
#6828=CARTESIAN_POINT('Ctrl Pts',(76.424282461405,-8.,3.92360121011734));
#6829=CARTESIAN_POINT('Ctrl Pts',(76.424282461405,-7.,3.92360121011734));
#6830=CARTESIAN_POINT('',(77.1664413511755,-8.,4.01091367006302));
#6831=CARTESIAN_POINT('Ctrl Pts',(77.1664413511755,-8.,4.01091367006302));
#6832=CARTESIAN_POINT('Ctrl Pts',(77.0358852764622,-8.,3.98548022268266));
#6833=CARTESIAN_POINT('Ctrl Pts',(76.7906328946575,-8.,3.93770294719979));
#6834=CARTESIAN_POINT('Ctrl Pts',(76.5410186604568,-8.,3.92809467603853));
#6835=CARTESIAN_POINT('Ctrl Pts',(76.424282461405,-8.,3.92360121011734));
#6836=CARTESIAN_POINT('',(77.1664413511755,-7.,4.01091367006302));
#6837=CARTESIAN_POINT('',(77.1664413511755,-8.,4.01091367006302));
#6838=CARTESIAN_POINT('Ctrl Pts',(77.1664413511755,-7.,4.01091367006302));
#6839=CARTESIAN_POINT('Ctrl Pts',(77.0358852764622,-7.,3.98548022268266));
#6840=CARTESIAN_POINT('Ctrl Pts',(76.7906328946575,-7.,3.93770294719979));
#6841=CARTESIAN_POINT('Ctrl Pts',(76.5410186604568,-7.,3.92809467603853));
#6842=CARTESIAN_POINT('Ctrl Pts',(76.424282461405,-7.,3.92360121011734));
#6843=CARTESIAN_POINT('Origin',(77.0245584547522,-8.,4.87858146429062));
#6844=CARTESIAN_POINT('',(77.0245584547522,-8.,4.87858146429062));
#6845=CARTESIAN_POINT('',(76.2798533382231,-8.,9.43273606711773));
#6846=CARTESIAN_POINT('',(77.0245584547522,-7.,4.87858146429062));
#6847=CARTESIAN_POINT('',(77.0245584547522,-8.,4.87858146429062));
#6848=CARTESIAN_POINT('',(77.0245584547522,-7.,4.87858146429062));
#6849=CARTESIAN_POINT('Ctrl Pts',(76.5934499800207,-8.,4.84038203954697));
#6850=CARTESIAN_POINT('Ctrl Pts',(76.5934499800207,-7.,4.84038203954697));
#6851=CARTESIAN_POINT('Ctrl Pts',(76.6567401811338,-8.,4.84262842761665));
#6852=CARTESIAN_POINT('Ctrl Pts',(76.6567401811338,-7.,4.84262842761665));
#6853=CARTESIAN_POINT('Ctrl Pts',(76.8010853071412,-8.,4.84775173522633));
#6854=CARTESIAN_POINT('Ctrl Pts',(76.8010853071412,-7.,4.84775173522633));
#6855=CARTESIAN_POINT('Ctrl Pts',(76.9441964533992,-8.,4.86749494783322));
#6856=CARTESIAN_POINT('Ctrl Pts',(76.9441964533992,-7.,4.86749494783322));
#6857=CARTESIAN_POINT('Ctrl Pts',(77.0245584547522,-8.,4.87858146429062));
#6858=CARTESIAN_POINT('Ctrl Pts',(77.0245584547522,-7.,4.87858146429062));
#6859=CARTESIAN_POINT('Ctrl Pts',(76.5934499800207,-8.,4.84038203954697));
#6860=CARTESIAN_POINT('Ctrl Pts',(76.6567401811338,-8.,4.84262842761665));
#6861=CARTESIAN_POINT('Ctrl Pts',(76.8010853071412,-8.,4.84775173522633));
#6862=CARTESIAN_POINT('Ctrl Pts',(76.9441964533992,-8.,4.86749494783322));
#6863=CARTESIAN_POINT('Ctrl Pts',(77.0245584547522,-8.,4.87858146429062));
#6864=CARTESIAN_POINT('Ctrl Pts',(76.5934499800207,-7.,4.84038203954697));
#6865=CARTESIAN_POINT('Ctrl Pts',(76.6567401811338,-7.,4.84262842761665));
#6866=CARTESIAN_POINT('Ctrl Pts',(76.8010853071412,-7.,4.84775173522633));
#6867=CARTESIAN_POINT('Ctrl Pts',(76.9441964533992,-7.,4.86749494783322));
#6868=CARTESIAN_POINT('Ctrl Pts',(77.0245584547522,-7.,4.87858146429062));
#6869=CARTESIAN_POINT('Origin',(59.0654855668547,-7.,6.88949525356293));
#6870=CARTESIAN_POINT('Ctrl Pts',(72.2060045301916,-8.,5.56616634130478));
#6871=CARTESIAN_POINT('Ctrl Pts',(72.2060045301916,-7.,5.56616634130478));
#6872=CARTESIAN_POINT('Ctrl Pts',(72.251926213502,-8.,5.70237818468185));
#6873=CARTESIAN_POINT('Ctrl Pts',(72.251926213502,-7.,5.70237818468185));
#6874=CARTESIAN_POINT('Ctrl Pts',(72.3590712973913,-8.,6.0201894741051));
#6875=CARTESIAN_POINT('Ctrl Pts',(72.3590712973913,-7.,6.0201894741051));
#6876=CARTESIAN_POINT('Ctrl Pts',(72.3623714929589,-8.,6.35634802602707));
#6877=CARTESIAN_POINT('Ctrl Pts',(72.3623714929589,-7.,6.35634802602707));
#6878=CARTESIAN_POINT('Ctrl Pts',(72.3642572462561,-8.,6.54843121767044));
#6879=CARTESIAN_POINT('Ctrl Pts',(72.3642572462561,-7.,6.54843121767044));
#6880=CARTESIAN_POINT('',(72.2060045301916,-8.,5.56616634130478));
#6881=CARTESIAN_POINT('',(72.3642572462561,-8.,6.54843121767044));
#6882=CARTESIAN_POINT('Ctrl Pts',(72.2060045301916,-8.,5.56616634130478));
#6883=CARTESIAN_POINT('Ctrl Pts',(72.251926213502,-8.,5.70237818468185));
#6884=CARTESIAN_POINT('Ctrl Pts',(72.3590712973913,-8.,6.0201894741051));
#6885=CARTESIAN_POINT('Ctrl Pts',(72.3623714929589,-8.,6.35634802602707));
#6886=CARTESIAN_POINT('Ctrl Pts',(72.3642572462561,-8.,6.54843121767044));
#6887=CARTESIAN_POINT('',(72.2060045301916,-7.,5.56616634130478));
#6888=CARTESIAN_POINT('',(72.2060045301916,-8.,5.56616634130478));
#6889=CARTESIAN_POINT('',(72.3642572462561,-7.,6.54843121767044));
#6890=CARTESIAN_POINT('Ctrl Pts',(72.2060045301916,-7.,5.56616634130478));
#6891=CARTESIAN_POINT('Ctrl Pts',(72.251926213502,-7.,5.70237818468185));
#6892=CARTESIAN_POINT('Ctrl Pts',(72.3590712973913,-7.,6.0201894741051));
#6893=CARTESIAN_POINT('Ctrl Pts',(72.3623714929589,-7.,6.35634802602707));
#6894=CARTESIAN_POINT('Ctrl Pts',(72.3642572462561,-7.,6.54843121767044));
#6895=CARTESIAN_POINT('',(72.3642572462561,-8.,6.54843121767044));
#6896=CARTESIAN_POINT('Ctrl Pts',(71.5566190779211,-8.,4.88403826951981));
#6897=CARTESIAN_POINT('Ctrl Pts',(71.5566190779211,-7.,4.88403826951981));
#6898=CARTESIAN_POINT('Ctrl Pts',(71.6935968748159,-8.,4.97401332857446));
#6899=CARTESIAN_POINT('Ctrl Pts',(71.6935968748159,-7.,4.97401332857446));
#6900=CARTESIAN_POINT('Ctrl Pts',(71.9631694639795,-8.,5.15108443191644));
#6901=CARTESIAN_POINT('Ctrl Pts',(71.9631694639795,-7.,5.15108443191644));
#6902=CARTESIAN_POINT('Ctrl Pts',(72.1259416841067,-8.,5.42931362253415));
#6903=CARTESIAN_POINT('Ctrl Pts',(72.1259416841067,-7.,5.42931362253415));
#6904=CARTESIAN_POINT('Ctrl Pts',(72.2060045301916,-8.,5.56616634130478));
#6905=CARTESIAN_POINT('Ctrl Pts',(72.2060045301916,-7.,5.56616634130478));
#6906=CARTESIAN_POINT('',(71.5566190779211,-8.,4.88403826951981));
#6907=CARTESIAN_POINT('Ctrl Pts',(71.5566190779211,-8.,4.88403826951981));
#6908=CARTESIAN_POINT('Ctrl Pts',(71.6935968748159,-8.,4.97401332857446));
#6909=CARTESIAN_POINT('Ctrl Pts',(71.9631694639795,-8.,5.15108443191644));
#6910=CARTESIAN_POINT('Ctrl Pts',(72.1259416841067,-8.,5.42931362253415));
#6911=CARTESIAN_POINT('Ctrl Pts',(72.2060045301916,-8.,5.56616634130478));
#6912=CARTESIAN_POINT('',(71.5566190779211,-7.,4.88403826951981));
#6913=CARTESIAN_POINT('',(71.5566190779211,-8.,4.88403826951981));
#6914=CARTESIAN_POINT('Ctrl Pts',(71.5566190779211,-7.,4.88403826951981));
#6915=CARTESIAN_POINT('Ctrl Pts',(71.6935968748159,-7.,4.97401332857446));
#6916=CARTESIAN_POINT('Ctrl Pts',(71.9631694639795,-7.,5.15108443191644));
#6917=CARTESIAN_POINT('Ctrl Pts',(72.1259416841067,-7.,5.42931362253415));
#6918=CARTESIAN_POINT('Ctrl Pts',(72.2060045301916,-7.,5.56616634130478));
#6919=CARTESIAN_POINT('Ctrl Pts',(70.5470689833166,-8.,4.63847190141678));
#6920=CARTESIAN_POINT('Ctrl Pts',(70.5470689833166,-7.,4.63847190141678));
#6921=CARTESIAN_POINT('Ctrl Pts',(70.7286395293645,-8.,4.64740744136692));
#6922=CARTESIAN_POINT('Ctrl Pts',(70.7286395293645,-7.,4.64740744136692));
#6923=CARTESIAN_POINT('Ctrl Pts',(71.0811150993095,-8.,4.6647536442905));
#6924=CARTESIAN_POINT('Ctrl Pts',(71.0811150993095,-7.,4.6647536442905));
#6925=CARTESIAN_POINT('Ctrl Pts',(71.4013477136712,-8.,4.8124329319203));
#6926=CARTESIAN_POINT('Ctrl Pts',(71.4013477136712,-7.,4.8124329319203));
#6927=CARTESIAN_POINT('Ctrl Pts',(71.5566190779211,-8.,4.88403826951981));
#6928=CARTESIAN_POINT('Ctrl Pts',(71.5566190779211,-7.,4.88403826951981));
#6929=CARTESIAN_POINT('',(70.5470689833166,-8.,4.63847190141678));
#6930=CARTESIAN_POINT('Ctrl Pts',(70.5470689833166,-8.,4.63847190141678));
#6931=CARTESIAN_POINT('Ctrl Pts',(70.7286395293645,-8.,4.64740744136692));
#6932=CARTESIAN_POINT('Ctrl Pts',(71.0811150993095,-8.,4.6647536442905));
#6933=CARTESIAN_POINT('Ctrl Pts',(71.4013477136712,-8.,4.8124329319203));
#6934=CARTESIAN_POINT('Ctrl Pts',(71.5566190779211,-8.,4.88403826951981));
#6935=CARTESIAN_POINT('',(70.5470689833166,-7.,4.63847190141678));
#6936=CARTESIAN_POINT('',(70.5470689833166,-8.,4.63847190141678));
#6937=CARTESIAN_POINT('Ctrl Pts',(70.5470689833166,-7.,4.63847190141678));
#6938=CARTESIAN_POINT('Ctrl Pts',(70.7286395293645,-7.,4.64740744136692));
#6939=CARTESIAN_POINT('Ctrl Pts',(71.0811150993095,-7.,4.6647536442905));
#6940=CARTESIAN_POINT('Ctrl Pts',(71.4013477136712,-7.,4.8124329319203));
#6941=CARTESIAN_POINT('Ctrl Pts',(71.5566190779211,-7.,4.88403826951981));
#6942=CARTESIAN_POINT('Ctrl Pts',(69.673941999674,-8.,4.90040928125381));
#6943=CARTESIAN_POINT('Ctrl Pts',(69.673941999674,-7.,4.90040928125381));
#6944=CARTESIAN_POINT('Ctrl Pts',(69.7932973366091,-8.,4.82420469053102));
#6945=CARTESIAN_POINT('Ctrl Pts',(69.7932973366091,-7.,4.82420469053102));
#6946=CARTESIAN_POINT('Ctrl Pts',(70.058181127512,-8.,4.65508480537801));
#6947=CARTESIAN_POINT('Ctrl Pts',(70.058181127512,-7.,4.65508480537801));
#6948=CARTESIAN_POINT('Ctrl Pts',(70.3737137905609,-8.,4.64436268625473));
#6949=CARTESIAN_POINT('Ctrl Pts',(70.3737137905609,-7.,4.64436268625473));
#6950=CARTESIAN_POINT('Ctrl Pts',(70.5470689833166,-8.,4.63847190141678));
#6951=CARTESIAN_POINT('Ctrl Pts',(70.5470689833166,-7.,4.63847190141678));
#6952=CARTESIAN_POINT('',(69.673941999674,-8.,4.90040928125381));
#6953=CARTESIAN_POINT('Ctrl Pts',(69.673941999674,-8.,4.90040928125381));
#6954=CARTESIAN_POINT('Ctrl Pts',(69.7932973366091,-8.,4.82420469053102));
#6955=CARTESIAN_POINT('Ctrl Pts',(70.058181127512,-8.,4.65508480537801));
#6956=CARTESIAN_POINT('Ctrl Pts',(70.3737137905609,-8.,4.64436268625473));
#6957=CARTESIAN_POINT('Ctrl Pts',(70.5470689833166,-8.,4.63847190141678));
#6958=CARTESIAN_POINT('',(69.673941999674,-7.,4.90040928125381));
#6959=CARTESIAN_POINT('',(69.673941999674,-8.,4.90040928125381));
#6960=CARTESIAN_POINT('Ctrl Pts',(69.673941999674,-7.,4.90040928125381));
#6961=CARTESIAN_POINT('Ctrl Pts',(69.7932973366091,-7.,4.82420469053102));
#6962=CARTESIAN_POINT('Ctrl Pts',(70.058181127512,-7.,4.65508480537801));
#6963=CARTESIAN_POINT('Ctrl Pts',(70.3737137905609,-7.,4.64436268625473));
#6964=CARTESIAN_POINT('Ctrl Pts',(70.5470689833166,-7.,4.63847190141678));
#6965=CARTESIAN_POINT('Ctrl Pts',(69.3792637884619,-8.,5.55525213479996));
#6966=CARTESIAN_POINT('Ctrl Pts',(69.3792637884619,-7.,5.55525213479996));
#6967=CARTESIAN_POINT('Ctrl Pts',(69.391590297447,-8.,5.42969752554718));
#6968=CARTESIAN_POINT('Ctrl Pts',(69.391590297447,-7.,5.42969752554718));
#6969=CARTESIAN_POINT('Ctrl Pts',(69.4162677452028,-8.,5.17833947160985));
#6970=CARTESIAN_POINT('Ctrl Pts',(69.4162677452028,-7.,5.17833947160985));
#6971=CARTESIAN_POINT('Ctrl Pts',(69.5879939139403,-8.,4.99311380028977));
#6972=CARTESIAN_POINT('Ctrl Pts',(69.5879939139403,-7.,4.99311380028977));
#6973=CARTESIAN_POINT('Ctrl Pts',(69.673941999674,-8.,4.90040928125381));
#6974=CARTESIAN_POINT('Ctrl Pts',(69.673941999674,-7.,4.90040928125381));
#6975=CARTESIAN_POINT('',(69.3792637884619,-8.,5.55525213479996));
#6976=CARTESIAN_POINT('Ctrl Pts',(69.3792637884619,-8.,5.55525213479996));
#6977=CARTESIAN_POINT('Ctrl Pts',(69.391590297447,-8.,5.42969752554718));
#6978=CARTESIAN_POINT('Ctrl Pts',(69.4162677452028,-8.,5.17833947160985));
#6979=CARTESIAN_POINT('Ctrl Pts',(69.5879939139403,-8.,4.99311380028977));
#6980=CARTESIAN_POINT('Ctrl Pts',(69.673941999674,-8.,4.90040928125381));
#6981=CARTESIAN_POINT('',(69.3792637884619,-7.,5.55525213479996));
#6982=CARTESIAN_POINT('',(69.3792637884619,-8.,5.55525213479996));
#6983=CARTESIAN_POINT('Ctrl Pts',(69.3792637884619,-7.,5.55525213479996));
#6984=CARTESIAN_POINT('Ctrl Pts',(69.391590297447,-7.,5.42969752554718));
#6985=CARTESIAN_POINT('Ctrl Pts',(69.4162677452028,-7.,5.17833947160985));
#6986=CARTESIAN_POINT('Ctrl Pts',(69.5879939139403,-7.,4.99311380028977));
#6987=CARTESIAN_POINT('Ctrl Pts',(69.673941999674,-7.,4.90040928125381));
#6988=CARTESIAN_POINT('Ctrl Pts',(69.5156892836096,-8.,6.01909965276718));
#6989=CARTESIAN_POINT('Ctrl Pts',(69.5156892836096,-7.,6.01909965276718));
#6990=CARTESIAN_POINT('Ctrl Pts',(69.4758990750748,-8.,5.94756420560543));
#6991=CARTESIAN_POINT('Ctrl Pts',(69.4758990750748,-7.,5.94756420560543));
#6992=CARTESIAN_POINT('Ctrl Pts',(69.3956185308148,-8.,5.80323461188093));
#6993=CARTESIAN_POINT('Ctrl Pts',(69.3956185308148,-7.,5.80323461188093));
#6994=CARTESIAN_POINT('Ctrl Pts',(69.3847469728905,-8.,5.63839215789344));
#6995=CARTESIAN_POINT('Ctrl Pts',(69.3847469728905,-7.,5.63839215789344));
#6996=CARTESIAN_POINT('Ctrl Pts',(69.3792637884619,-8.,5.55525213479996));
#6997=CARTESIAN_POINT('Ctrl Pts',(69.3792637884619,-7.,5.55525213479996));
#6998=CARTESIAN_POINT('',(69.5156892836096,-8.,6.01909965276718));
#6999=CARTESIAN_POINT('Ctrl Pts',(69.5156892836096,-8.,6.01909965276718));
#7000=CARTESIAN_POINT('Ctrl Pts',(69.4758990750748,-8.,5.94756420560543));
#7001=CARTESIAN_POINT('Ctrl Pts',(69.3956185308148,-8.,5.80323461188093));
#7002=CARTESIAN_POINT('Ctrl Pts',(69.3847469728905,-8.,5.63839215789344));
#7003=CARTESIAN_POINT('Ctrl Pts',(69.3792637884619,-8.,5.55525213479996));
#7004=CARTESIAN_POINT('',(69.5156892836096,-7.,6.01909965276718));
#7005=CARTESIAN_POINT('',(69.5156892836096,-8.,6.01909965276718));
#7006=CARTESIAN_POINT('Ctrl Pts',(69.5156892836096,-7.,6.01909965276718));
#7007=CARTESIAN_POINT('Ctrl Pts',(69.4758990750748,-7.,5.94756420560543));
#7008=CARTESIAN_POINT('Ctrl Pts',(69.3956185308148,-7.,5.80323461188093));
#7009=CARTESIAN_POINT('Ctrl Pts',(69.3847469728905,-7.,5.63839215789344));
#7010=CARTESIAN_POINT('Ctrl Pts',(69.3792637884619,-7.,5.55525213479996));
#7011=CARTESIAN_POINT('Ctrl Pts',(69.903138548136,-8.,6.34106427431107));
#7012=CARTESIAN_POINT('Ctrl Pts',(69.903138548136,-7.,6.34106427431107));
#7013=CARTESIAN_POINT('Ctrl Pts',(69.824746186839,-8.,6.30114528698764));
#7014=CARTESIAN_POINT('Ctrl Pts',(69.824746186839,-7.,6.30114528698764));
#7015=CARTESIAN_POINT('Ctrl Pts',(69.6712198980688,-8.,6.22296657322216));
#7016=CARTESIAN_POINT('Ctrl Pts',(69.6712198980688,-7.,6.22296657322216));
#7017=CARTESIAN_POINT('Ctrl Pts',(69.5667940455075,-8.,6.08608691739636));
#7018=CARTESIAN_POINT('Ctrl Pts',(69.5667940455075,-7.,6.08608691739636));
#7019=CARTESIAN_POINT('Ctrl Pts',(69.5156892836096,-8.,6.01909965276718));
#7020=CARTESIAN_POINT('Ctrl Pts',(69.5156892836096,-7.,6.01909965276718));
#7021=CARTESIAN_POINT('',(69.903138548136,-8.,6.34106427431107));
#7022=CARTESIAN_POINT('Ctrl Pts',(69.903138548136,-8.,6.34106427431107));
#7023=CARTESIAN_POINT('Ctrl Pts',(69.824746186839,-8.,6.30114528698764));
#7024=CARTESIAN_POINT('Ctrl Pts',(69.6712198980688,-8.,6.22296657322216));
#7025=CARTESIAN_POINT('Ctrl Pts',(69.5667940455075,-8.,6.08608691739636));
#7026=CARTESIAN_POINT('Ctrl Pts',(69.5156892836096,-8.,6.01909965276718));
#7027=CARTESIAN_POINT('',(69.903138548136,-7.,6.34106427431107));
#7028=CARTESIAN_POINT('',(69.903138548136,-8.,6.34106427431107));
#7029=CARTESIAN_POINT('Ctrl Pts',(69.903138548136,-7.,6.34106427431107));
#7030=CARTESIAN_POINT('Ctrl Pts',(69.824746186839,-7.,6.30114528698764));
#7031=CARTESIAN_POINT('Ctrl Pts',(69.6712198980688,-7.,6.22296657322216));
#7032=CARTESIAN_POINT('Ctrl Pts',(69.5667940455075,-7.,6.08608691739636));
#7033=CARTESIAN_POINT('Ctrl Pts',(69.5156892836096,-7.,6.01909965276718));
#7034=CARTESIAN_POINT('Ctrl Pts',(70.7598909437658,-8.,6.53751701116562));
#7035=CARTESIAN_POINT('Ctrl Pts',(70.7598909437658,-7.,6.53751701116562));
#7036=CARTESIAN_POINT('Ctrl Pts',(70.5860854119786,-8.,6.51261803990211));
#7037=CARTESIAN_POINT('Ctrl Pts',(70.5860854119786,-7.,6.51261803990211));
#7038=CARTESIAN_POINT('Ctrl Pts',(70.2947674290308,-8.,6.47088451156517));
#7039=CARTESIAN_POINT('Ctrl Pts',(70.2947674290308,-7.,6.47088451156517));
#7040=CARTESIAN_POINT('Ctrl Pts',(70.0157066592639,-8.,6.37837924163546));
#7041=CARTESIAN_POINT('Ctrl Pts',(70.0157066592639,-7.,6.37837924163546));
#7042=CARTESIAN_POINT('Ctrl Pts',(69.903138548136,-8.,6.34106427431107));
#7043=CARTESIAN_POINT('Ctrl Pts',(69.903138548136,-7.,6.34106427431107));
#7044=CARTESIAN_POINT('',(70.7598909437658,-8.,6.53751701116562));
#7045=CARTESIAN_POINT('Ctrl Pts',(70.7598909437658,-8.,6.53751701116562));
#7046=CARTESIAN_POINT('Ctrl Pts',(70.5860854119786,-8.,6.51261803990211));
#7047=CARTESIAN_POINT('Ctrl Pts',(70.2947674290308,-8.,6.47088451156517));
#7048=CARTESIAN_POINT('Ctrl Pts',(70.0157066592639,-8.,6.37837924163546));
#7049=CARTESIAN_POINT('Ctrl Pts',(69.903138548136,-8.,6.34106427431107));
#7050=CARTESIAN_POINT('',(70.7598909437658,-7.,6.53751701116562));
#7051=CARTESIAN_POINT('',(70.7598909437658,-8.,6.53751701116562));
#7052=CARTESIAN_POINT('Ctrl Pts',(70.7598909437658,-7.,6.53751701116562));
#7053=CARTESIAN_POINT('Ctrl Pts',(70.5860854119786,-7.,6.51261803990211));
#7054=CARTESIAN_POINT('Ctrl Pts',(70.2947674290308,-7.,6.47088451156517));
#7055=CARTESIAN_POINT('Ctrl Pts',(70.0157066592639,-7.,6.37837924163546));
#7056=CARTESIAN_POINT('Ctrl Pts',(69.903138548136,-7.,6.34106427431107));
#7057=CARTESIAN_POINT('Ctrl Pts',(72.3642572462561,-8.,6.90859466791153));
#7058=CARTESIAN_POINT('Ctrl Pts',(72.3642572462561,-7.,6.90859466791153));
#7059=CARTESIAN_POINT('Ctrl Pts',(72.1427469655886,-8.,6.83580892004453));
#7060=CARTESIAN_POINT('Ctrl Pts',(72.1427469655886,-7.,6.83580892004453));
#7061=CARTESIAN_POINT('Ctrl Pts',(71.6195584353175,-8.,6.66389514549438));
#7062=CARTESIAN_POINT('Ctrl Pts',(71.6195584353175,-7.,6.66389514549438));
#7063=CARTESIAN_POINT('Ctrl Pts',(71.0742968459308,-8.,6.58373724367184));
#7064=CARTESIAN_POINT('Ctrl Pts',(71.0742968459308,-7.,6.58373724367184));
#7065=CARTESIAN_POINT('Ctrl Pts',(70.7598909437658,-8.,6.53751701116562));
#7066=CARTESIAN_POINT('Ctrl Pts',(70.7598909437658,-7.,6.53751701116562));
#7067=CARTESIAN_POINT('',(72.3642572462561,-8.,6.90859466791153));
#7068=CARTESIAN_POINT('Ctrl Pts',(72.3642572462561,-8.,6.90859466791153));
#7069=CARTESIAN_POINT('Ctrl Pts',(72.1427469655886,-8.,6.83580892004453));
#7070=CARTESIAN_POINT('Ctrl Pts',(71.6195584353175,-8.,6.66389514549438));
#7071=CARTESIAN_POINT('Ctrl Pts',(71.0742968459308,-8.,6.58373724367184));
#7072=CARTESIAN_POINT('Ctrl Pts',(70.7598909437658,-8.,6.53751701116562));
#7073=CARTESIAN_POINT('',(72.3642572462561,-7.,6.90859466791153));
#7074=CARTESIAN_POINT('',(72.3642572462561,-8.,6.90859466791153));
#7075=CARTESIAN_POINT('Ctrl Pts',(72.3642572462561,-7.,6.90859466791153));
#7076=CARTESIAN_POINT('Ctrl Pts',(72.1427469655886,-7.,6.83580892004453));
#7077=CARTESIAN_POINT('Ctrl Pts',(71.6195584353175,-7.,6.66389514549438));
#7078=CARTESIAN_POINT('Ctrl Pts',(71.0742968459308,-7.,6.58373724367184));
#7079=CARTESIAN_POINT('Ctrl Pts',(70.7598909437658,-7.,6.53751701116562));
#7080=CARTESIAN_POINT('Origin',(72.3642572462561,-8.,6.54843121767044));
#7081=CARTESIAN_POINT('',(72.3642572462561,-8.,3.27421560883522));
#7082=CARTESIAN_POINT('',(72.3642572462561,-7.,6.54843121767044));
#7083=CARTESIAN_POINT('Origin',(73.6684831678869,-8.,4.00000005960464));
#7084=CARTESIAN_POINT('',(73.6684831678869,-8.,4.00000005960464));
#7085=CARTESIAN_POINT('',(72.6425632536413,-8.,4.00000005960464));
#7086=CARTESIAN_POINT('',(31.8342415839435,-8.,4.00000005960464));
#7087=CARTESIAN_POINT('',(73.6684831678869,-7.,4.00000005960464));
#7088=CARTESIAN_POINT('',(73.6684831678869,-8.,4.00000005960464));
#7089=CARTESIAN_POINT('',(72.6425632536413,-7.,4.00000005960464));
#7090=CARTESIAN_POINT('',(73.6684831678869,-7.,4.00000005960464));
#7091=CARTESIAN_POINT('',(72.6425632536413,-8.,4.00000005960464));
#7092=CARTESIAN_POINT('Ctrl Pts',(73.4174617826941,-8.,4.69304233789444));
#7093=CARTESIAN_POINT('Ctrl Pts',(73.4174617826941,-7.,4.69304233789444));
#7094=CARTESIAN_POINT('Ctrl Pts',(73.4446033553121,-8.,4.57356718027314));
#7095=CARTESIAN_POINT('Ctrl Pts',(73.4446033553121,-7.,4.57356718027314));
#7096=CARTESIAN_POINT('Ctrl Pts',(73.4994493330991,-8.,4.33213931854913));
#7097=CARTESIAN_POINT('Ctrl Pts',(73.4994493330991,-7.,4.33213931854913));
#7098=CARTESIAN_POINT('Ctrl Pts',(73.6117543959717,-8.,4.1114679931602));
#7099=CARTESIAN_POINT('Ctrl Pts',(73.6117543959717,-7.,4.1114679931602));
#7100=CARTESIAN_POINT('Ctrl Pts',(73.6684831678869,-8.,4.00000005960464));
#7101=CARTESIAN_POINT('Ctrl Pts',(73.6684831678869,-7.,4.00000005960464));
#7102=CARTESIAN_POINT('',(73.4174617826941,-8.,4.69304233789444));
#7103=CARTESIAN_POINT('Ctrl Pts',(73.4174617826941,-8.,4.69304233789444));
#7104=CARTESIAN_POINT('Ctrl Pts',(73.4446033553121,-8.,4.57356718027314));
#7105=CARTESIAN_POINT('Ctrl Pts',(73.4994493330991,-8.,4.33213931854913));
#7106=CARTESIAN_POINT('Ctrl Pts',(73.6117543959717,-8.,4.1114679931602));
#7107=CARTESIAN_POINT('Ctrl Pts',(73.6684831678869,-8.,4.00000005960464));
#7108=CARTESIAN_POINT('',(73.4174617826941,-7.,4.69304233789444));
#7109=CARTESIAN_POINT('',(73.4174617826941,-8.,4.69304233789444));
#7110=CARTESIAN_POINT('Ctrl Pts',(73.4174617826941,-7.,4.69304233789444));
#7111=CARTESIAN_POINT('Ctrl Pts',(73.4446033553121,-7.,4.57356718027314));
#7112=CARTESIAN_POINT('Ctrl Pts',(73.4994493330991,-7.,4.33213931854913));
#7113=CARTESIAN_POINT('Ctrl Pts',(73.6117543959717,-7.,4.1114679931602));
#7114=CARTESIAN_POINT('Ctrl Pts',(73.6684831678869,-7.,4.00000005960464));
#7115=CARTESIAN_POINT('Ctrl Pts',(73.3574327528479,-8.,6.42837673425674));
#7116=CARTESIAN_POINT('Ctrl Pts',(73.3574327528479,-7.,6.42837673425674));
#7117=CARTESIAN_POINT('Ctrl Pts',(73.3553003280518,-8.,6.05517191290018));
#7118=CARTESIAN_POINT('Ctrl Pts',(73.3553003280518,-7.,6.05517191290018));
#7119=CARTESIAN_POINT('Ctrl Pts',(73.3519894461088,-8.,5.47572024533348));
#7120=CARTESIAN_POINT('Ctrl Pts',(73.3519894461088,-7.,5.47572024533348));
#7121=CARTESIAN_POINT('Ctrl Pts',(73.4002752121483,-8.,4.89849627114892));
#7122=CARTESIAN_POINT('Ctrl Pts',(73.4002752121483,-7.,4.89849627114892));
#7123=CARTESIAN_POINT('Ctrl Pts',(73.4174617826941,-8.,4.69304233789444));
#7124=CARTESIAN_POINT('Ctrl Pts',(73.4174617826941,-7.,4.69304233789444));
#7125=CARTESIAN_POINT('',(73.3574327528479,-8.,6.42837673425674));
#7126=CARTESIAN_POINT('Ctrl Pts',(73.3574327528479,-8.,6.42837673425674));
#7127=CARTESIAN_POINT('Ctrl Pts',(73.3553003280518,-8.,6.05517191290018));
#7128=CARTESIAN_POINT('Ctrl Pts',(73.3519894461088,-8.,5.47572024533348));
#7129=CARTESIAN_POINT('Ctrl Pts',(73.4002752121483,-8.,4.89849627114892));
#7130=CARTESIAN_POINT('Ctrl Pts',(73.4174617826941,-8.,4.69304233789444));
#7131=CARTESIAN_POINT('',(73.3574327528479,-7.,6.42837673425674));
#7132=CARTESIAN_POINT('',(73.3574327528479,-8.,6.42837673425674));
#7133=CARTESIAN_POINT('Ctrl Pts',(73.3574327528479,-7.,6.42837673425674));
#7134=CARTESIAN_POINT('Ctrl Pts',(73.3553003280518,-7.,6.05517191290018));
#7135=CARTESIAN_POINT('Ctrl Pts',(73.3519894461088,-7.,5.47572024533348));
#7136=CARTESIAN_POINT('Ctrl Pts',(73.4002752121483,-7.,4.89849627114892));
#7137=CARTESIAN_POINT('Ctrl Pts',(73.4174617826941,-7.,4.69304233789444));
#7138=CARTESIAN_POINT('Origin',(73.3574327528479,-8.,7.73806244134903));
#7139=CARTESIAN_POINT('',(73.3574327528479,-8.,7.73806244134903));
#7140=CARTESIAN_POINT('',(73.3574327528479,-8.,3.86903122067451));
#7141=CARTESIAN_POINT('',(73.3574327528479,-7.,7.73806244134903));
#7142=CARTESIAN_POINT('',(73.3574327528479,-8.,7.73806244134903));
#7143=CARTESIAN_POINT('',(73.3574327528479,-7.,7.73806244134903));
#7144=CARTESIAN_POINT('Ctrl Pts',(73.3083185255529,-8.,8.64392906427383));
#7145=CARTESIAN_POINT('Ctrl Pts',(73.3083185255529,-7.,8.64392906427383));
#7146=CARTESIAN_POINT('Ctrl Pts',(73.3224805739949,-8.,8.5267221153861));
#7147=CARTESIAN_POINT('Ctrl Pts',(73.3224805739949,-7.,8.5267221153861));
#7148=CARTESIAN_POINT('Ctrl Pts',(73.3588130089645,-8.,8.22603017340547));
#7149=CARTESIAN_POINT('Ctrl Pts',(73.3588130089645,-7.,8.22603017340547));
#7150=CARTESIAN_POINT('Ctrl Pts',(73.3579558184168,-8.,7.92298400505866));
#7151=CARTESIAN_POINT('Ctrl Pts',(73.3579558184168,-7.,7.92298400505866));
#7152=CARTESIAN_POINT('Ctrl Pts',(73.3574327528479,-8.,7.73806244134903));
#7153=CARTESIAN_POINT('Ctrl Pts',(73.3574327528479,-7.,7.73806244134903));
#7154=CARTESIAN_POINT('',(73.3083185255529,-8.,8.64392906427383));
#7155=CARTESIAN_POINT('Ctrl Pts',(73.3083185255529,-8.,8.64392906427383));
#7156=CARTESIAN_POINT('Ctrl Pts',(73.3224805739949,-8.,8.5267221153861));
#7157=CARTESIAN_POINT('Ctrl Pts',(73.3588130089645,-8.,8.22603017340547));
#7158=CARTESIAN_POINT('Ctrl Pts',(73.3579558184168,-8.,7.92298400505866));
#7159=CARTESIAN_POINT('Ctrl Pts',(73.3574327528479,-8.,7.73806244134903));
#7160=CARTESIAN_POINT('',(73.3083185255529,-7.,8.64392906427383));
#7161=CARTESIAN_POINT('',(73.3083185255529,-8.,8.64392906427383));
#7162=CARTESIAN_POINT('Ctrl Pts',(73.3083185255529,-7.,8.64392906427383));
#7163=CARTESIAN_POINT('Ctrl Pts',(73.3224805739949,-7.,8.5267221153861));
#7164=CARTESIAN_POINT('Ctrl Pts',(73.3588130089645,-7.,8.22603017340547));
#7165=CARTESIAN_POINT('Ctrl Pts',(73.3579558184168,-7.,7.92298400505866));
#7166=CARTESIAN_POINT('Ctrl Pts',(73.3574327528479,-7.,7.73806244134903));
#7167=CARTESIAN_POINT('Ctrl Pts',(73.0027278959753,-8.,9.3096861243248));
#7168=CARTESIAN_POINT('Ctrl Pts',(73.0027278959753,-7.,9.3096861243248));
#7169=CARTESIAN_POINT('Ctrl Pts',(73.0706650257667,-8.,9.21339042818431));
#7170=CARTESIAN_POINT('Ctrl Pts',(73.0706650257667,-7.,9.21339042818431));
#7171=CARTESIAN_POINT('Ctrl Pts',(73.213686732082,-8.,9.01066807569289));
#7172=CARTESIAN_POINT('Ctrl Pts',(73.213686732082,-7.,9.01066807569289));
#7173=CARTESIAN_POINT('Ctrl Pts',(73.2757408847534,-8.,8.77018147208499));
#7174=CARTESIAN_POINT('Ctrl Pts',(73.2757408847534,-7.,8.77018147208499));
#7175=CARTESIAN_POINT('Ctrl Pts',(73.3083185255529,-8.,8.64392906427383));
#7176=CARTESIAN_POINT('Ctrl Pts',(73.3083185255529,-7.,8.64392906427383));
#7177=CARTESIAN_POINT('',(73.0027278959753,-8.,9.3096861243248));
#7178=CARTESIAN_POINT('Ctrl Pts',(73.0027278959753,-8.,9.3096861243248));
#7179=CARTESIAN_POINT('Ctrl Pts',(73.0706650257667,-8.,9.21339042818431));
#7180=CARTESIAN_POINT('Ctrl Pts',(73.213686732082,-8.,9.01066807569289));
#7181=CARTESIAN_POINT('Ctrl Pts',(73.2757408847534,-8.,8.77018147208499));
#7182=CARTESIAN_POINT('Ctrl Pts',(73.3083185255529,-8.,8.64392906427383));
#7183=CARTESIAN_POINT('',(73.0027278959753,-7.,9.3096861243248));
#7184=CARTESIAN_POINT('',(73.0027278959753,-8.,9.3096861243248));
#7185=CARTESIAN_POINT('Ctrl Pts',(73.0027278959753,-7.,9.3096861243248));
#7186=CARTESIAN_POINT('Ctrl Pts',(73.0706650257667,-7.,9.21339042818431));
#7187=CARTESIAN_POINT('Ctrl Pts',(73.213686732082,-7.,9.01066807569289));
#7188=CARTESIAN_POINT('Ctrl Pts',(73.2757408847534,-7.,8.77018147208499));
#7189=CARTESIAN_POINT('Ctrl Pts',(73.3083185255529,-7.,8.64392906427383));
#7190=CARTESIAN_POINT('Ctrl Pts',(72.320598036051,-8.,9.75170522928238));
#7191=CARTESIAN_POINT('Ctrl Pts',(72.320598036051,-7.,9.75170522928238));
#7192=CARTESIAN_POINT('Ctrl Pts',(72.4606453302597,-8.,9.69462261803316));
#7193=CARTESIAN_POINT('Ctrl Pts',(72.4606453302597,-7.,9.69462261803316));
#7194=CARTESIAN_POINT('Ctrl Pts',(72.7166434691762,-8.,9.5902789937821));
#7195=CARTESIAN_POINT('Ctrl Pts',(72.7166434691762,-7.,9.5902789937821));
#7196=CARTESIAN_POINT('Ctrl Pts',(72.9135443455274,-8.,9.39715774453338));
#7197=CARTESIAN_POINT('Ctrl Pts',(72.9135443455274,-7.,9.39715774453338));
#7198=CARTESIAN_POINT('Ctrl Pts',(73.0027278959753,-8.,9.3096861243248));
#7199=CARTESIAN_POINT('Ctrl Pts',(73.0027278959753,-7.,9.3096861243248));
#7200=CARTESIAN_POINT('',(72.320598036051,-8.,9.75170522928238));
#7201=CARTESIAN_POINT('Ctrl Pts',(72.320598036051,-8.,9.75170522928238));
#7202=CARTESIAN_POINT('Ctrl Pts',(72.4606453302597,-8.,9.69462261803316));
#7203=CARTESIAN_POINT('Ctrl Pts',(72.7166434691762,-8.,9.5902789937821));
#7204=CARTESIAN_POINT('Ctrl Pts',(72.9135443455274,-8.,9.39715774453338));
#7205=CARTESIAN_POINT('Ctrl Pts',(73.0027278959753,-8.,9.3096861243248));
#7206=CARTESIAN_POINT('',(72.320598036051,-7.,9.75170522928238));
#7207=CARTESIAN_POINT('',(72.320598036051,-8.,9.75170522928238));
#7208=CARTESIAN_POINT('Ctrl Pts',(72.320598036051,-7.,9.75170522928238));
#7209=CARTESIAN_POINT('Ctrl Pts',(72.4606453302597,-7.,9.69462261803316));
#7210=CARTESIAN_POINT('Ctrl Pts',(72.7166434691762,-7.,9.5902789937821));
#7211=CARTESIAN_POINT('Ctrl Pts',(72.9135443455274,-7.,9.39715774453338));
#7212=CARTESIAN_POINT('Ctrl Pts',(73.0027278959753,-7.,9.3096861243248));
#7213=CARTESIAN_POINT('Ctrl Pts',(71.11460056901,-8.,9.92633014917374));
#7214=CARTESIAN_POINT('Ctrl Pts',(71.11460056901,-7.,9.92633014917374));
#7215=CARTESIAN_POINT('Ctrl Pts',(71.3404471402136,-8.,9.92252694344545));
#7216=CARTESIAN_POINT('Ctrl Pts',(71.3404471402136,-7.,9.92252694344545));
#7217=CARTESIAN_POINT('Ctrl Pts',(71.7503468815532,-8.,9.91562432351201));
#7218=CARTESIAN_POINT('Ctrl Pts',(71.7503468815532,-7.,9.91562432351201));
#7219=CARTESIAN_POINT('Ctrl Pts',(72.1438895281354,-8.,9.80250021379357));
#7220=CARTESIAN_POINT('Ctrl Pts',(72.1438895281354,-7.,9.80250021379357));
#7221=CARTESIAN_POINT('Ctrl Pts',(72.320598036051,-8.,9.75170522928238));
#7222=CARTESIAN_POINT('Ctrl Pts',(72.320598036051,-7.,9.75170522928238));
#7223=CARTESIAN_POINT('',(71.11460056901,-8.,9.92633014917374));
#7224=CARTESIAN_POINT('Ctrl Pts',(71.11460056901,-8.,9.92633014917374));
#7225=CARTESIAN_POINT('Ctrl Pts',(71.3404471402136,-8.,9.92252694344545));
#7226=CARTESIAN_POINT('Ctrl Pts',(71.7503468815532,-8.,9.91562432351201));
#7227=CARTESIAN_POINT('Ctrl Pts',(72.1438895281354,-8.,9.80250021379357));
#7228=CARTESIAN_POINT('Ctrl Pts',(72.320598036051,-8.,9.75170522928238));
#7229=CARTESIAN_POINT('',(71.11460056901,-7.,9.92633014917374));
#7230=CARTESIAN_POINT('',(71.11460056901,-8.,9.92633014917374));
#7231=CARTESIAN_POINT('Ctrl Pts',(71.11460056901,-7.,9.92633014917374));
#7232=CARTESIAN_POINT('Ctrl Pts',(71.3404471402136,-7.,9.92252694344545));
#7233=CARTESIAN_POINT('Ctrl Pts',(71.7503468815532,-7.,9.91562432351201));
#7234=CARTESIAN_POINT('Ctrl Pts',(72.1438895281354,-7.,9.80250021379357));
#7235=CARTESIAN_POINT('Ctrl Pts',(72.320598036051,-7.,9.75170522928238));
#7236=CARTESIAN_POINT('Ctrl Pts',(69.7994550764563,-8.,9.71896320581436));
#7237=CARTESIAN_POINT('Ctrl Pts',(69.7994550764563,-7.,9.71896320581436));
#7238=CARTESIAN_POINT('Ctrl Pts',(70.0022432286357,-8.,9.77939698179373));
#7239=CARTESIAN_POINT('Ctrl Pts',(70.0022432286357,-7.,9.77939698179373));
#7240=CARTESIAN_POINT('Ctrl Pts',(70.4310863527592,-8.,9.90719837953339));
#7241=CARTESIAN_POINT('Ctrl Pts',(70.4310863527592,-7.,9.90719837953339));
#7242=CARTESIAN_POINT('Ctrl Pts',(70.8786680049886,-8.,9.91972632534945));
#7243=CARTESIAN_POINT('Ctrl Pts',(70.8786680049886,-7.,9.91972632534945));
#7244=CARTESIAN_POINT('Ctrl Pts',(71.11460056901,-8.,9.92633014917374));
#7245=CARTESIAN_POINT('Ctrl Pts',(71.11460056901,-7.,9.92633014917374));
#7246=CARTESIAN_POINT('',(69.7994550764563,-8.,9.71896320581436));
#7247=CARTESIAN_POINT('Ctrl Pts',(69.7994550764563,-8.,9.71896320581436));
#7248=CARTESIAN_POINT('Ctrl Pts',(70.0022432286357,-8.,9.77939698179373));
#7249=CARTESIAN_POINT('Ctrl Pts',(70.4310863527592,-8.,9.90719837953339));
#7250=CARTESIAN_POINT('Ctrl Pts',(70.8786680049886,-8.,9.91972632534945));
#7251=CARTESIAN_POINT('Ctrl Pts',(71.11460056901,-8.,9.92633014917374));
#7252=CARTESIAN_POINT('',(69.7994550764563,-7.,9.71896320581436));
#7253=CARTESIAN_POINT('',(69.7994550764563,-8.,9.71896320581436));
#7254=CARTESIAN_POINT('Ctrl Pts',(69.7994550764563,-7.,9.71896320581436));
#7255=CARTESIAN_POINT('Ctrl Pts',(70.0022432286357,-7.,9.77939698179373));
#7256=CARTESIAN_POINT('Ctrl Pts',(70.4310863527592,-7.,9.90719837953339));
#7257=CARTESIAN_POINT('Ctrl Pts',(70.8786680049886,-7.,9.91972632534945));
#7258=CARTESIAN_POINT('Ctrl Pts',(71.11460056901,-7.,9.92633014917374));
#7259=CARTESIAN_POINT('Ctrl Pts',(68.9317878782751,-8.,9.13506120443344));
#7260=CARTESIAN_POINT('Ctrl Pts',(68.9317878782751,-7.,9.13506120443344));
#7261=CARTESIAN_POINT('Ctrl Pts',(69.0478395098525,-8.,9.25654925476875));
#7262=CARTESIAN_POINT('Ctrl Pts',(69.0478395098525,-7.,9.25654925476875));
#7263=CARTESIAN_POINT('Ctrl Pts',(69.2939281775456,-8.,9.51416590385237));
#7264=CARTESIAN_POINT('Ctrl Pts',(69.2939281775456,-7.,9.51416590385237));
#7265=CARTESIAN_POINT('Ctrl Pts',(69.6246804759825,-8.,9.6481591265346));
#7266=CARTESIAN_POINT('Ctrl Pts',(69.6246804759825,-7.,9.6481591265346));
#7267=CARTESIAN_POINT('Ctrl Pts',(69.7994550764563,-8.,9.71896320581436));
#7268=CARTESIAN_POINT('Ctrl Pts',(69.7994550764563,-7.,9.71896320581436));
#7269=CARTESIAN_POINT('',(68.9317878782751,-8.,9.13506120443344));
#7270=CARTESIAN_POINT('Ctrl Pts',(68.9317878782751,-8.,9.13506120443344));
#7271=CARTESIAN_POINT('Ctrl Pts',(69.0478395098525,-8.,9.25654925476875));
#7272=CARTESIAN_POINT('Ctrl Pts',(69.2939281775456,-8.,9.51416590385237));
#7273=CARTESIAN_POINT('Ctrl Pts',(69.6246804759825,-8.,9.6481591265346));
#7274=CARTESIAN_POINT('Ctrl Pts',(69.7994550764563,-8.,9.71896320581436));
#7275=CARTESIAN_POINT('',(68.9317878782751,-7.,9.13506120443344));
#7276=CARTESIAN_POINT('',(68.9317878782751,-8.,9.13506120443344));
#7277=CARTESIAN_POINT('Ctrl Pts',(68.9317878782751,-7.,9.13506120443344));
#7278=CARTESIAN_POINT('Ctrl Pts',(69.0478395098525,-7.,9.25654925476875));
#7279=CARTESIAN_POINT('Ctrl Pts',(69.2939281775456,-7.,9.51416590385237));
#7280=CARTESIAN_POINT('Ctrl Pts',(69.6246804759825,-7.,9.6481591265346));
#7281=CARTESIAN_POINT('Ctrl Pts',(69.7994550764563,-7.,9.71896320581436));
#7282=CARTESIAN_POINT('Ctrl Pts',(68.5006817877295,-8.,8.14188271760941));
#7283=CARTESIAN_POINT('Ctrl Pts',(68.5006817877295,-7.,8.14188271760941));
#7284=CARTESIAN_POINT('Ctrl Pts',(68.5474534301712,-8.,8.33229460500417));
#7285=CARTESIAN_POINT('Ctrl Pts',(68.5474534301712,-7.,8.33229460500417));
#7286=CARTESIAN_POINT('Ctrl Pts',(68.6349041385714,-8.,8.68831491071015));
#7287=CARTESIAN_POINT('Ctrl Pts',(68.6349041385714,-7.,8.68831491071015));
#7288=CARTESIAN_POINT('Ctrl Pts',(68.8375322433936,-8.,8.99322670858717));
#7289=CARTESIAN_POINT('Ctrl Pts',(68.8375322433936,-7.,8.99322670858717));
#7290=CARTESIAN_POINT('Ctrl Pts',(68.9317878782751,-8.,9.13506120443344));
#7291=CARTESIAN_POINT('Ctrl Pts',(68.9317878782751,-7.,9.13506120443344));
#7292=CARTESIAN_POINT('',(68.5006817877295,-8.,8.14188271760941));
#7293=CARTESIAN_POINT('Ctrl Pts',(68.5006817877295,-8.,8.14188271760941));
#7294=CARTESIAN_POINT('Ctrl Pts',(68.5474534301712,-8.,8.33229460500417));
#7295=CARTESIAN_POINT('Ctrl Pts',(68.6349041385714,-8.,8.68831491071015));
#7296=CARTESIAN_POINT('Ctrl Pts',(68.8375322433936,-8.,8.99322670858717));
#7297=CARTESIAN_POINT('Ctrl Pts',(68.9317878782751,-8.,9.13506120443344));
#7298=CARTESIAN_POINT('',(68.5006817877295,-7.,8.14188271760941));
#7299=CARTESIAN_POINT('',(68.5006817877295,-8.,8.14188271760941));
#7300=CARTESIAN_POINT('Ctrl Pts',(68.5006817877295,-7.,8.14188271760941));
#7301=CARTESIAN_POINT('Ctrl Pts',(68.5474534301712,-7.,8.33229460500417));
#7302=CARTESIAN_POINT('Ctrl Pts',(68.6349041385714,-7.,8.68831491071015));
#7303=CARTESIAN_POINT('Ctrl Pts',(68.8375322433936,-7.,8.99322670858717));
#7304=CARTESIAN_POINT('Ctrl Pts',(68.9317878782751,-7.,9.13506120443344));
#7305=CARTESIAN_POINT('Origin',(69.461117655039,-8.,8.01091402769089));
#7306=CARTESIAN_POINT('',(69.461117655039,-8.,8.01091402769089));
#7307=CARTESIAN_POINT('',(30.9920930667595,-8.,13.2566966189675));
#7308=CARTESIAN_POINT('',(69.461117655039,-7.,8.01091402769089));
#7309=CARTESIAN_POINT('',(69.461117655039,-8.,8.01091402769089));
#7310=CARTESIAN_POINT('',(69.461117655039,-7.,8.01091402769089));
#7311=CARTESIAN_POINT('Ctrl Pts',(69.9467929899695,-8.,8.86766701936722));
#7312=CARTESIAN_POINT('Ctrl Pts',(69.9467929899695,-7.,8.86766701936722));
#7313=CARTESIAN_POINT('Ctrl Pts',(69.8423907945077,-8.,8.76181730320313));
#7314=CARTESIAN_POINT('Ctrl Pts',(69.8423907945077,-7.,8.76181730320313));
#7315=CARTESIAN_POINT('Ctrl Pts',(69.6049891809959,-8.,8.52112415210629));
#7316=CARTESIAN_POINT('Ctrl Pts',(69.6049891809959,-7.,8.52112415210629));
#7317=CARTESIAN_POINT('Ctrl Pts',(69.5127774172852,-8.,8.19411451540107));
#7318=CARTESIAN_POINT('Ctrl Pts',(69.5127774172852,-7.,8.19411451540107));
#7319=CARTESIAN_POINT('Ctrl Pts',(69.461117655039,-8.,8.01091402769089));
#7320=CARTESIAN_POINT('Ctrl Pts',(69.461117655039,-7.,8.01091402769089));
#7321=CARTESIAN_POINT('',(69.9467929899695,-8.,8.86766701936722));
#7322=CARTESIAN_POINT('Ctrl Pts',(69.9467929899695,-8.,8.86766701936722));
#7323=CARTESIAN_POINT('Ctrl Pts',(69.8423907945077,-8.,8.76181730320313));
#7324=CARTESIAN_POINT('Ctrl Pts',(69.6049891809959,-8.,8.52112415210629));
#7325=CARTESIAN_POINT('Ctrl Pts',(69.5127774172852,-8.,8.19411451540107));
#7326=CARTESIAN_POINT('Ctrl Pts',(69.461117655039,-8.,8.01091402769089));
#7327=CARTESIAN_POINT('',(69.9467929899695,-7.,8.86766701936722));
#7328=CARTESIAN_POINT('',(69.9467929899695,-8.,8.86766701936722));
#7329=CARTESIAN_POINT('Ctrl Pts',(69.9467929899695,-7.,8.86766701936722));
#7330=CARTESIAN_POINT('Ctrl Pts',(69.8423907945077,-7.,8.76181730320313));
#7331=CARTESIAN_POINT('Ctrl Pts',(69.6049891809959,-7.,8.52112415210629));
#7332=CARTESIAN_POINT('Ctrl Pts',(69.5127774172852,-7.,8.19411451540107));
#7333=CARTESIAN_POINT('Ctrl Pts',(69.461117655039,-7.,8.01091402769089));
#7334=CARTESIAN_POINT('Ctrl Pts',(70.9727129042151,-8.,9.11323338747025));
#7335=CARTESIAN_POINT('Ctrl Pts',(70.9727129042151,-7.,9.11323338747025));
#7336=CARTESIAN_POINT('Ctrl Pts',(70.767237738643,-8.,9.10986252694126));
#7337=CARTESIAN_POINT('Ctrl Pts',(70.767237738643,-7.,9.10986252694126));
#7338=CARTESIAN_POINT('Ctrl Pts',(70.4053859457104,-8.,9.10392627706531));
#7339=CARTESIAN_POINT('Ctrl Pts',(70.4053859457104,-7.,9.10392627706531));
#7340=CARTESIAN_POINT('Ctrl Pts',(70.0851744776337,-8.,8.93895879815586));
#7341=CARTESIAN_POINT('Ctrl Pts',(70.0851744776337,-7.,8.93895879815586));
#7342=CARTESIAN_POINT('Ctrl Pts',(69.9467929899695,-8.,8.86766701936722));
#7343=CARTESIAN_POINT('Ctrl Pts',(69.9467929899695,-7.,8.86766701936722));
#7344=CARTESIAN_POINT('',(70.9727129042151,-8.,9.11323338747025));
#7345=CARTESIAN_POINT('Ctrl Pts',(70.9727129042151,-8.,9.11323338747025));
#7346=CARTESIAN_POINT('Ctrl Pts',(70.767237738643,-8.,9.10986252694126));
#7347=CARTESIAN_POINT('Ctrl Pts',(70.4053859457104,-8.,9.10392627706531));
#7348=CARTESIAN_POINT('Ctrl Pts',(70.0851744776337,-8.,8.93895879815586));
#7349=CARTESIAN_POINT('Ctrl Pts',(69.9467929899695,-8.,8.86766701936722));
#7350=CARTESIAN_POINT('',(70.9727129042151,-7.,9.11323338747025));
#7351=CARTESIAN_POINT('',(70.9727129042151,-8.,9.11323338747025));
#7352=CARTESIAN_POINT('Ctrl Pts',(70.9727129042151,-7.,9.11323338747025));
#7353=CARTESIAN_POINT('Ctrl Pts',(70.767237738643,-7.,9.10986252694126));
#7354=CARTESIAN_POINT('Ctrl Pts',(70.4053859457104,-7.,9.10392627706531));
#7355=CARTESIAN_POINT('Ctrl Pts',(70.0851744776337,-7.,8.93895879815586));
#7356=CARTESIAN_POINT('Ctrl Pts',(69.9467929899695,-7.,8.86766701936722));
#7357=CARTESIAN_POINT('Ctrl Pts',(72.0914014875891,-8.,8.78035455942154));
#7358=CARTESIAN_POINT('Ctrl Pts',(72.0914014875891,-7.,8.78035455942154));
#7359=CARTESIAN_POINT('Ctrl Pts',(71.9397542512522,-8.,8.87716263241944));
#7360=CARTESIAN_POINT('Ctrl Pts',(71.9397542512522,-7.,8.87716263241944));
#7361=CARTESIAN_POINT('Ctrl Pts',(71.6005262534533,-8.,9.09371790613958));
#7362=CARTESIAN_POINT('Ctrl Pts',(71.6005262534533,-7.,9.09371790613958));
#7363=CARTESIAN_POINT('Ctrl Pts',(71.1962583636173,-8.,9.10628451127191));
#7364=CARTESIAN_POINT('Ctrl Pts',(71.1962583636173,-7.,9.10628451127191));
#7365=CARTESIAN_POINT('Ctrl Pts',(70.9727129042151,-8.,9.11323338747025));
#7366=CARTESIAN_POINT('Ctrl Pts',(70.9727129042151,-7.,9.11323338747025));
#7367=CARTESIAN_POINT('',(72.0914014875891,-8.,8.78035455942154));
#7368=CARTESIAN_POINT('Ctrl Pts',(72.0914014875891,-8.,8.78035455942154));
#7369=CARTESIAN_POINT('Ctrl Pts',(71.9397542512522,-8.,8.87716263241944));
#7370=CARTESIAN_POINT('Ctrl Pts',(71.6005262534533,-8.,9.09371790613958));
#7371=CARTESIAN_POINT('Ctrl Pts',(71.1962583636173,-8.,9.10628451127191));
#7372=CARTESIAN_POINT('Ctrl Pts',(70.9727129042151,-8.,9.11323338747025));
#7373=CARTESIAN_POINT('',(72.0914014875891,-7.,8.78035455942154));
#7374=CARTESIAN_POINT('',(72.0914014875891,-8.,8.78035455942154));
#7375=CARTESIAN_POINT('Ctrl Pts',(72.0914014875891,-7.,8.78035455942154));
#7376=CARTESIAN_POINT('Ctrl Pts',(71.9397542512522,-7.,8.87716263241944));
#7377=CARTESIAN_POINT('Ctrl Pts',(71.6005262534533,-7.,9.09371790613958));
#7378=CARTESIAN_POINT('Ctrl Pts',(71.1962583636173,-7.,9.10628451127191));
#7379=CARTESIAN_POINT('Ctrl Pts',(70.9727129042151,-7.,9.11323338747025));
#7380=CARTESIAN_POINT('Ctrl Pts',(72.3697122633459,-8.,7.93451577425003));
#7381=CARTESIAN_POINT('Ctrl Pts',(72.3697122633459,-7.,7.93451577425003));
#7382=CARTESIAN_POINT('Ctrl Pts',(72.3657922195747,-8.,8.11201124781018));
#7383=CARTESIAN_POINT('Ctrl Pts',(72.3657922195747,-7.,8.11201124781018));
#7384=CARTESIAN_POINT('Ctrl Pts',(72.3588802514943,-8.,8.42497791840822));
#7385=CARTESIAN_POINT('Ctrl Pts',(72.3588802514943,-7.,8.42497791840822));
#7386=CARTESIAN_POINT('Ctrl Pts',(72.1722056991502,-8.,8.67299676822701));
#7387=CARTESIAN_POINT('Ctrl Pts',(72.1722056991502,-7.,8.67299676822701));
#7388=CARTESIAN_POINT('Ctrl Pts',(72.0914014875891,-8.,8.78035455942154));
#7389=CARTESIAN_POINT('Ctrl Pts',(72.0914014875891,-7.,8.78035455942154));
#7390=CARTESIAN_POINT('',(72.3697122633459,-8.,7.93451577425003));
#7391=CARTESIAN_POINT('Ctrl Pts',(72.3697122633459,-8.,7.93451577425003));
#7392=CARTESIAN_POINT('Ctrl Pts',(72.3657922195747,-8.,8.11201124781018));
#7393=CARTESIAN_POINT('Ctrl Pts',(72.3588802514943,-8.,8.42497791840822));
#7394=CARTESIAN_POINT('Ctrl Pts',(72.1722056991502,-8.,8.67299676822701));
#7395=CARTESIAN_POINT('Ctrl Pts',(72.0914014875891,-8.,8.78035455942154));
#7396=CARTESIAN_POINT('',(72.3697122633459,-7.,7.93451577425003));
#7397=CARTESIAN_POINT('',(72.3697122633459,-8.,7.93451577425003));
#7398=CARTESIAN_POINT('Ctrl Pts',(72.3697122633459,-7.,7.93451577425003));
#7399=CARTESIAN_POINT('Ctrl Pts',(72.3657922195747,-7.,8.11201124781018));
#7400=CARTESIAN_POINT('Ctrl Pts',(72.3588802514943,-7.,8.42497791840822));
#7401=CARTESIAN_POINT('Ctrl Pts',(72.1722056991502,-7.,8.67299676822701));
#7402=CARTESIAN_POINT('Ctrl Pts',(72.0914014875891,-7.,8.78035455942154));
#7403=CARTESIAN_POINT('Ctrl Pts',(72.3642572462561,-8.,7.67803579568863));
#7404=CARTESIAN_POINT('Ctrl Pts',(72.3642572462561,-7.,7.67803579568863));
#7405=CARTESIAN_POINT('Ctrl Pts',(72.3657956340824,-8.,7.73305735016706));
#7406=CARTESIAN_POINT('Ctrl Pts',(72.3657956340824,-7.,7.73305735016706));
#7407=CARTESIAN_POINT('Ctrl Pts',(72.3681856871014,-8.,7.81853932691264));
#7408=CARTESIAN_POINT('Ctrl Pts',(72.3681856871014,-7.,7.81853932691264));
#7409=CARTESIAN_POINT('Ctrl Pts',(72.3693112007715,-8.,7.90404640679669));
#7410=CARTESIAN_POINT('Ctrl Pts',(72.3693112007715,-7.,7.90404640679669));
#7411=CARTESIAN_POINT('Ctrl Pts',(72.3697122633459,-8.,7.93451577425003));
#7412=CARTESIAN_POINT('Ctrl Pts',(72.3697122633459,-7.,7.93451577425003));
#7413=CARTESIAN_POINT('',(72.3642572462561,-8.,7.67803579568863));
#7414=CARTESIAN_POINT('Ctrl Pts',(72.3642572462561,-8.,7.67803579568863));
#7415=CARTESIAN_POINT('Ctrl Pts',(72.3657956340824,-8.,7.73305735016706));
#7416=CARTESIAN_POINT('Ctrl Pts',(72.3681856871014,-8.,7.81853932691264));
#7417=CARTESIAN_POINT('Ctrl Pts',(72.3693112007715,-8.,7.90404640679669));
#7418=CARTESIAN_POINT('Ctrl Pts',(72.3697122633459,-8.,7.93451577425003));
#7419=CARTESIAN_POINT('',(72.3642572462561,-7.,7.67803579568863));
#7420=CARTESIAN_POINT('',(72.3642572462561,-8.,7.67803579568863));
#7421=CARTESIAN_POINT('Ctrl Pts',(72.3642572462561,-7.,7.67803579568863));
#7422=CARTESIAN_POINT('Ctrl Pts',(72.3657956340824,-7.,7.73305735016706));
#7423=CARTESIAN_POINT('Ctrl Pts',(72.3681856871014,-7.,7.81853932691264));
#7424=CARTESIAN_POINT('Ctrl Pts',(72.3693112007715,-7.,7.90404640679669));
#7425=CARTESIAN_POINT('Ctrl Pts',(72.3697122633459,-7.,7.93451577425003));
#7426=CARTESIAN_POINT('Ctrl Pts',(70.6125482618811,-8.,7.33969956636429));
#7427=CARTESIAN_POINT('Ctrl Pts',(70.6125482618811,-7.,7.33969956636429));
#7428=CARTESIAN_POINT('Ctrl Pts',(70.9587998911986,-8.,7.38161705293624));
#7429=CARTESIAN_POINT('Ctrl Pts',(70.9587998911986,-7.,7.38161705293624));
#7430=CARTESIAN_POINT('Ctrl Pts',(71.550998727059,-8.,7.45330909608715));
#7431=CARTESIAN_POINT('Ctrl Pts',(71.550998727059,-7.,7.45330909608715));
#7432=CARTESIAN_POINT('Ctrl Pts',(72.1256130829785,-8.,7.61209155541743));
#7433=CARTESIAN_POINT('Ctrl Pts',(72.1256130829785,-7.,7.61209155541743));
#7434=CARTESIAN_POINT('Ctrl Pts',(72.3642572462561,-8.,7.67803579568863));
#7435=CARTESIAN_POINT('Ctrl Pts',(72.3642572462561,-7.,7.67803579568863));
#7436=CARTESIAN_POINT('',(70.6125482618811,-8.,7.33969956636429));
#7437=CARTESIAN_POINT('Ctrl Pts',(70.6125482618811,-8.,7.33969956636429));
#7438=CARTESIAN_POINT('Ctrl Pts',(70.9587998911986,-8.,7.38161705293624));
#7439=CARTESIAN_POINT('Ctrl Pts',(71.550998727059,-8.,7.45330909608715));
#7440=CARTESIAN_POINT('Ctrl Pts',(72.1256130829785,-8.,7.61209155541743));
#7441=CARTESIAN_POINT('Ctrl Pts',(72.3642572462561,-8.,7.67803579568863));
#7442=CARTESIAN_POINT('',(70.6125482618811,-7.,7.33969956636429));
#7443=CARTESIAN_POINT('',(70.6125482618811,-8.,7.33969956636429));
#7444=CARTESIAN_POINT('Ctrl Pts',(70.6125482618811,-7.,7.33969956636429));
#7445=CARTESIAN_POINT('Ctrl Pts',(70.9587998911986,-7.,7.38161705293624));
#7446=CARTESIAN_POINT('Ctrl Pts',(71.550998727059,-7.,7.45330909608715));
#7447=CARTESIAN_POINT('Ctrl Pts',(72.1256130829785,-7.,7.61209155541743));
#7448=CARTESIAN_POINT('Ctrl Pts',(72.3642572462561,-7.,7.67803579568863));
#7449=CARTESIAN_POINT('Ctrl Pts',(69.7394260466101,-8.,7.19236046075821));
#7450=CARTESIAN_POINT('Ctrl Pts',(69.7394260466101,-7.,7.19236046075821));
#7451=CARTESIAN_POINT('Ctrl Pts',(69.860110513339,-8.,7.21897801051267));
#7452=CARTESIAN_POINT('Ctrl Pts',(69.860110513339,-7.,7.21897801051267));
#7453=CARTESIAN_POINT('Ctrl Pts',(70.1486239005986,-8.,7.28261105002773));
#7454=CARTESIAN_POINT('Ctrl Pts',(70.1486239005986,-7.,7.28261105002773));
#7455=CARTESIAN_POINT('Ctrl Pts',(70.441930891033,-8.,7.31870413397087));
#7456=CARTESIAN_POINT('Ctrl Pts',(70.441930891033,-7.,7.31870413397087));
#7457=CARTESIAN_POINT('Ctrl Pts',(70.6125482618811,-8.,7.33969956636429));
#7458=CARTESIAN_POINT('Ctrl Pts',(70.6125482618811,-7.,7.33969956636429));
#7459=CARTESIAN_POINT('',(69.7394260466101,-8.,7.19236046075821));
#7460=CARTESIAN_POINT('Ctrl Pts',(69.7394260466101,-8.,7.19236046075821));
#7461=CARTESIAN_POINT('Ctrl Pts',(69.860110513339,-8.,7.21897801051267));
#7462=CARTESIAN_POINT('Ctrl Pts',(70.1486239005986,-8.,7.28261105002773));
#7463=CARTESIAN_POINT('Ctrl Pts',(70.441930891033,-8.,7.31870413397087));
#7464=CARTESIAN_POINT('Ctrl Pts',(70.6125482618811,-8.,7.33969956636429));
#7465=CARTESIAN_POINT('',(69.7394260466101,-7.,7.19236046075821));
#7466=CARTESIAN_POINT('',(69.7394260466101,-8.,7.19236046075821));
#7467=CARTESIAN_POINT('Ctrl Pts',(69.7394260466101,-7.,7.19236046075821));
#7468=CARTESIAN_POINT('Ctrl Pts',(69.860110513339,-7.,7.21897801051267));
#7469=CARTESIAN_POINT('Ctrl Pts',(70.1486239005986,-7.,7.28261105002773));
#7470=CARTESIAN_POINT('Ctrl Pts',(70.441930891033,-7.,7.31870413397087));
#7471=CARTESIAN_POINT('Ctrl Pts',(70.6125482618811,-7.,7.33969956636429));
#7472=CARTESIAN_POINT('Ctrl Pts',(69.0300139486792,-8.,6.87039524316788));
#7473=CARTESIAN_POINT('Ctrl Pts',(69.0300139486792,-7.,6.87039524316788));
#7474=CARTESIAN_POINT('Ctrl Pts',(69.1397791218286,-8.,6.93731365111798));
#7475=CARTESIAN_POINT('Ctrl Pts',(69.1397791218286,-7.,6.93731365111798));
#7476=CARTESIAN_POINT('Ctrl Pts',(69.363115079961,-8.,7.0734705607043));
#7477=CARTESIAN_POINT('Ctrl Pts',(69.363115079961,-7.,7.0734705607043));
#7478=CARTESIAN_POINT('Ctrl Pts',(69.6125721537944,-8.,7.15228284417264));
#7479=CARTESIAN_POINT('Ctrl Pts',(69.6125721537944,-7.,7.15228284417264));
#7480=CARTESIAN_POINT('Ctrl Pts',(69.7394260466101,-8.,7.19236046075821));
#7481=CARTESIAN_POINT('Ctrl Pts',(69.7394260466101,-7.,7.19236046075821));
#7482=CARTESIAN_POINT('',(69.0300139486792,-8.,6.87039524316788));
#7483=CARTESIAN_POINT('Ctrl Pts',(69.0300139486792,-8.,6.87039524316788));
#7484=CARTESIAN_POINT('Ctrl Pts',(69.1397791218286,-8.,6.93731365111798));
#7485=CARTESIAN_POINT('Ctrl Pts',(69.363115079961,-8.,7.0734705607043));
#7486=CARTESIAN_POINT('Ctrl Pts',(69.6125721537944,-8.,7.15228284417264));
#7487=CARTESIAN_POINT('Ctrl Pts',(69.7394260466101,-8.,7.19236046075821));
#7488=CARTESIAN_POINT('',(69.0300139486792,-7.,6.87039524316788));
#7489=CARTESIAN_POINT('',(69.0300139486792,-8.,6.87039524316788));
#7490=CARTESIAN_POINT('Ctrl Pts',(69.0300139486792,-7.,6.87039524316788));
#7491=CARTESIAN_POINT('Ctrl Pts',(69.1397791218286,-7.,6.93731365111798));
#7492=CARTESIAN_POINT('Ctrl Pts',(69.363115079961,-7.,7.0734705607043));
#7493=CARTESIAN_POINT('Ctrl Pts',(69.6125721537944,-7.,7.15228284417264));
#7494=CARTESIAN_POINT('Ctrl Pts',(69.7394260466101,-7.,7.19236046075821));
#7495=CARTESIAN_POINT('Ctrl Pts',(68.5225090086462,-8.,6.30286484956741));
#7496=CARTESIAN_POINT('Ctrl Pts',(68.5225090086462,-7.,6.30286484956741));
#7497=CARTESIAN_POINT('Ctrl Pts',(68.5917473753337,-8.,6.41448325792701));
#7498=CARTESIAN_POINT('Ctrl Pts',(68.5917473753337,-7.,6.41448325792701));
#7499=CARTESIAN_POINT('Ctrl Pts',(68.7276388222683,-8.,6.6335523628497));
#7500=CARTESIAN_POINT('Ctrl Pts',(68.7276388222683,-7.,6.6335523628497));
#7501=CARTESIAN_POINT('Ctrl Pts',(68.9305087492752,-8.,6.79245530705865));
#7502=CARTESIAN_POINT('Ctrl Pts',(68.9305087492752,-7.,6.79245530705865));
#7503=CARTESIAN_POINT('Ctrl Pts',(69.0300139486792,-8.,6.87039524316788));
#7504=CARTESIAN_POINT('Ctrl Pts',(69.0300139486792,-7.,6.87039524316788));
#7505=CARTESIAN_POINT('',(68.5225090086462,-8.,6.30286484956741));
#7506=CARTESIAN_POINT('Ctrl Pts',(68.5225090086462,-8.,6.30286484956741));
#7507=CARTESIAN_POINT('Ctrl Pts',(68.5917473753337,-8.,6.41448325792701));
#7508=CARTESIAN_POINT('Ctrl Pts',(68.7276388222683,-8.,6.6335523628497));
#7509=CARTESIAN_POINT('Ctrl Pts',(68.9305087492752,-8.,6.79245530705865));
#7510=CARTESIAN_POINT('Ctrl Pts',(69.0300139486792,-8.,6.87039524316788));
#7511=CARTESIAN_POINT('',(68.5225090086462,-7.,6.30286484956741));
#7512=CARTESIAN_POINT('',(68.5225090086462,-8.,6.30286484956741));
#7513=CARTESIAN_POINT('Ctrl Pts',(68.5225090086462,-7.,6.30286484956741));
#7514=CARTESIAN_POINT('Ctrl Pts',(68.5917473753337,-7.,6.41448325792701));
#7515=CARTESIAN_POINT('Ctrl Pts',(68.7276388222683,-7.,6.6335523628497));
#7516=CARTESIAN_POINT('Ctrl Pts',(68.9305087492752,-7.,6.79245530705865));
#7517=CARTESIAN_POINT('Ctrl Pts',(69.0300139486792,-7.,6.87039524316788));
#7518=CARTESIAN_POINT('Ctrl Pts',(68.3315142691137,-8.,5.52796751260757));
#7519=CARTESIAN_POINT('Ctrl Pts',(68.3315142691137,-7.,5.52796751260757));
#7520=CARTESIAN_POINT('Ctrl Pts',(68.3388984817188,-8.,5.66560663059079));
#7521=CARTESIAN_POINT('Ctrl Pts',(68.3388984817188,-7.,5.66560663059079));
#7522=CARTESIAN_POINT('Ctrl Pts',(68.3534122036833,-8.,5.93613728791055));
#7523=CARTESIAN_POINT('Ctrl Pts',(68.3534122036833,-7.,5.93613728791055));
#7524=CARTESIAN_POINT('Ctrl Pts',(68.4668067322354,-8.,6.1820609111881));
#7525=CARTESIAN_POINT('Ctrl Pts',(68.4668067322354,-7.,6.1820609111881));
#7526=CARTESIAN_POINT('Ctrl Pts',(68.5225090086462,-8.,6.30286484956741));
#7527=CARTESIAN_POINT('Ctrl Pts',(68.5225090086462,-7.,6.30286484956741));
#7528=CARTESIAN_POINT('',(68.3315142691137,-8.,5.52796751260757));
#7529=CARTESIAN_POINT('Ctrl Pts',(68.3315142691137,-8.,5.52796751260757));
#7530=CARTESIAN_POINT('Ctrl Pts',(68.3388984817188,-8.,5.66560663059079));
#7531=CARTESIAN_POINT('Ctrl Pts',(68.3534122036833,-8.,5.93613728791055));
#7532=CARTESIAN_POINT('Ctrl Pts',(68.4668067322354,-8.,6.1820609111881));
#7533=CARTESIAN_POINT('Ctrl Pts',(68.5225090086462,-8.,6.30286484956741));
#7534=CARTESIAN_POINT('',(68.3315142691137,-7.,5.52796751260757));
#7535=CARTESIAN_POINT('',(68.3315142691137,-8.,5.52796751260757));
#7536=CARTESIAN_POINT('Ctrl Pts',(68.3315142691137,-7.,5.52796751260757));
#7537=CARTESIAN_POINT('Ctrl Pts',(68.3388984817188,-7.,5.66560663059079));
#7538=CARTESIAN_POINT('Ctrl Pts',(68.3534122036833,-7.,5.93613728791055));
#7539=CARTESIAN_POINT('Ctrl Pts',(68.4668067322354,-7.,6.1820609111881));
#7540=CARTESIAN_POINT('Ctrl Pts',(68.5225090086462,-7.,6.30286484956741));
#7541=CARTESIAN_POINT('Ctrl Pts',(68.8444742262365,-8.,4.33287888765335));
#7542=CARTESIAN_POINT('Ctrl Pts',(68.8444742262365,-7.,4.33287888765335));
#7543=CARTESIAN_POINT('Ctrl Pts',(68.6948675220026,-8.,4.5014474845318));
#7544=CARTESIAN_POINT('Ctrl Pts',(68.6948675220026,-7.,4.5014474845318));
#7545=CARTESIAN_POINT('Ctrl Pts',(68.3919480872949,-8.,4.84276042459939));
#7546=CARTESIAN_POINT('Ctrl Pts',(68.3919480872949,-7.,4.84276042459939));
#7547=CARTESIAN_POINT('Ctrl Pts',(68.3518225121212,-8.,5.29770981133228));
#7548=CARTESIAN_POINT('Ctrl Pts',(68.3518225121212,-7.,5.29770981133228));
#7549=CARTESIAN_POINT('Ctrl Pts',(68.3315142691137,-8.,5.52796751260757));
#7550=CARTESIAN_POINT('Ctrl Pts',(68.3315142691137,-7.,5.52796751260757));
#7551=CARTESIAN_POINT('',(68.8444742262365,-8.,4.33287888765335));
#7552=CARTESIAN_POINT('Ctrl Pts',(68.8444742262365,-8.,4.33287888765335));
#7553=CARTESIAN_POINT('Ctrl Pts',(68.6948675220026,-8.,4.5014474845318));
#7554=CARTESIAN_POINT('Ctrl Pts',(68.3919480872949,-8.,4.84276042459939));
#7555=CARTESIAN_POINT('Ctrl Pts',(68.3518225121212,-8.,5.29770981133228));
#7556=CARTESIAN_POINT('Ctrl Pts',(68.3315142691137,-8.,5.52796751260757));
#7557=CARTESIAN_POINT('',(68.8444742262365,-7.,4.33287888765335));
#7558=CARTESIAN_POINT('',(68.8444742262365,-8.,4.33287888765335));
#7559=CARTESIAN_POINT('Ctrl Pts',(68.8444742262365,-7.,4.33287888765335));
#7560=CARTESIAN_POINT('Ctrl Pts',(68.6948675220026,-7.,4.5014474845318));
#7561=CARTESIAN_POINT('Ctrl Pts',(68.3919480872949,-7.,4.84276042459939));
#7562=CARTESIAN_POINT('Ctrl Pts',(68.3518225121212,-7.,5.29770981133228));
#7563=CARTESIAN_POINT('Ctrl Pts',(68.3315142691137,-7.,5.52796751260757));
#7564=CARTESIAN_POINT('Ctrl Pts',(70.3124174177649,-8.,3.86903196573257));
#7565=CARTESIAN_POINT('Ctrl Pts',(70.3124174177649,-7.,3.86903196573257));
#7566=CARTESIAN_POINT('Ctrl Pts',(70.0218452491554,-8.,3.8805324469171));
#7567=CARTESIAN_POINT('Ctrl Pts',(70.0218452491554,-7.,3.8805324469171));
#7568=CARTESIAN_POINT('Ctrl Pts',(69.4878945141412,-8.,3.90166554583322));
#7569=CARTESIAN_POINT('Ctrl Pts',(69.4878945141412,-7.,3.90166554583322));
#7570=CARTESIAN_POINT('Ctrl Pts',(69.0459264382914,-8.,4.19786778649559));
#7571=CARTESIAN_POINT('Ctrl Pts',(69.0459264382914,-7.,4.19786778649559));
#7572=CARTESIAN_POINT('Ctrl Pts',(68.8444742262365,-8.,4.33287888765335));
#7573=CARTESIAN_POINT('Ctrl Pts',(68.8444742262365,-7.,4.33287888765335));
#7574=CARTESIAN_POINT('',(70.3124174177649,-8.,3.86903196573257));
#7575=CARTESIAN_POINT('Ctrl Pts',(70.3124174177649,-8.,3.86903196573257));
#7576=CARTESIAN_POINT('Ctrl Pts',(70.0218452491554,-8.,3.8805324469171));
#7577=CARTESIAN_POINT('Ctrl Pts',(69.4878945141412,-8.,3.90166554583322));
#7578=CARTESIAN_POINT('Ctrl Pts',(69.0459264382914,-8.,4.19786778649559));
#7579=CARTESIAN_POINT('Ctrl Pts',(68.8444742262365,-8.,4.33287888765335));
#7580=CARTESIAN_POINT('',(70.3124174177649,-7.,3.86903196573257));
#7581=CARTESIAN_POINT('',(70.3124174177649,-8.,3.86903196573257));
#7582=CARTESIAN_POINT('Ctrl Pts',(70.3124174177649,-7.,3.86903196573257));
#7583=CARTESIAN_POINT('Ctrl Pts',(70.0218452491554,-7.,3.8805324469171));
#7584=CARTESIAN_POINT('Ctrl Pts',(69.4878945141412,-7.,3.90166554583322));
#7585=CARTESIAN_POINT('Ctrl Pts',(69.0459264382914,-7.,4.19786778649559));
#7586=CARTESIAN_POINT('Ctrl Pts',(68.8444742262365,-7.,4.33287888765335));
#7587=CARTESIAN_POINT('Ctrl Pts',(71.3929065763952,-8.,4.06002789735794));
#7588=CARTESIAN_POINT('Ctrl Pts',(71.3929065763952,-7.,4.06002789735794));
#7589=CARTESIAN_POINT('Ctrl Pts',(71.2206116551539,-8.,4.00432652046925));
#7590=CARTESIAN_POINT('Ctrl Pts',(71.2206116551539,-7.,4.00432652046925));
#7591=CARTESIAN_POINT('Ctrl Pts',(70.86935754074,-8.,3.89076926834772));
#7592=CARTESIAN_POINT('Ctrl Pts',(70.86935754074,-7.,3.89076926834772));
#7593=CARTESIAN_POINT('Ctrl Pts',(70.5003975261985,-8.,3.87636880560832));
#7594=CARTESIAN_POINT('Ctrl Pts',(70.5003975261985,-7.,3.87636880560832));
#7595=CARTESIAN_POINT('Ctrl Pts',(70.3124174177649,-8.,3.86903196573257));
#7596=CARTESIAN_POINT('Ctrl Pts',(70.3124174177649,-7.,3.86903196573257));
#7597=CARTESIAN_POINT('',(71.3929065763952,-8.,4.06002789735794));
#7598=CARTESIAN_POINT('Ctrl Pts',(71.3929065763952,-8.,4.06002789735794));
#7599=CARTESIAN_POINT('Ctrl Pts',(71.2206116551539,-8.,4.00432652046925));
#7600=CARTESIAN_POINT('Ctrl Pts',(70.86935754074,-8.,3.89076926834772));
#7601=CARTESIAN_POINT('Ctrl Pts',(70.5003975261985,-8.,3.87636880560832));
#7602=CARTESIAN_POINT('Ctrl Pts',(70.3124174177649,-8.,3.86903196573257));
#7603=CARTESIAN_POINT('',(71.3929065763952,-7.,4.06002789735794));
#7604=CARTESIAN_POINT('',(71.3929065763952,-8.,4.06002789735794));
#7605=CARTESIAN_POINT('Ctrl Pts',(71.3929065763952,-7.,4.06002789735794));
#7606=CARTESIAN_POINT('Ctrl Pts',(71.2206116551539,-7.,4.00432652046925));
#7607=CARTESIAN_POINT('Ctrl Pts',(70.86935754074,-7.,3.89076926834772));
#7608=CARTESIAN_POINT('Ctrl Pts',(70.5003975261985,-7.,3.87636880560832));
#7609=CARTESIAN_POINT('Ctrl Pts',(70.3124174177649,-7.,3.86903196573257));
#7610=CARTESIAN_POINT('Ctrl Pts',(72.4461111128332,-8.,4.71487075090408));
#7611=CARTESIAN_POINT('Ctrl Pts',(72.4461111128332,-7.,4.71487075090408));
#7612=CARTESIAN_POINT('Ctrl Pts',(72.2727036879519,-8.,4.57433671369404));
#7613=CARTESIAN_POINT('Ctrl Pts',(72.2727036879519,-7.,4.57433671369404));
#7614=CARTESIAN_POINT('Ctrl Pts',(71.9487729487232,-8.,4.31181453742978));
#7615=CARTESIAN_POINT('Ctrl Pts',(71.9487729487232,-7.,4.31181453742978));
#7616=CARTESIAN_POINT('Ctrl Pts',(71.5692584234632,-8.,4.13990867672179));
#7617=CARTESIAN_POINT('Ctrl Pts',(71.5692584234632,-7.,4.13990867672179));
#7618=CARTESIAN_POINT('Ctrl Pts',(71.3929065763952,-8.,4.06002789735794));
#7619=CARTESIAN_POINT('Ctrl Pts',(71.3929065763952,-7.,4.06002789735794));
#7620=CARTESIAN_POINT('',(72.4461111128332,-8.,4.71487075090408));
#7621=CARTESIAN_POINT('Ctrl Pts',(72.4461111128332,-8.,4.71487075090408));
#7622=CARTESIAN_POINT('Ctrl Pts',(72.2727036879519,-8.,4.57433671369404));
#7623=CARTESIAN_POINT('Ctrl Pts',(71.9487729487232,-8.,4.31181453742978));
#7624=CARTESIAN_POINT('Ctrl Pts',(71.5692584234632,-8.,4.13990867672179));
#7625=CARTESIAN_POINT('Ctrl Pts',(71.3929065763952,-8.,4.06002789735794));
#7626=CARTESIAN_POINT('',(72.4461111128332,-7.,4.71487075090408));
#7627=CARTESIAN_POINT('',(72.4461111128332,-8.,4.71487075090408));
#7628=CARTESIAN_POINT('Ctrl Pts',(72.4461111128332,-7.,4.71487075090408));
#7629=CARTESIAN_POINT('Ctrl Pts',(72.2727036879519,-7.,4.57433671369404));
#7630=CARTESIAN_POINT('Ctrl Pts',(71.9487729487232,-7.,4.31181453742978));
#7631=CARTESIAN_POINT('Ctrl Pts',(71.5692584234632,-7.,4.13990867672179));
#7632=CARTESIAN_POINT('Ctrl Pts',(71.3929065763952,-7.,4.06002789735794));
#7633=CARTESIAN_POINT('Ctrl Pts',(72.6425632536413,-8.,4.00000005960464));
#7634=CARTESIAN_POINT('Ctrl Pts',(72.6425632536413,-7.,4.00000005960464));
#7635=CARTESIAN_POINT('Ctrl Pts',(72.5958851641141,-8.,4.10915183460071));
#7636=CARTESIAN_POINT('Ctrl Pts',(72.5958851641141,-7.,4.10915183460071));
#7637=CARTESIAN_POINT('Ctrl Pts',(72.4978688788745,-8.,4.33835254998493));
#7638=CARTESIAN_POINT('Ctrl Pts',(72.4978688788745,-7.,4.33835254998493));
#7639=CARTESIAN_POINT('Ctrl Pts',(72.4639020107408,-8.,4.58544868760315));
#7640=CARTESIAN_POINT('Ctrl Pts',(72.4639020107408,-7.,4.58544868760315));
#7641=CARTESIAN_POINT('Ctrl Pts',(72.4461111128332,-8.,4.71487075090408));
#7642=CARTESIAN_POINT('Ctrl Pts',(72.4461111128332,-7.,4.71487075090408));
#7643=CARTESIAN_POINT('Ctrl Pts',(72.6425632536413,-8.,4.00000005960464));
#7644=CARTESIAN_POINT('Ctrl Pts',(72.5958851641141,-8.,4.10915183460071));
#7645=CARTESIAN_POINT('Ctrl Pts',(72.4978688788745,-8.,4.33835254998493));
#7646=CARTESIAN_POINT('Ctrl Pts',(72.4639020107408,-8.,4.58544868760315));
#7647=CARTESIAN_POINT('Ctrl Pts',(72.4461111128332,-8.,4.71487075090408));
#7648=CARTESIAN_POINT('Ctrl Pts',(72.6425632536413,-7.,4.00000005960464));
#7649=CARTESIAN_POINT('Ctrl Pts',(72.5958851641141,-7.,4.10915183460071));
#7650=CARTESIAN_POINT('Ctrl Pts',(72.4978688788745,-7.,4.33835254998493));
#7651=CARTESIAN_POINT('Ctrl Pts',(72.4639020107408,-7.,4.58544868760315));
#7652=CARTESIAN_POINT('Ctrl Pts',(72.4461111128332,-7.,4.71487075090408));
#7653=CARTESIAN_POINT('Origin',(59.0654855668547,-7.,6.88949525356293));
#7654=CARTESIAN_POINT('Origin',(57.8594836294653,-8.,9.79536145925522));
#7655=CARTESIAN_POINT('',(57.8594836294653,-8.,9.79536145925522));
#7656=CARTESIAN_POINT('',(57.8594836294653,-8.,4.00000005960464));
#7657=CARTESIAN_POINT('',(57.8594836294653,-8.,4.89768072962761));
#7658=CARTESIAN_POINT('',(57.8594836294653,-7.,9.79536145925522));
#7659=CARTESIAN_POINT('',(57.8594836294653,-8.,9.79536145925522));
#7660=CARTESIAN_POINT('',(57.8594836294653,-7.,4.00000005960464));
#7661=CARTESIAN_POINT('',(57.8594836294653,-7.,9.79536145925522));
#7662=CARTESIAN_POINT('',(57.8594836294653,-8.,4.00000005960464));
#7663=CARTESIAN_POINT('Origin',(56.877220541239,-8.,9.79536145925522));
#7664=CARTESIAN_POINT('',(56.877220541239,-8.,9.79536145925522));
#7665=CARTESIAN_POINT('',(23.4386102706195,-8.,9.79536145925522));
#7666=CARTESIAN_POINT('',(56.877220541239,-7.,9.79536145925522));
#7667=CARTESIAN_POINT('',(56.877220541239,-8.,9.79536145925522));
#7668=CARTESIAN_POINT('',(56.877220541239,-7.,9.79536145925522));
#7669=CARTESIAN_POINT('Origin',(56.877220541239,-8.,4.00000005960464));
#7670=CARTESIAN_POINT('',(56.877220541239,-8.,4.00000005960464));
#7671=CARTESIAN_POINT('',(56.877220541239,-8.,2.00000002980232));
#7672=CARTESIAN_POINT('',(56.877220541239,-7.,4.00000005960464));
#7673=CARTESIAN_POINT('',(56.877220541239,-8.,4.00000005960464));
#7674=CARTESIAN_POINT('',(56.877220541239,-7.,4.00000005960464));
#7675=CARTESIAN_POINT('Origin',(57.8594836294653,-8.,4.00000005960464));
#7676=CARTESIAN_POINT('',(23.9297418147327,-8.,4.00000005960464));
#7677=CARTESIAN_POINT('',(57.8594836294653,-7.,4.00000005960464));
#7678=CARTESIAN_POINT('Origin',(59.0654855668547,-7.,6.88949525356293));
#7679=CARTESIAN_POINT('Ctrl Pts',(80.3751691877844,-8.,9.11869019269943));
#7680=CARTESIAN_POINT('Ctrl Pts',(80.3751691877844,-7.,9.11869019269943));
#7681=CARTESIAN_POINT('Ctrl Pts',(80.1594313061333,-8.,9.10073906607578));
#7682=CARTESIAN_POINT('Ctrl Pts',(80.1594313061333,-7.,9.10073906607578));
#7683=CARTESIAN_POINT('Ctrl Pts',(79.7330636483192,-8.,9.06526184828224));
#7684=CARTESIAN_POINT('Ctrl Pts',(79.7330636483192,-7.,9.06526184828224));
#7685=CARTESIAN_POINT('Ctrl Pts',(79.3994562859518,-8.,8.79785772094419));
#7686=CARTESIAN_POINT('Ctrl Pts',(79.3994562859518,-7.,8.79785772094419));
#7687=CARTESIAN_POINT('Ctrl Pts',(79.2346509993078,-8.,8.66575747728348));
#7688=CARTESIAN_POINT('Ctrl Pts',(79.2346509993078,-7.,8.66575747728348));
#7689=CARTESIAN_POINT('',(80.3751691877844,-8.,9.11869019269943));
#7690=CARTESIAN_POINT('',(79.2346509993078,-8.,8.66575747728348));
#7691=CARTESIAN_POINT('Ctrl Pts',(80.3751691877844,-8.,9.11869019269943));
#7692=CARTESIAN_POINT('Ctrl Pts',(80.1594313061333,-8.,9.10073906607578));
#7693=CARTESIAN_POINT('Ctrl Pts',(79.7330636483192,-8.,9.06526184828224));
#7694=CARTESIAN_POINT('Ctrl Pts',(79.3994562859518,-8.,8.79785772094419));
#7695=CARTESIAN_POINT('Ctrl Pts',(79.2346509993078,-8.,8.66575747728348));
#7696=CARTESIAN_POINT('',(80.3751691877844,-7.,9.11869019269943));
#7697=CARTESIAN_POINT('',(80.3751691877844,-8.,9.11869019269943));
#7698=CARTESIAN_POINT('',(79.2346509993078,-7.,8.66575747728348));
#7699=CARTESIAN_POINT('Ctrl Pts',(80.3751691877844,-7.,9.11869019269943));
#7700=CARTESIAN_POINT('Ctrl Pts',(80.1594313061333,-7.,9.10073906607578));
#7701=CARTESIAN_POINT('Ctrl Pts',(79.7330636483192,-7.,9.06526184828224));
#7702=CARTESIAN_POINT('Ctrl Pts',(79.3994562859518,-7.,8.79785772094419));
#7703=CARTESIAN_POINT('Ctrl Pts',(79.2346509993078,-7.,8.66575747728348));
#7704=CARTESIAN_POINT('',(79.2346509993078,-8.,8.66575747728348));
#7705=CARTESIAN_POINT('Ctrl Pts',(81.5920862257483,-8.,8.55115920305252));
#7706=CARTESIAN_POINT('Ctrl Pts',(81.5920862257483,-7.,8.55115920305252));
#7707=CARTESIAN_POINT('Ctrl Pts',(81.423515847863,-8.,8.71668810713155));
#7708=CARTESIAN_POINT('Ctrl Pts',(81.423515847863,-7.,8.71668810713155));
#7709=CARTESIAN_POINT('Ctrl Pts',(81.0848999927884,-8.,9.04919439974016));
#7710=CARTESIAN_POINT('Ctrl Pts',(81.0848999927884,-7.,9.04919439974016));
#7711=CARTESIAN_POINT('Ctrl Pts',(80.6124321872652,-8.,9.09545774995838));
#7712=CARTESIAN_POINT('Ctrl Pts',(80.6124321872652,-7.,9.09545774995838));
#7713=CARTESIAN_POINT('Ctrl Pts',(80.3751691877844,-8.,9.11869019269943));
#7714=CARTESIAN_POINT('Ctrl Pts',(80.3751691877844,-7.,9.11869019269943));
#7715=CARTESIAN_POINT('',(81.5920862257483,-8.,8.55115920305252));
#7716=CARTESIAN_POINT('Ctrl Pts',(81.5920862257483,-8.,8.55115920305252));
#7717=CARTESIAN_POINT('Ctrl Pts',(81.423515847863,-8.,8.71668810713155));
#7718=CARTESIAN_POINT('Ctrl Pts',(81.0848999927884,-8.,9.04919439974016));
#7719=CARTESIAN_POINT('Ctrl Pts',(80.6124321872652,-8.,9.09545774995838));
#7720=CARTESIAN_POINT('Ctrl Pts',(80.3751691877844,-8.,9.11869019269943));
#7721=CARTESIAN_POINT('',(81.5920862257483,-7.,8.55115920305252));
#7722=CARTESIAN_POINT('',(81.5920862257483,-8.,8.55115920305252));
#7723=CARTESIAN_POINT('Ctrl Pts',(81.5920862257483,-7.,8.55115920305252));
#7724=CARTESIAN_POINT('Ctrl Pts',(81.423515847863,-7.,8.71668810713155));
#7725=CARTESIAN_POINT('Ctrl Pts',(81.0848999927884,-7.,9.04919439974016));
#7726=CARTESIAN_POINT('Ctrl Pts',(80.6124321872652,-7.,9.09545774995838));
#7727=CARTESIAN_POINT('Ctrl Pts',(80.3751691877844,-7.,9.11869019269943));
#7728=CARTESIAN_POINT('Ctrl Pts',(81.9631656706335,-8.,7.45429784059525));
#7729=CARTESIAN_POINT('Ctrl Pts',(81.9631656706335,-7.,7.45429784059525));
#7730=CARTESIAN_POINT('Ctrl Pts',(81.9383249411258,-8.,7.67365294648381));
#7731=CARTESIAN_POINT('Ctrl Pts',(81.9383249411258,-7.,7.67365294648381));
#7732=CARTESIAN_POINT('Ctrl Pts',(81.8937182956459,-8.,8.06755021264567));
#7733=CARTESIAN_POINT('Ctrl Pts',(81.8937182956459,-7.,8.06755021264567));
#7734=CARTESIAN_POINT('Ctrl Pts',(81.684703856826,-8.,8.40266465114827));
#7735=CARTESIAN_POINT('Ctrl Pts',(81.684703856826,-7.,8.40266465114827));
#7736=CARTESIAN_POINT('Ctrl Pts',(81.5920862257483,-8.,8.55115920305252));
#7737=CARTESIAN_POINT('Ctrl Pts',(81.5920862257483,-7.,8.55115920305252));
#7738=CARTESIAN_POINT('',(81.9631656706335,-8.,7.45429784059525));
#7739=CARTESIAN_POINT('Ctrl Pts',(81.9631656706335,-8.,7.45429784059525));
#7740=CARTESIAN_POINT('Ctrl Pts',(81.9383249411258,-8.,7.67365294648381));
#7741=CARTESIAN_POINT('Ctrl Pts',(81.8937182956459,-8.,8.06755021264567));
#7742=CARTESIAN_POINT('Ctrl Pts',(81.684703856826,-8.,8.40266465114827));
#7743=CARTESIAN_POINT('Ctrl Pts',(81.5920862257483,-8.,8.55115920305252));
#7744=CARTESIAN_POINT('',(81.9631656706335,-7.,7.45429784059525));
#7745=CARTESIAN_POINT('',(81.9631656706335,-8.,7.45429784059525));
#7746=CARTESIAN_POINT('Ctrl Pts',(81.9631656706335,-7.,7.45429784059525));
#7747=CARTESIAN_POINT('Ctrl Pts',(81.9383249411258,-7.,7.67365294648381));
#7748=CARTESIAN_POINT('Ctrl Pts',(81.8937182956459,-7.,8.06755021264567));
#7749=CARTESIAN_POINT('Ctrl Pts',(81.684703856826,-7.,8.40266465114827));
#7750=CARTESIAN_POINT('Ctrl Pts',(81.5920862257483,-7.,8.55115920305252));
#7751=CARTESIAN_POINT('Origin',(78.7271484434607,-8.,7.45429784059525));
#7752=CARTESIAN_POINT('',(78.7271484434607,-8.,7.45429784059525));
#7753=CARTESIAN_POINT('',(34.3635742217303,-8.,7.45429784059525));
#7754=CARTESIAN_POINT('',(78.7271484434607,-7.,7.45429784059525));
#7755=CARTESIAN_POINT('',(78.7271484434607,-8.,7.45429784059525));
#7756=CARTESIAN_POINT('',(78.7271484434607,-7.,7.45429784059525));
#7757=CARTESIAN_POINT('Ctrl Pts',(79.2346509993078,-8.,8.66575747728348));
#7758=CARTESIAN_POINT('Ctrl Pts',(79.2346509993078,-7.,8.66575747728348));
#7759=CARTESIAN_POINT('Ctrl Pts',(79.0986361504018,-8.,8.49674723789859));
#7760=CARTESIAN_POINT('Ctrl Pts',(79.0986361504018,-7.,8.49674723789859));
#7761=CARTESIAN_POINT('Ctrl Pts',(78.8136460355992,-8.,8.14262231762334));
#7762=CARTESIAN_POINT('Ctrl Pts',(78.8136460355992,-7.,8.14262231762334));
#7763=CARTESIAN_POINT('Ctrl Pts',(78.7568420604204,-8.,7.69059162472878));
#7764=CARTESIAN_POINT('Ctrl Pts',(78.7568420604204,-7.,7.69059162472878));
#7765=CARTESIAN_POINT('Ctrl Pts',(78.7271484434607,-8.,7.45429784059525));
#7766=CARTESIAN_POINT('Ctrl Pts',(78.7271484434607,-7.,7.45429784059525));
#7767=CARTESIAN_POINT('Ctrl Pts',(79.2346509993078,-8.,8.66575747728348));
#7768=CARTESIAN_POINT('Ctrl Pts',(79.0986361504018,-8.,8.49674723789859));
#7769=CARTESIAN_POINT('Ctrl Pts',(78.8136460355992,-8.,8.14262231762334));
#7770=CARTESIAN_POINT('Ctrl Pts',(78.7568420604204,-8.,7.69059162472878));
#7771=CARTESIAN_POINT('Ctrl Pts',(78.7271484434607,-8.,7.45429784059525));
#7772=CARTESIAN_POINT('Ctrl Pts',(79.2346509993078,-7.,8.66575747728348));
#7773=CARTESIAN_POINT('Ctrl Pts',(79.0986361504018,-7.,8.49674723789859));
#7774=CARTESIAN_POINT('Ctrl Pts',(78.8136460355992,-7.,8.14262231762334));
#7775=CARTESIAN_POINT('Ctrl Pts',(78.7568420604204,-7.,7.69059162472878));
#7776=CARTESIAN_POINT('Ctrl Pts',(78.7271484434607,-7.,7.45429784059525));
#7777=CARTESIAN_POINT('Ctrl Pts',(80.4242834150793,-8.,4.67667132616043));
#7778=CARTESIAN_POINT('Ctrl Pts',(80.4242834150793,-7.,4.67667132616043));
#7779=CARTESIAN_POINT('Ctrl Pts',(80.5954239704979,-8.,4.68679100948933));
#7780=CARTESIAN_POINT('Ctrl Pts',(80.5954239704979,-7.,4.68679100948933));
#7781=CARTESIAN_POINT('Ctrl Pts',(80.9263827109155,-8.,4.70636087497074));
#7782=CARTESIAN_POINT('Ctrl Pts',(80.9263827109155,-7.,4.70636087497074));
#7783=CARTESIAN_POINT('Ctrl Pts',(81.2097050386029,-8.,4.87769850735463));
#7784=CARTESIAN_POINT('Ctrl Pts',(81.2097050386029,-7.,4.87769850735463));
#7785=CARTESIAN_POINT('Ctrl Pts',(81.3465198576452,-8.,4.96043652296066));
#7786=CARTESIAN_POINT('Ctrl Pts',(81.3465198576452,-7.,4.96043652296066));
#7787=CARTESIAN_POINT('',(80.4242834150793,-8.,4.67667132616043));
#7788=CARTESIAN_POINT('',(81.3465198576452,-8.,4.96043652296066));
#7789=CARTESIAN_POINT('Ctrl Pts',(80.4242834150793,-8.,4.67667132616043));
#7790=CARTESIAN_POINT('Ctrl Pts',(80.5954239704979,-8.,4.68679100948933));
#7791=CARTESIAN_POINT('Ctrl Pts',(80.9263827109155,-8.,4.70636087497074));
#7792=CARTESIAN_POINT('Ctrl Pts',(81.2097050386029,-8.,4.87769850735463));
#7793=CARTESIAN_POINT('Ctrl Pts',(81.3465198576452,-8.,4.96043652296066));
#7794=CARTESIAN_POINT('',(80.4242834150793,-7.,4.67667132616043));
#7795=CARTESIAN_POINT('',(80.4242834150793,-8.,4.67667132616043));
#7796=CARTESIAN_POINT('',(81.3465198576452,-7.,4.96043652296066));
#7797=CARTESIAN_POINT('Ctrl Pts',(80.4242834150793,-7.,4.67667132616043));
#7798=CARTESIAN_POINT('Ctrl Pts',(80.5954239704979,-7.,4.68679100948933));
#7799=CARTESIAN_POINT('Ctrl Pts',(80.9263827109155,-7.,4.70636087497074));
#7800=CARTESIAN_POINT('Ctrl Pts',(81.2097050386029,-7.,4.87769850735463));
#7801=CARTESIAN_POINT('Ctrl Pts',(81.3465198576452,-7.,4.96043652296066));
#7802=CARTESIAN_POINT('',(81.3465198576452,-8.,4.96043652296066));
#7803=CARTESIAN_POINT('Ctrl Pts',(79.2128261625769,-8.,5.18417447805405));
#7804=CARTESIAN_POINT('Ctrl Pts',(79.2128261625769,-7.,5.18417447805405));
#7805=CARTESIAN_POINT('Ctrl Pts',(79.3858208005379,-8.,5.03615622571722));
#7806=CARTESIAN_POINT('Ctrl Pts',(79.3858208005379,-7.,5.03615622571722));
#7807=CARTESIAN_POINT('Ctrl Pts',(79.7350352889495,-8.,4.7373601539163));
#7808=CARTESIAN_POINT('Ctrl Pts',(79.7350352889495,-7.,4.7373601539163));
#7809=CARTESIAN_POINT('Ctrl Pts',(80.1931237958338,-8.,4.69702510846997));
#7810=CARTESIAN_POINT('Ctrl Pts',(80.1931237958338,-7.,4.69702510846997));
#7811=CARTESIAN_POINT('Ctrl Pts',(80.4242834150793,-8.,4.67667132616043));
#7812=CARTESIAN_POINT('Ctrl Pts',(80.4242834150793,-7.,4.67667132616043));
#7813=CARTESIAN_POINT('',(79.2128261625769,-8.,5.18417447805405));
#7814=CARTESIAN_POINT('Ctrl Pts',(79.2128261625769,-8.,5.18417447805405));
#7815=CARTESIAN_POINT('Ctrl Pts',(79.3858208005379,-8.,5.03615622571722));
#7816=CARTESIAN_POINT('Ctrl Pts',(79.7350352889495,-8.,4.7373601539163));
#7817=CARTESIAN_POINT('Ctrl Pts',(80.1931237958338,-8.,4.69702510846997));
#7818=CARTESIAN_POINT('Ctrl Pts',(80.4242834150793,-8.,4.67667132616043));
#7819=CARTESIAN_POINT('',(79.2128261625769,-7.,5.18417447805405));
#7820=CARTESIAN_POINT('',(79.2128261625769,-8.,5.18417447805405));
#7821=CARTESIAN_POINT('Ctrl Pts',(79.2128261625769,-7.,5.18417447805405));
#7822=CARTESIAN_POINT('Ctrl Pts',(79.3858208005379,-7.,5.03615622571722));
#7823=CARTESIAN_POINT('Ctrl Pts',(79.7350352889495,-7.,4.7373601539163));
#7824=CARTESIAN_POINT('Ctrl Pts',(80.1931237958338,-7.,4.69702510846997));
#7825=CARTESIAN_POINT('Ctrl Pts',(80.4242834150793,-7.,4.67667132616043));
#7826=CARTESIAN_POINT('Ctrl Pts',(78.6725791990759,-8.,6.64665728807449));
#7827=CARTESIAN_POINT('Ctrl Pts',(78.6725791990759,-7.,6.64665728807449));
#7828=CARTESIAN_POINT('Ctrl Pts',(78.7009648989115,-8.,6.35566927299427));
#7829=CARTESIAN_POINT('Ctrl Pts',(78.7009648989115,-7.,6.35566927299427));
#7830=CARTESIAN_POINT('Ctrl Pts',(78.75333779804,-8.,5.81878323355709));
#7831=CARTESIAN_POINT('Ctrl Pts',(78.75333779804,-7.,5.81878323355709));
#7832=CARTESIAN_POINT('Ctrl Pts',(79.0684858696652,-8.,5.3835258016636));
#7833=CARTESIAN_POINT('Ctrl Pts',(79.0684858696652,-7.,5.3835258016636));
#7834=CARTESIAN_POINT('Ctrl Pts',(79.2128261625769,-8.,5.18417447805405));
#7835=CARTESIAN_POINT('Ctrl Pts',(79.2128261625769,-7.,5.18417447805405));
#7836=CARTESIAN_POINT('',(78.6725791990759,-8.,6.64665728807449));
#7837=CARTESIAN_POINT('Ctrl Pts',(78.6725791990759,-8.,6.64665728807449));
#7838=CARTESIAN_POINT('Ctrl Pts',(78.7009648989115,-8.,6.35566927299427));
#7839=CARTESIAN_POINT('Ctrl Pts',(78.75333779804,-8.,5.81878323355709));
#7840=CARTESIAN_POINT('Ctrl Pts',(79.0684858696652,-8.,5.3835258016636));
#7841=CARTESIAN_POINT('Ctrl Pts',(79.2128261625769,-8.,5.18417447805405));
#7842=CARTESIAN_POINT('',(78.6725791990759,-7.,6.64665728807449));
#7843=CARTESIAN_POINT('',(78.6725791990759,-8.,6.64665728807449));
#7844=CARTESIAN_POINT('Ctrl Pts',(78.6725791990759,-7.,6.64665728807449));
#7845=CARTESIAN_POINT('Ctrl Pts',(78.7009648989115,-7.,6.35566927299427));
#7846=CARTESIAN_POINT('Ctrl Pts',(78.75333779804,-7.,5.81878323355709));
#7847=CARTESIAN_POINT('Ctrl Pts',(79.0684858696652,-7.,5.3835258016636));
#7848=CARTESIAN_POINT('Ctrl Pts',(79.2128261625769,-7.,5.18417447805405));
#7849=CARTESIAN_POINT('Origin',(82.994540601969,-8.,6.64665728807449));
#7850=CARTESIAN_POINT('',(82.994540601969,-8.,6.64665728807449));
#7851=CARTESIAN_POINT('',(36.4972703009845,-8.,6.64665728807449));
#7852=CARTESIAN_POINT('',(82.994540601969,-7.,6.64665728807449));
#7853=CARTESIAN_POINT('',(82.994540601969,-8.,6.64665728807449));
#7854=CARTESIAN_POINT('',(82.994540601969,-7.,6.64665728807449));
#7855=CARTESIAN_POINT('Ctrl Pts',(83.0000003874304,-8.,6.90859466791153));
#7856=CARTESIAN_POINT('Ctrl Pts',(83.0000003874304,-7.,6.90859466791153));
#7857=CARTESIAN_POINT('Ctrl Pts',(82.9996520434289,-8.,6.87221225736458));
#7858=CARTESIAN_POINT('Ctrl Pts',(82.9996520434289,-7.,6.87221225736458));
#7859=CARTESIAN_POINT('Ctrl Pts',(82.9988158836665,-8.,6.78488045999404));
#7860=CARTESIAN_POINT('Ctrl Pts',(82.9988158836665,-7.,6.78488045999404));
#7861=CARTESIAN_POINT('Ctrl Pts',(82.9961158197562,-8.,6.69758530040787));
#7862=CARTESIAN_POINT('Ctrl Pts',(82.9961158197562,-7.,6.69758530040787));
#7863=CARTESIAN_POINT('Ctrl Pts',(82.994540601969,-8.,6.64665728807449));
#7864=CARTESIAN_POINT('Ctrl Pts',(82.994540601969,-7.,6.64665728807449));
#7865=CARTESIAN_POINT('',(83.0000003874304,-8.,6.90859466791153));
#7866=CARTESIAN_POINT('Ctrl Pts',(83.0000003874304,-8.,6.90859466791153));
#7867=CARTESIAN_POINT('Ctrl Pts',(82.9996520434289,-8.,6.87221225736458));
#7868=CARTESIAN_POINT('Ctrl Pts',(82.9988158836665,-8.,6.78488045999404));
#7869=CARTESIAN_POINT('Ctrl Pts',(82.9961158197562,-8.,6.69758530040787));
#7870=CARTESIAN_POINT('Ctrl Pts',(82.994540601969,-8.,6.64665728807449));
#7871=CARTESIAN_POINT('',(83.0000003874304,-7.,6.90859466791153));
#7872=CARTESIAN_POINT('',(83.0000003874304,-8.,6.90859466791153));
#7873=CARTESIAN_POINT('Ctrl Pts',(83.0000003874304,-7.,6.90859466791153));
#7874=CARTESIAN_POINT('Ctrl Pts',(82.9996520434289,-7.,6.87221225736458));
#7875=CARTESIAN_POINT('Ctrl Pts',(82.9988158836665,-7.,6.78488045999404));
#7876=CARTESIAN_POINT('Ctrl Pts',(82.9961158197562,-7.,6.69758530040787));
#7877=CARTESIAN_POINT('Ctrl Pts',(82.994540601969,-7.,6.64665728807449));
#7878=CARTESIAN_POINT('Ctrl Pts',(82.2633012831213,-8.,9.13506120443344));
#7879=CARTESIAN_POINT('Ctrl Pts',(82.2633012831213,-7.,9.13506120443344));
#7880=CARTESIAN_POINT('Ctrl Pts',(82.4778251409757,-8.,8.82819735086077));
#7881=CARTESIAN_POINT('Ctrl Pts',(82.4778251409757,-7.,8.82819735086077));
#7882=CARTESIAN_POINT('Ctrl Pts',(82.9432169023067,-8.,8.16248160841881));
#7883=CARTESIAN_POINT('Ctrl Pts',(82.9432169023067,-7.,8.16248160841881));
#7884=CARTESIAN_POINT('Ctrl Pts',(82.9801121338193,-8.,7.34776499037595));
#7885=CARTESIAN_POINT('Ctrl Pts',(82.9801121338193,-7.,7.34776499037595));
#7886=CARTESIAN_POINT('Ctrl Pts',(83.0000003874304,-8.,6.90859466791153));
#7887=CARTESIAN_POINT('Ctrl Pts',(83.0000003874304,-7.,6.90859466791153));
#7888=CARTESIAN_POINT('',(82.2633012831213,-8.,9.13506120443344));
#7889=CARTESIAN_POINT('Ctrl Pts',(82.2633012831213,-8.,9.13506120443344));
#7890=CARTESIAN_POINT('Ctrl Pts',(82.4778251409757,-8.,8.82819735086077));
#7891=CARTESIAN_POINT('Ctrl Pts',(82.9432169023067,-8.,8.16248160841881));
#7892=CARTESIAN_POINT('Ctrl Pts',(82.9801121338193,-8.,7.34776499037595));
#7893=CARTESIAN_POINT('Ctrl Pts',(83.0000003874304,-8.,6.90859466791153));
#7894=CARTESIAN_POINT('',(82.2633012831213,-7.,9.13506120443344));
#7895=CARTESIAN_POINT('',(82.2633012831213,-8.,9.13506120443344));
#7896=CARTESIAN_POINT('Ctrl Pts',(82.2633012831213,-7.,9.13506120443344));
#7897=CARTESIAN_POINT('Ctrl Pts',(82.4778251409757,-7.,8.82819735086077));
#7898=CARTESIAN_POINT('Ctrl Pts',(82.9432169023067,-7.,8.16248160841881));
#7899=CARTESIAN_POINT('Ctrl Pts',(82.9801121338193,-7.,7.34776499037595));
#7900=CARTESIAN_POINT('Ctrl Pts',(83.0000003874304,-7.,6.90859466791153));
#7901=CARTESIAN_POINT('Ctrl Pts',(80.3642543852331,-8.,9.92633014917374));
#7902=CARTESIAN_POINT('Ctrl Pts',(80.3642543852331,-7.,9.92633014917374));
#7903=CARTESIAN_POINT('Ctrl Pts',(80.7313218078731,-8.,9.89615638480172));
#7904=CARTESIAN_POINT('Ctrl Pts',(80.7313218078731,-7.,9.89615638480172));
#7905=CARTESIAN_POINT('Ctrl Pts',(81.4506723991651,-8.,9.83702415485224));
#7906=CARTESIAN_POINT('Ctrl Pts',(81.4506723991651,-7.,9.83702415485224));
#7907=CARTESIAN_POINT('Ctrl Pts',(81.9961619964744,-8.,9.36582076212295));
#7908=CARTESIAN_POINT('Ctrl Pts',(81.9961619964744,-7.,9.36582076212295));
#7909=CARTESIAN_POINT('Ctrl Pts',(82.2633012831213,-8.,9.13506120443344));
#7910=CARTESIAN_POINT('Ctrl Pts',(82.2633012831213,-7.,9.13506120443344));
#7911=CARTESIAN_POINT('',(80.3642543852331,-8.,9.92633014917374));
#7912=CARTESIAN_POINT('Ctrl Pts',(80.3642543852331,-8.,9.92633014917374));
#7913=CARTESIAN_POINT('Ctrl Pts',(80.7313218078731,-8.,9.89615638480172));
#7914=CARTESIAN_POINT('Ctrl Pts',(81.4506723991651,-8.,9.83702415485224));
#7915=CARTESIAN_POINT('Ctrl Pts',(81.9961619964744,-8.,9.36582076212295));
#7916=CARTESIAN_POINT('Ctrl Pts',(82.2633012831213,-8.,9.13506120443344));
#7917=CARTESIAN_POINT('',(80.3642543852331,-7.,9.92633014917374));
#7918=CARTESIAN_POINT('',(80.3642543852331,-8.,9.92633014917374));
#7919=CARTESIAN_POINT('Ctrl Pts',(80.3642543852331,-7.,9.92633014917374));
#7920=CARTESIAN_POINT('Ctrl Pts',(80.7313218078731,-7.,9.89615638480172));
#7921=CARTESIAN_POINT('Ctrl Pts',(81.4506723991651,-7.,9.83702415485224));
#7922=CARTESIAN_POINT('Ctrl Pts',(81.9961619964744,-7.,9.36582076212295));
#7923=CARTESIAN_POINT('Ctrl Pts',(82.2633012831213,-7.,9.13506120443344));
#7924=CARTESIAN_POINT('Ctrl Pts',(78.4106430113318,-8.,9.11869019269943));
#7925=CARTESIAN_POINT('Ctrl Pts',(78.4106430113318,-7.,9.11869019269943));
#7926=CARTESIAN_POINT('Ctrl Pts',(78.6848566152927,-8.,9.35421481643118));
#7927=CARTESIAN_POINT('Ctrl Pts',(78.6848566152927,-7.,9.35421481643118));
#7928=CARTESIAN_POINT('Ctrl Pts',(79.2466023911059,-8.,9.83670350616137));
#7929=CARTESIAN_POINT('Ctrl Pts',(79.2466023911059,-7.,9.83670350616137));
#7930=CARTESIAN_POINT('Ctrl Pts',(79.9858612971637,-8.,9.89598608644137));
#7931=CARTESIAN_POINT('Ctrl Pts',(79.9858612971637,-7.,9.89598608644137));
#7932=CARTESIAN_POINT('Ctrl Pts',(80.3642543852331,-8.,9.92633014917374));
#7933=CARTESIAN_POINT('Ctrl Pts',(80.3642543852331,-7.,9.92633014917374));
#7934=CARTESIAN_POINT('',(78.4106430113318,-8.,9.11869019269943));
#7935=CARTESIAN_POINT('Ctrl Pts',(78.4106430113318,-8.,9.11869019269943));
#7936=CARTESIAN_POINT('Ctrl Pts',(78.6848566152927,-8.,9.35421481643118));
#7937=CARTESIAN_POINT('Ctrl Pts',(79.2466023911059,-8.,9.83670350616137));
#7938=CARTESIAN_POINT('Ctrl Pts',(79.9858612971637,-8.,9.89598608644137));
#7939=CARTESIAN_POINT('Ctrl Pts',(80.3642543852331,-8.,9.92633014917374));
#7940=CARTESIAN_POINT('',(78.4106430113318,-7.,9.11869019269943));
#7941=CARTESIAN_POINT('',(78.4106430113318,-8.,9.11869019269943));
#7942=CARTESIAN_POINT('Ctrl Pts',(78.4106430113318,-7.,9.11869019269943));
#7943=CARTESIAN_POINT('Ctrl Pts',(78.6848566152927,-7.,9.35421481643118));
#7944=CARTESIAN_POINT('Ctrl Pts',(79.2466023911059,-7.,9.83670350616137));
#7945=CARTESIAN_POINT('Ctrl Pts',(79.9858612971637,-7.,9.89598608644137));
#7946=CARTESIAN_POINT('Ctrl Pts',(80.3642543852331,-7.,9.92633014917374));
#7947=CARTESIAN_POINT('Ctrl Pts',(77.65756931901,-8.,6.84856742620468));
#7948=CARTESIAN_POINT('Ctrl Pts',(77.65756931901,-7.,6.84856742620468));
#7949=CARTESIAN_POINT('Ctrl Pts',(77.6779990895481,-8.,7.29624135666129));
#7950=CARTESIAN_POINT('Ctrl Pts',(77.6779990895481,-7.,7.29624135666129));
#7951=CARTESIAN_POINT('Ctrl Pts',(77.7159206785745,-8.,8.12721039652379));
#7952=CARTESIAN_POINT('Ctrl Pts',(77.7159206785745,-7.,8.12721039652379));
#7953=CARTESIAN_POINT('Ctrl Pts',(78.1913466805447,-8.,8.80571928173427));
#7954=CARTESIAN_POINT('Ctrl Pts',(78.1913466805447,-7.,8.80571928173427));
#7955=CARTESIAN_POINT('Ctrl Pts',(78.4106430113318,-8.,9.11869019269943));
#7956=CARTESIAN_POINT('Ctrl Pts',(78.4106430113318,-7.,9.11869019269943));
#7957=CARTESIAN_POINT('',(77.65756931901,-8.,6.84856742620468));
#7958=CARTESIAN_POINT('Ctrl Pts',(77.65756931901,-8.,6.84856742620468));
#7959=CARTESIAN_POINT('Ctrl Pts',(77.6779990895481,-8.,7.29624135666129));
#7960=CARTESIAN_POINT('Ctrl Pts',(77.7159206785745,-8.,8.12721039652379));
#7961=CARTESIAN_POINT('Ctrl Pts',(78.1913466805447,-8.,8.80571928173427));
#7962=CARTESIAN_POINT('Ctrl Pts',(78.4106430113318,-8.,9.11869019269943));
#7963=CARTESIAN_POINT('',(77.65756931901,-7.,6.84856742620468));
#7964=CARTESIAN_POINT('',(77.65756931901,-8.,6.84856742620468));
#7965=CARTESIAN_POINT('Ctrl Pts',(77.65756931901,-7.,6.84856742620468));
#7966=CARTESIAN_POINT('Ctrl Pts',(77.6779990895481,-7.,7.29624135666129));
#7967=CARTESIAN_POINT('Ctrl Pts',(77.7159206785745,-7.,8.12721039652379));
#7968=CARTESIAN_POINT('Ctrl Pts',(78.1913466805447,-7.,8.80571928173427));
#7969=CARTESIAN_POINT('Ctrl Pts',(78.4106430113318,-7.,9.11869019269943));
#7970=CARTESIAN_POINT('Ctrl Pts',(78.3997282087805,-8.,4.6493861079216));
#7971=CARTESIAN_POINT('Ctrl Pts',(78.3997282087805,-7.,4.6493861079216));
#7972=CARTESIAN_POINT('Ctrl Pts',(78.1835805773497,-8.,4.95279336233421));
#7973=CARTESIAN_POINT('Ctrl Pts',(78.1835805773497,-7.,4.95279336233421));
#7974=CARTESIAN_POINT('Ctrl Pts',(77.7166668969963,-8.,5.60820187579291));
#7975=CARTESIAN_POINT('Ctrl Pts',(77.7166668969963,-7.,5.60820187579291));
#7976=CARTESIAN_POINT('Ctrl Pts',(77.6782187334047,-8.,6.41516857765394));
#7977=CARTESIAN_POINT('Ctrl Pts',(77.6782187334047,-7.,6.41516857765394));
#7978=CARTESIAN_POINT('Ctrl Pts',(77.65756931901,-8.,6.84856742620468));
#7979=CARTESIAN_POINT('Ctrl Pts',(77.65756931901,-7.,6.84856742620468));
#7980=CARTESIAN_POINT('',(78.3997282087805,-8.,4.6493861079216));
#7981=CARTESIAN_POINT('Ctrl Pts',(78.3997282087805,-8.,4.6493861079216));
#7982=CARTESIAN_POINT('Ctrl Pts',(78.1835805773497,-8.,4.95279336233421));
#7983=CARTESIAN_POINT('Ctrl Pts',(77.7166668969963,-8.,5.60820187579291));
#7984=CARTESIAN_POINT('Ctrl Pts',(77.6782187334047,-8.,6.41516857765394));
#7985=CARTESIAN_POINT('Ctrl Pts',(77.65756931901,-8.,6.84856742620468));
#7986=CARTESIAN_POINT('',(78.3997282087805,-7.,4.6493861079216));
#7987=CARTESIAN_POINT('',(78.3997282087805,-8.,4.6493861079216));
#7988=CARTESIAN_POINT('Ctrl Pts',(78.3997282087805,-7.,4.6493861079216));
#7989=CARTESIAN_POINT('Ctrl Pts',(78.1835805773497,-7.,4.95279336233421));
#7990=CARTESIAN_POINT('Ctrl Pts',(77.7166668969963,-7.,5.60820187579291));
#7991=CARTESIAN_POINT('Ctrl Pts',(77.6782187334047,-7.,6.41516857765394));
#7992=CARTESIAN_POINT('Ctrl Pts',(77.65756931901,-7.,6.84856742620468));
#7993=CARTESIAN_POINT('Ctrl Pts',(80.4188283979895,-8.,3.86903196573257));
#7994=CARTESIAN_POINT('Ctrl Pts',(80.4188283979895,-7.,3.86903196573257));
#7995=CARTESIAN_POINT('Ctrl Pts',(80.0231829135877,-8.,3.89515652827955));
#7996=CARTESIAN_POINT('Ctrl Pts',(80.0231829135877,-7.,3.89515652827955));
#7997=CARTESIAN_POINT('Ctrl Pts',(79.2665679543781,-8.,3.94511598846583));
#7998=CARTESIAN_POINT('Ctrl Pts',(79.2665679543781,-7.,3.94511598846583));
#7999=CARTESIAN_POINT('Ctrl Pts',(78.6797094595806,-8.,4.42191334845505));
#8000=CARTESIAN_POINT('Ctrl Pts',(78.6797094595806,-7.,4.42191334845505));
#8001=CARTESIAN_POINT('Ctrl Pts',(78.3997282087805,-8.,4.6493861079216));
#8002=CARTESIAN_POINT('Ctrl Pts',(78.3997282087805,-7.,4.6493861079216));
#8003=CARTESIAN_POINT('',(80.4188283979895,-8.,3.86903196573257));
#8004=CARTESIAN_POINT('Ctrl Pts',(80.4188283979895,-8.,3.86903196573257));
#8005=CARTESIAN_POINT('Ctrl Pts',(80.0231829135877,-8.,3.89515652827955));
#8006=CARTESIAN_POINT('Ctrl Pts',(79.2665679543781,-8.,3.94511598846583));
#8007=CARTESIAN_POINT('Ctrl Pts',(78.6797094595806,-8.,4.42191334845505));
#8008=CARTESIAN_POINT('Ctrl Pts',(78.3997282087805,-8.,4.6493861079216));
#8009=CARTESIAN_POINT('',(80.4188283979895,-7.,3.86903196573257));
#8010=CARTESIAN_POINT('',(80.4188283979895,-8.,3.86903196573257));
#8011=CARTESIAN_POINT('Ctrl Pts',(80.4188283979895,-7.,3.86903196573257));
#8012=CARTESIAN_POINT('Ctrl Pts',(80.0231829135877,-7.,3.89515652827955));
#8013=CARTESIAN_POINT('Ctrl Pts',(79.2665679543781,-7.,3.94511598846583));
#8014=CARTESIAN_POINT('Ctrl Pts',(78.6797094595806,-7.,4.42191334845505));
#8015=CARTESIAN_POINT('Ctrl Pts',(78.3997282087805,-7.,4.6493861079216));
#8016=CARTESIAN_POINT('Ctrl Pts',(82.0777639448645,-8.,4.36016350984573));
#8017=CARTESIAN_POINT('Ctrl Pts',(82.0777639448645,-7.,4.36016350984573));
#8018=CARTESIAN_POINT('Ctrl Pts',(81.8375218545186,-8.,4.21704673144195));
#8019=CARTESIAN_POINT('Ctrl Pts',(81.8375218545186,-7.,4.21704673144195));
#8020=CARTESIAN_POINT('Ctrl Pts',(81.3274977222893,-8.,3.91321566417244));
#8021=CARTESIAN_POINT('Ctrl Pts',(81.3274977222893,-7.,3.91321566417244));
#8022=CARTESIAN_POINT('Ctrl Pts',(80.7331919845376,-8.,3.88431777492309));
#8023=CARTESIAN_POINT('Ctrl Pts',(80.7331919845376,-7.,3.88431777492309));
#8024=CARTESIAN_POINT('Ctrl Pts',(80.4188283979895,-8.,3.86903196573257));
#8025=CARTESIAN_POINT('Ctrl Pts',(80.4188283979895,-7.,3.86903196573257));
#8026=CARTESIAN_POINT('',(82.0777639448645,-8.,4.36016350984573));
#8027=CARTESIAN_POINT('Ctrl Pts',(82.0777639448645,-8.,4.36016350984573));
#8028=CARTESIAN_POINT('Ctrl Pts',(81.8375218545186,-8.,4.21704673144195));
#8029=CARTESIAN_POINT('Ctrl Pts',(81.3274977222893,-8.,3.91321566417244));
#8030=CARTESIAN_POINT('Ctrl Pts',(80.7331919845376,-8.,3.88431777492309));
#8031=CARTESIAN_POINT('Ctrl Pts',(80.4188283979895,-8.,3.86903196573257));
#8032=CARTESIAN_POINT('',(82.0777639448645,-7.,4.36016350984573));
#8033=CARTESIAN_POINT('',(82.0777639448645,-8.,4.36016350984573));
#8034=CARTESIAN_POINT('Ctrl Pts',(82.0777639448645,-7.,4.36016350984573));
#8035=CARTESIAN_POINT('Ctrl Pts',(81.8375218545186,-7.,4.21704673144195));
#8036=CARTESIAN_POINT('Ctrl Pts',(81.3274977222893,-7.,3.91321566417244));
#8037=CARTESIAN_POINT('Ctrl Pts',(80.7331919845376,-7.,3.88431777492309));
#8038=CARTESIAN_POINT('Ctrl Pts',(80.4188283979895,-7.,3.86903196573257));
#8039=CARTESIAN_POINT('Ctrl Pts',(82.9672559797766,-8.,5.74079126119614));
#8040=CARTESIAN_POINT('Ctrl Pts',(82.9672559797766,-7.,5.74079126119614));
#8041=CARTESIAN_POINT('Ctrl Pts',(82.874003791765,-8.,5.46386170372064));
#8042=CARTESIAN_POINT('Ctrl Pts',(82.874003791765,-7.,5.46386170372064));
#8043=CARTESIAN_POINT('Ctrl Pts',(82.6935435648216,-8.,4.92795180332096));
#8044=CARTESIAN_POINT('Ctrl Pts',(82.6935435648216,-7.,4.92795180332096));
#8045=CARTESIAN_POINT('Ctrl Pts',(82.278388897154,-8.,4.54515257995644));
#8046=CARTESIAN_POINT('Ctrl Pts',(82.278388897154,-7.,4.54515257995644));
#8047=CARTESIAN_POINT('Ctrl Pts',(82.0777639448645,-8.,4.36016350984573));
#8048=CARTESIAN_POINT('Ctrl Pts',(82.0777639448645,-7.,4.36016350984573));
#8049=CARTESIAN_POINT('',(82.9672559797766,-8.,5.74079126119614));
#8050=CARTESIAN_POINT('Ctrl Pts',(82.9672559797766,-8.,5.74079126119614));
#8051=CARTESIAN_POINT('Ctrl Pts',(82.874003791765,-8.,5.46386170372064));
#8052=CARTESIAN_POINT('Ctrl Pts',(82.6935435648216,-8.,4.92795180332096));
#8053=CARTESIAN_POINT('Ctrl Pts',(82.278388897154,-8.,4.54515257995644));
#8054=CARTESIAN_POINT('Ctrl Pts',(82.0777639448645,-8.,4.36016350984573));
#8055=CARTESIAN_POINT('',(82.9672559797766,-7.,5.74079126119614));
#8056=CARTESIAN_POINT('',(82.9672559797766,-8.,5.74079126119614));
#8057=CARTESIAN_POINT('Ctrl Pts',(82.9672559797766,-7.,5.74079126119614));
#8058=CARTESIAN_POINT('Ctrl Pts',(82.874003791765,-7.,5.46386170372064));
#8059=CARTESIAN_POINT('Ctrl Pts',(82.6935435648216,-7.,4.92795180332096));
#8060=CARTESIAN_POINT('Ctrl Pts',(82.278388897154,-7.,4.54515257995644));
#8061=CARTESIAN_POINT('Ctrl Pts',(82.0777639448645,-7.,4.36016350984573));
#8062=CARTESIAN_POINT('Origin',(81.9522508680822,-8.,5.86630254983902));
#8063=CARTESIAN_POINT('',(81.9522508680822,-8.,5.86630254983902));
#8064=CARTESIAN_POINT('',(37.0257865156003,-8.,11.4217213059434));
#8065=CARTESIAN_POINT('',(81.9522508680822,-7.,5.86630254983902));
#8066=CARTESIAN_POINT('',(81.9522508680822,-8.,5.86630254983902));
#8067=CARTESIAN_POINT('',(81.9522508680822,-7.,5.86630254983902));
#8068=CARTESIAN_POINT('Ctrl Pts',(81.3465198576452,-8.,4.96043652296066));
#8069=CARTESIAN_POINT('Ctrl Pts',(81.3465198576452,-7.,4.96043652296066));
#8070=CARTESIAN_POINT('Ctrl Pts',(81.4698860972302,-8.,5.07687991433121));
#8071=CARTESIAN_POINT('Ctrl Pts',(81.4698860972302,-7.,5.07687991433121));
#8072=CARTESIAN_POINT('Ctrl Pts',(81.7400711007015,-8.,5.33190315413728));
#8073=CARTESIAN_POINT('Ctrl Pts',(81.7400711007015,-7.,5.33190315413728));
#8074=CARTESIAN_POINT('Ctrl Pts',(81.877546576162,-8.,5.67815111131441));
#8075=CARTESIAN_POINT('Ctrl Pts',(81.877546576162,-7.,5.67815111131441));
#8076=CARTESIAN_POINT('Ctrl Pts',(81.9522508680822,-8.,5.86630254983902));
#8077=CARTESIAN_POINT('Ctrl Pts',(81.9522508680822,-7.,5.86630254983902));
#8078=CARTESIAN_POINT('Ctrl Pts',(81.3465198576452,-8.,4.96043652296066));
#8079=CARTESIAN_POINT('Ctrl Pts',(81.4698860972302,-8.,5.07687991433121));
#8080=CARTESIAN_POINT('Ctrl Pts',(81.7400711007015,-8.,5.33190315413728));
#8081=CARTESIAN_POINT('Ctrl Pts',(81.877546576162,-8.,5.67815111131441));
#8082=CARTESIAN_POINT('Ctrl Pts',(81.9522508680822,-8.,5.86630254983902));
#8083=CARTESIAN_POINT('Ctrl Pts',(81.3465198576452,-7.,4.96043652296066));
#8084=CARTESIAN_POINT('Ctrl Pts',(81.4698860972302,-7.,5.07687991433121));
#8085=CARTESIAN_POINT('Ctrl Pts',(81.7400711007015,-7.,5.33190315413728));
#8086=CARTESIAN_POINT('Ctrl Pts',(81.877546576162,-7.,5.67815111131441));
#8087=CARTESIAN_POINT('Ctrl Pts',(81.9522508680822,-7.,5.86630254983902));
#8088=CARTESIAN_POINT('Origin',(59.0654855668547,-7.,6.88949525356293));
#8089=CARTESIAN_POINT('Origin',(48.5334261953833,-8.,7.16507464647293));
#8090=CARTESIAN_POINT('',(48.5334261953833,-8.,7.16507464647293));
#8091=CARTESIAN_POINT('',(48.5334261953833,-8.,4.00000005960464));
#8092=CARTESIAN_POINT('',(48.5334261953833,-8.,3.58253732323647));
#8093=CARTESIAN_POINT('',(48.5334261953833,-7.,7.16507464647293));
#8094=CARTESIAN_POINT('',(48.5334261953833,-8.,7.16507464647293));
#8095=CARTESIAN_POINT('',(48.5334261953833,-7.,4.00000005960464));
#8096=CARTESIAN_POINT('',(48.5334261953833,-7.,7.16507464647293));
#8097=CARTESIAN_POINT('',(48.5334261953833,-8.,4.00000005960464));
#8098=CARTESIAN_POINT('Ctrl Pts',(48.9863595068457,-8.,8.67667108774185));
#8099=CARTESIAN_POINT('Ctrl Pts',(48.9863595068457,-7.,8.67667108774185));
#8100=CARTESIAN_POINT('Ctrl Pts',(48.8551721559148,-8.,8.49038658556468));
#8101=CARTESIAN_POINT('Ctrl Pts',(48.8551721559148,-7.,8.49038658556468));
#8102=CARTESIAN_POINT('Ctrl Pts',(48.5395674165824,-8.,8.0422315513016));
#8103=CARTESIAN_POINT('Ctrl Pts',(48.5395674165824,-7.,8.0422315513016));
#8104=CARTESIAN_POINT('Ctrl Pts',(48.5356911910951,-8.,7.48858630052711));
#8105=CARTESIAN_POINT('Ctrl Pts',(48.5356911910951,-7.,7.48858630052711));
#8106=CARTESIAN_POINT('Ctrl Pts',(48.5334261953833,-8.,7.16507464647293));
#8107=CARTESIAN_POINT('Ctrl Pts',(48.5334261953833,-7.,7.16507464647293));
#8108=CARTESIAN_POINT('',(48.9863595068457,-8.,8.67667108774185));
#8109=CARTESIAN_POINT('Ctrl Pts',(48.9863595068457,-8.,8.67667108774185));
#8110=CARTESIAN_POINT('Ctrl Pts',(48.8551721559148,-8.,8.49038658556468));
#8111=CARTESIAN_POINT('Ctrl Pts',(48.5395674165824,-8.,8.0422315513016));
#8112=CARTESIAN_POINT('Ctrl Pts',(48.5356911910951,-8.,7.48858630052711));
#8113=CARTESIAN_POINT('Ctrl Pts',(48.5334261953833,-8.,7.16507464647293));
#8114=CARTESIAN_POINT('',(48.9863595068457,-7.,8.67667108774185));
#8115=CARTESIAN_POINT('',(48.9863595068457,-8.,8.67667108774185));
#8116=CARTESIAN_POINT('Ctrl Pts',(48.9863595068457,-7.,8.67667108774185));
#8117=CARTESIAN_POINT('Ctrl Pts',(48.8551721559148,-7.,8.49038658556468));
#8118=CARTESIAN_POINT('Ctrl Pts',(48.5395674165824,-7.,8.0422315513016));
#8119=CARTESIAN_POINT('Ctrl Pts',(48.5356911910951,-7.,7.48858630052711));
#8120=CARTESIAN_POINT('Ctrl Pts',(48.5334261953833,-7.,7.16507464647293));
#8121=CARTESIAN_POINT('Ctrl Pts',(50.0723072588446,-8.,9.07503396272659));
#8122=CARTESIAN_POINT('Ctrl Pts',(50.0723072588446,-7.,9.07503396272659));
#8123=CARTESIAN_POINT('Ctrl Pts',(49.8708736143428,-8.,9.05904332864444));
#8124=CARTESIAN_POINT('Ctrl Pts',(49.8708736143428,-7.,9.05904332864444));
#8125=CARTESIAN_POINT('Ctrl Pts',(49.4716130419533,-8.,9.02734837653103));
#8126=CARTESIAN_POINT('Ctrl Pts',(49.4716130419533,-7.,9.02734837653103));
#8127=CARTESIAN_POINT('Ctrl Pts',(49.1471336246298,-8.,8.79285742674404));
#8128=CARTESIAN_POINT('Ctrl Pts',(49.1471336246298,-7.,8.79285742674404));
#8129=CARTESIAN_POINT('Ctrl Pts',(48.9863595068457,-8.,8.67667108774185));
#8130=CARTESIAN_POINT('Ctrl Pts',(48.9863595068457,-7.,8.67667108774185));
#8131=CARTESIAN_POINT('',(50.0723072588446,-8.,9.07503396272659));
#8132=CARTESIAN_POINT('Ctrl Pts',(50.0723072588446,-8.,9.07503396272659));
#8133=CARTESIAN_POINT('Ctrl Pts',(49.8708736143428,-8.,9.05904332864444));
#8134=CARTESIAN_POINT('Ctrl Pts',(49.4716130419533,-8.,9.02734837653103));
#8135=CARTESIAN_POINT('Ctrl Pts',(49.1471336246298,-8.,8.79285742674404));
#8136=CARTESIAN_POINT('Ctrl Pts',(48.9863595068457,-8.,8.67667108774185));
#8137=CARTESIAN_POINT('',(50.0723072588446,-7.,9.07503396272659));
#8138=CARTESIAN_POINT('',(50.0723072588446,-8.,9.07503396272659));
#8139=CARTESIAN_POINT('Ctrl Pts',(50.0723072588446,-7.,9.07503396272659));
#8140=CARTESIAN_POINT('Ctrl Pts',(49.8708736143428,-7.,9.05904332864444));
#8141=CARTESIAN_POINT('Ctrl Pts',(49.4716130419533,-7.,9.02734837653103));
#8142=CARTESIAN_POINT('Ctrl Pts',(49.1471336246298,-7.,8.79285742674404));
#8143=CARTESIAN_POINT('Ctrl Pts',(48.9863595068457,-7.,8.67667108774185));
#8144=CARTESIAN_POINT('Ctrl Pts',(50.754435926676,-8.,8.89495223760605));
#8145=CARTESIAN_POINT('Ctrl Pts',(50.754435926676,-7.,8.89495223760605));
#8146=CARTESIAN_POINT('Ctrl Pts',(50.651406395811,-8.,8.94745544064804));
#8147=CARTESIAN_POINT('Ctrl Pts',(50.651406395811,-7.,8.94745544064804));
#8148=CARTESIAN_POINT('Ctrl Pts',(50.4372731898419,-8.,9.05657638001986));
#8149=CARTESIAN_POINT('Ctrl Pts',(50.4372731898419,-7.,9.05657638001986));
#8150=CARTESIAN_POINT('Ctrl Pts',(50.1969827141244,-8.,9.06872869603762));
#8151=CARTESIAN_POINT('Ctrl Pts',(50.1969827141244,-7.,9.06872869603762));
#8152=CARTESIAN_POINT('Ctrl Pts',(50.0723072588446,-8.,9.07503396272659));
#8153=CARTESIAN_POINT('Ctrl Pts',(50.0723072588446,-7.,9.07503396272659));
#8154=CARTESIAN_POINT('',(50.754435926676,-8.,8.89495223760605));
#8155=CARTESIAN_POINT('Ctrl Pts',(50.754435926676,-8.,8.89495223760605));
#8156=CARTESIAN_POINT('Ctrl Pts',(50.651406395811,-8.,8.94745544064804));
#8157=CARTESIAN_POINT('Ctrl Pts',(50.4372731898419,-8.,9.05657638001986));
#8158=CARTESIAN_POINT('Ctrl Pts',(50.1969827141244,-8.,9.06872869603762));
#8159=CARTESIAN_POINT('Ctrl Pts',(50.0723072588446,-8.,9.07503396272659));
#8160=CARTESIAN_POINT('',(50.754435926676,-7.,8.89495223760605));
#8161=CARTESIAN_POINT('',(50.754435926676,-8.,8.89495223760605));
#8162=CARTESIAN_POINT('Ctrl Pts',(50.754435926676,-7.,8.89495223760605));
#8163=CARTESIAN_POINT('Ctrl Pts',(50.651406395811,-7.,8.94745544064804));
#8164=CARTESIAN_POINT('Ctrl Pts',(50.4372731898419,-7.,9.05657638001986));
#8165=CARTESIAN_POINT('Ctrl Pts',(50.1969827141244,-7.,9.06872869603762));
#8166=CARTESIAN_POINT('Ctrl Pts',(50.0723072588446,-7.,9.07503396272659));
#8167=CARTESIAN_POINT('Ctrl Pts',(51.1637124121191,-8.,8.42019110918045));
#8168=CARTESIAN_POINT('Ctrl Pts',(51.1637124121191,-7.,8.42019110918045));
#8169=CARTESIAN_POINT('Ctrl Pts',(51.1171790679685,-8.,8.51549389281269));
#8170=CARTESIAN_POINT('Ctrl Pts',(51.1171790679685,-7.,8.51549389281269));
#8171=CARTESIAN_POINT('Ctrl Pts',(51.0224608649404,-8.,8.70948185078121));
#8172=CARTESIAN_POINT('Ctrl Pts',(51.0224608649404,-7.,8.70948185078121));
#8173=CARTESIAN_POINT('Ctrl Pts',(50.8448100841902,-8.,8.83241428848209));
#8174=CARTESIAN_POINT('Ctrl Pts',(50.8448100841902,-7.,8.83241428848209));
#8175=CARTESIAN_POINT('Ctrl Pts',(50.754435926676,-8.,8.89495223760605));
#8176=CARTESIAN_POINT('Ctrl Pts',(50.754435926676,-7.,8.89495223760605));
#8177=CARTESIAN_POINT('',(51.1637124121191,-8.,8.42019110918045));
#8178=CARTESIAN_POINT('Ctrl Pts',(51.1637124121191,-8.,8.42019110918045));
#8179=CARTESIAN_POINT('Ctrl Pts',(51.1171790679685,-8.,8.51549389281269));
#8180=CARTESIAN_POINT('Ctrl Pts',(51.0224608649404,-8.,8.70948185078121));
#8181=CARTESIAN_POINT('Ctrl Pts',(50.8448100841902,-8.,8.83241428848209));
#8182=CARTESIAN_POINT('Ctrl Pts',(50.754435926676,-8.,8.89495223760605));
#8183=CARTESIAN_POINT('',(51.1637124121191,-7.,8.42019110918045));
#8184=CARTESIAN_POINT('',(51.1637124121191,-8.,8.42019110918045));
#8185=CARTESIAN_POINT('Ctrl Pts',(51.1637124121191,-7.,8.42019110918045));
#8186=CARTESIAN_POINT('Ctrl Pts',(51.1171790679685,-7.,8.51549389281269));
#8187=CARTESIAN_POINT('Ctrl Pts',(51.0224608649404,-7.,8.70948185078121));
#8188=CARTESIAN_POINT('Ctrl Pts',(50.8448100841902,-7.,8.83241428848209));
#8189=CARTESIAN_POINT('Ctrl Pts',(50.754435926676,-7.,8.89495223760605));
#8190=CARTESIAN_POINT('Ctrl Pts',(51.2783083021643,-8.,7.52523869276047));
#8191=CARTESIAN_POINT('Ctrl Pts',(51.2783083021643,-7.,7.52523869276047));
#8192=CARTESIAN_POINT('Ctrl Pts',(51.2774239977031,-8.,7.70109439434738));
#8193=CARTESIAN_POINT('Ctrl Pts',(51.2774239977031,-7.,7.70109439434738));
#8194=CARTESIAN_POINT('Ctrl Pts',(51.2758976870111,-8.,8.00462157235222));
#8195=CARTESIAN_POINT('Ctrl Pts',(51.2758976870111,-7.,8.00462157235222));
#8196=CARTESIAN_POINT('Ctrl Pts',(51.1969287951734,-8.,8.29714718087274));
#8197=CARTESIAN_POINT('Ctrl Pts',(51.1969287951734,-7.,8.29714718087274));
#8198=CARTESIAN_POINT('Ctrl Pts',(51.1637124121191,-8.,8.42019110918045));
#8199=CARTESIAN_POINT('Ctrl Pts',(51.1637124121191,-7.,8.42019110918045));
#8200=CARTESIAN_POINT('',(51.2783083021643,-8.,7.52523869276047));
#8201=CARTESIAN_POINT('Ctrl Pts',(51.2783083021643,-8.,7.52523869276047));
#8202=CARTESIAN_POINT('Ctrl Pts',(51.2774239977031,-8.,7.70109439434738));
#8203=CARTESIAN_POINT('Ctrl Pts',(51.2758976870111,-8.,8.00462157235222));
#8204=CARTESIAN_POINT('Ctrl Pts',(51.1969287951734,-8.,8.29714718087274));
#8205=CARTESIAN_POINT('Ctrl Pts',(51.1637124121191,-8.,8.42019110918045));
#8206=CARTESIAN_POINT('',(51.2783083021643,-7.,7.52523869276047));
#8207=CARTESIAN_POINT('',(51.2783083021643,-8.,7.52523869276047));
#8208=CARTESIAN_POINT('Ctrl Pts',(51.2783083021643,-7.,7.52523869276047));
#8209=CARTESIAN_POINT('Ctrl Pts',(51.2774239977031,-7.,7.70109439434738));
#8210=CARTESIAN_POINT('Ctrl Pts',(51.2758976870111,-7.,8.00462157235222));
#8211=CARTESIAN_POINT('Ctrl Pts',(51.1969287951734,-7.,8.29714718087274));
#8212=CARTESIAN_POINT('Ctrl Pts',(51.1637124121191,-7.,8.42019110918045));
#8213=CARTESIAN_POINT('Origin',(51.2783083021643,-8.,4.00000005960464));
#8214=CARTESIAN_POINT('',(51.2783083021643,-8.,4.00000005960464));
#8215=CARTESIAN_POINT('',(51.2783083021643,-8.,2.00000002980232));
#8216=CARTESIAN_POINT('',(51.2783083021643,-7.,4.00000005960464));
#8217=CARTESIAN_POINT('',(51.2783083021643,-8.,4.00000005960464));
#8218=CARTESIAN_POINT('',(51.2783083021643,-7.,4.00000005960464));
#8219=CARTESIAN_POINT('Origin',(52.2605737745764,-8.,4.00000005960464));
#8220=CARTESIAN_POINT('',(52.2605737745764,-8.,4.00000005960464));
#8221=CARTESIAN_POINT('',(21.1302868872882,-8.,4.00000005960464));
#8222=CARTESIAN_POINT('',(52.2605737745764,-7.,4.00000005960464));
#8223=CARTESIAN_POINT('',(52.2605737745764,-8.,4.00000005960464));
#8224=CARTESIAN_POINT('',(52.2605737745764,-7.,4.00000005960464));
#8225=CARTESIAN_POINT('Origin',(52.2605737745764,-8.,7.56343752145767));
#8226=CARTESIAN_POINT('',(52.2605737745764,-8.,7.56343752145767));
#8227=CARTESIAN_POINT('',(52.2605737745764,-8.,3.78171876072884));
#8228=CARTESIAN_POINT('',(52.2605737745764,-7.,7.56343752145767));
#8229=CARTESIAN_POINT('',(52.2605737745764,-8.,7.56343752145767));
#8230=CARTESIAN_POINT('',(52.2605737745764,-7.,7.56343752145767));
#8231=CARTESIAN_POINT('Ctrl Pts',(52.2060045301916,-8.,8.5184171795845));
#8232=CARTESIAN_POINT('Ctrl Pts',(52.2060045301916,-7.,8.5184171795845));
#8233=CARTESIAN_POINT('Ctrl Pts',(52.2217525182438,-8.,8.39349964819392));
#8234=CARTESIAN_POINT('Ctrl Pts',(52.2217525182438,-7.,8.39349964819392));
#8235=CARTESIAN_POINT('Ctrl Pts',(52.2617014540229,-8.,8.07661329911358));
#8236=CARTESIAN_POINT('Ctrl Pts',(52.2617014540229,-7.,8.07661329911358));
#8237=CARTESIAN_POINT('Ctrl Pts',(52.2609991987525,-8.,7.75703631682597));
#8238=CARTESIAN_POINT('Ctrl Pts',(52.2609991987525,-7.,7.75703631682597));
#8239=CARTESIAN_POINT('Ctrl Pts',(52.2605737745764,-8.,7.56343752145767));
#8240=CARTESIAN_POINT('Ctrl Pts',(52.2605737745764,-7.,7.56343752145767));
#8241=CARTESIAN_POINT('',(52.2060045301916,-8.,8.5184171795845));
#8242=CARTESIAN_POINT('Ctrl Pts',(52.2060045301916,-8.,8.5184171795845));
#8243=CARTESIAN_POINT('Ctrl Pts',(52.2217525182438,-8.,8.39349964819392));
#8244=CARTESIAN_POINT('Ctrl Pts',(52.2617014540229,-8.,8.07661329911358));
#8245=CARTESIAN_POINT('Ctrl Pts',(52.2609991987525,-8.,7.75703631682597));
#8246=CARTESIAN_POINT('Ctrl Pts',(52.2605737745764,-8.,7.56343752145767));
#8247=CARTESIAN_POINT('',(52.2060045301916,-7.,8.5184171795845));
#8248=CARTESIAN_POINT('',(52.2060045301916,-8.,8.5184171795845));
#8249=CARTESIAN_POINT('Ctrl Pts',(52.2060045301916,-7.,8.5184171795845));
#8250=CARTESIAN_POINT('Ctrl Pts',(52.2217525182438,-7.,8.39349964819392));
#8251=CARTESIAN_POINT('Ctrl Pts',(52.2617014540229,-7.,8.07661329911358));
#8252=CARTESIAN_POINT('Ctrl Pts',(52.2609991987525,-7.,7.75703631682597));
#8253=CARTESIAN_POINT('Ctrl Pts',(52.2605737745764,-7.,7.56343752145767));
#8254=CARTESIAN_POINT('Ctrl Pts',(51.9004091322424,-8.,9.24420207738876));
#8255=CARTESIAN_POINT('Ctrl Pts',(51.9004091322424,-7.,9.24420207738876));
#8256=CARTESIAN_POINT('Ctrl Pts',(51.9681676535031,-8.,9.13530212538766));
#8257=CARTESIAN_POINT('Ctrl Pts',(51.9681676535031,-7.,9.13530212538766));
#8258=CARTESIAN_POINT('Ctrl Pts',(52.1085141003341,-8.,8.90974051278062));
#8259=CARTESIAN_POINT('Ctrl Pts',(52.1085141003341,-7.,8.90974051278062));
#8260=CARTESIAN_POINT('Ctrl Pts',(52.17277068454,-8.,8.65181672735897));
#8261=CARTESIAN_POINT('Ctrl Pts',(52.17277068454,-7.,8.65181672735897));
#8262=CARTESIAN_POINT('Ctrl Pts',(52.2060045301916,-8.,8.5184171795845));
#8263=CARTESIAN_POINT('Ctrl Pts',(52.2060045301916,-7.,8.5184171795845));
#8264=CARTESIAN_POINT('',(51.9004091322424,-8.,9.24420207738876));
#8265=CARTESIAN_POINT('Ctrl Pts',(51.9004091322424,-8.,9.24420207738876));
#8266=CARTESIAN_POINT('Ctrl Pts',(51.9681676535031,-8.,9.13530212538766));
#8267=CARTESIAN_POINT('Ctrl Pts',(52.1085141003341,-8.,8.90974051278062));
#8268=CARTESIAN_POINT('Ctrl Pts',(52.17277068454,-8.,8.65181672735897));
#8269=CARTESIAN_POINT('Ctrl Pts',(52.2060045301916,-8.,8.5184171795845));
#8270=CARTESIAN_POINT('',(51.9004091322424,-7.,9.24420207738876));
#8271=CARTESIAN_POINT('',(51.9004091322424,-8.,9.24420207738876));
#8272=CARTESIAN_POINT('Ctrl Pts',(51.9004091322424,-7.,9.24420207738876));
#8273=CARTESIAN_POINT('Ctrl Pts',(51.9681676535031,-7.,9.13530212538766));
#8274=CARTESIAN_POINT('Ctrl Pts',(52.1085141003341,-7.,8.90974051278062));
#8275=CARTESIAN_POINT('Ctrl Pts',(52.17277068454,-7.,8.65181672735897));
#8276=CARTESIAN_POINT('Ctrl Pts',(52.2060045301916,-7.,8.5184171795845));
#8277=CARTESIAN_POINT('Ctrl Pts',(51.2401112616064,-8.,9.73533421754837));
#8278=CARTESIAN_POINT('Ctrl Pts',(51.2401112616064,-7.,9.73533421754837));
#8279=CARTESIAN_POINT('Ctrl Pts',(51.3753857370825,-8.,9.6721653945989));
#8280=CARTESIAN_POINT('Ctrl Pts',(51.3753857370825,-7.,9.6721653945989));
#8281=CARTESIAN_POINT('Ctrl Pts',(51.6295935402121,-8.,9.55345853839599));
#8282=CARTESIAN_POINT('Ctrl Pts',(51.6295935402121,-7.,9.55345853839599));
#8283=CARTESIAN_POINT('Ctrl Pts',(51.8140905871037,-8.,9.34277309240589));
#8284=CARTESIAN_POINT('Ctrl Pts',(51.8140905871037,-7.,9.34277309240589));
#8285=CARTESIAN_POINT('Ctrl Pts',(51.9004091322424,-8.,9.24420207738876));
#8286=CARTESIAN_POINT('Ctrl Pts',(51.9004091322424,-7.,9.24420207738876));
#8287=CARTESIAN_POINT('',(51.2401112616064,-8.,9.73533421754837));
#8288=CARTESIAN_POINT('Ctrl Pts',(51.2401112616064,-8.,9.73533421754837));
#8289=CARTESIAN_POINT('Ctrl Pts',(51.3753857370825,-8.,9.6721653945989));
#8290=CARTESIAN_POINT('Ctrl Pts',(51.6295935402121,-8.,9.55345853839599));
#8291=CARTESIAN_POINT('Ctrl Pts',(51.8140905871037,-8.,9.34277309240589));
#8292=CARTESIAN_POINT('Ctrl Pts',(51.9004091322424,-8.,9.24420207738876));
#8293=CARTESIAN_POINT('',(51.2401112616064,-7.,9.73533421754837));
#8294=CARTESIAN_POINT('',(51.2401112616064,-8.,9.73533421754837));
#8295=CARTESIAN_POINT('Ctrl Pts',(51.2401112616064,-7.,9.73533421754837));
#8296=CARTESIAN_POINT('Ctrl Pts',(51.3753857370825,-7.,9.6721653945989));
#8297=CARTESIAN_POINT('Ctrl Pts',(51.6295935402121,-7.,9.55345853839599));
#8298=CARTESIAN_POINT('Ctrl Pts',(51.8140905871037,-7.,9.34277309240589));
#8299=CARTESIAN_POINT('Ctrl Pts',(51.9004091322424,-7.,9.24420207738876));
#8300=CARTESIAN_POINT('Ctrl Pts',(50.2796730101111,-8.,9.92633014917374));
#8301=CARTESIAN_POINT('Ctrl Pts',(50.2796730101111,-7.,9.92633014917374));
#8302=CARTESIAN_POINT('Ctrl Pts',(50.448788556003,-8.,9.91917916200043));
#8303=CARTESIAN_POINT('Ctrl Pts',(50.448788556003,-7.,9.91917916200043));
#8304=CARTESIAN_POINT('Ctrl Pts',(50.7789509519415,-8.,9.90521836941916));
#8305=CARTESIAN_POINT('Ctrl Pts',(50.7789509519415,-7.,9.90521836941916));
#8306=CARTESIAN_POINT('Ctrl Pts',(51.0889161938322,-8.,9.79103208511752));
#8307=CARTESIAN_POINT('Ctrl Pts',(51.0889161938322,-7.,9.79103208511752));
#8308=CARTESIAN_POINT('Ctrl Pts',(51.2401112616064,-8.,9.73533421754837));
#8309=CARTESIAN_POINT('Ctrl Pts',(51.2401112616064,-7.,9.73533421754837));
#8310=CARTESIAN_POINT('',(50.2796730101111,-8.,9.92633014917374));
#8311=CARTESIAN_POINT('Ctrl Pts',(50.2796730101111,-8.,9.92633014917374));
#8312=CARTESIAN_POINT('Ctrl Pts',(50.448788556003,-8.,9.91917916200043));
#8313=CARTESIAN_POINT('Ctrl Pts',(50.7789509519415,-8.,9.90521836941916));
#8314=CARTESIAN_POINT('Ctrl Pts',(51.0889161938322,-8.,9.79103208511752));
#8315=CARTESIAN_POINT('Ctrl Pts',(51.2401112616064,-8.,9.73533421754837));
#8316=CARTESIAN_POINT('',(50.2796730101111,-7.,9.92633014917374));
#8317=CARTESIAN_POINT('',(50.2796730101111,-8.,9.92633014917374));
#8318=CARTESIAN_POINT('Ctrl Pts',(50.2796730101111,-7.,9.92633014917374));
#8319=CARTESIAN_POINT('Ctrl Pts',(50.448788556003,-7.,9.91917916200043));
#8320=CARTESIAN_POINT('Ctrl Pts',(50.7789509519415,-7.,9.90521836941916));
#8321=CARTESIAN_POINT('Ctrl Pts',(51.0889161938322,-7.,9.79103208511752));
#8322=CARTESIAN_POINT('Ctrl Pts',(51.2401112616064,-7.,9.73533421754837));
#8323=CARTESIAN_POINT('Ctrl Pts',(48.4351989328863,-8.,8.97135049104691));
#8324=CARTESIAN_POINT('Ctrl Pts',(48.4351989328863,-7.,8.97135049104691));
#8325=CARTESIAN_POINT('Ctrl Pts',(48.6745272347896,-8.,9.24986954059566));
#8326=CARTESIAN_POINT('Ctrl Pts',(48.6745272347896,-7.,9.24986954059566));
#8327=CARTESIAN_POINT('Ctrl Pts',(49.1602680791396,-8.,9.81515194647686));
#8328=CARTESIAN_POINT('Ctrl Pts',(49.1602680791396,-7.,9.81515194647686));
#8329=CARTESIAN_POINT('Ctrl Pts',(49.9029276176259,-8.,9.88891216533971));
#8330=CARTESIAN_POINT('Ctrl Pts',(49.9029276176259,-7.,9.88891216533971));
#8331=CARTESIAN_POINT('Ctrl Pts',(50.2796730101111,-8.,9.92633014917374));
#8332=CARTESIAN_POINT('Ctrl Pts',(50.2796730101111,-7.,9.92633014917374));
#8333=CARTESIAN_POINT('',(48.4351989328863,-8.,8.97135049104691));
#8334=CARTESIAN_POINT('Ctrl Pts',(48.4351989328863,-8.,8.97135049104691));
#8335=CARTESIAN_POINT('Ctrl Pts',(48.6745272347896,-8.,9.24986954059566));
#8336=CARTESIAN_POINT('Ctrl Pts',(49.1602680791396,-8.,9.81515194647686));
#8337=CARTESIAN_POINT('Ctrl Pts',(49.9029276176259,-8.,9.88891216533971));
#8338=CARTESIAN_POINT('Ctrl Pts',(50.2796730101111,-8.,9.92633014917374));
#8339=CARTESIAN_POINT('',(48.4351989328863,-7.,8.97135049104691));
#8340=CARTESIAN_POINT('',(48.4351989328863,-8.,8.97135049104691));
#8341=CARTESIAN_POINT('Ctrl Pts',(48.4351989328863,-7.,8.97135049104691));
#8342=CARTESIAN_POINT('Ctrl Pts',(48.6745272347896,-7.,9.24986954059566));
#8343=CARTESIAN_POINT('Ctrl Pts',(49.1602680791396,-7.,9.81515194647686));
#8344=CARTESIAN_POINT('Ctrl Pts',(49.9029276176259,-7.,9.88891216533971));
#8345=CARTESIAN_POINT('Ctrl Pts',(50.2796730101111,-7.,9.92633014917374));
#8346=CARTESIAN_POINT('Origin',(48.4351989328863,-8.,9.79536145925522));
#8347=CARTESIAN_POINT('',(48.4351989328863,-8.,9.79536145925522));
#8348=CARTESIAN_POINT('',(48.4351989328863,-8.,4.89768072962761));
#8349=CARTESIAN_POINT('',(48.4351989328863,-7.,9.79536145925522));
#8350=CARTESIAN_POINT('',(48.4351989328863,-8.,9.79536145925522));
#8351=CARTESIAN_POINT('',(48.4351989328863,-7.,9.79536145925522));
#8352=CARTESIAN_POINT('Origin',(47.5511607229712,-8.,9.79536145925522));
#8353=CARTESIAN_POINT('',(47.5511607229712,-8.,9.79536145925522));
#8354=CARTESIAN_POINT('',(18.7755803614856,-8.,9.79536145925522));
#8355=CARTESIAN_POINT('',(47.5511607229712,-7.,9.79536145925522));
#8356=CARTESIAN_POINT('',(47.5511607229712,-8.,9.79536145925522));
#8357=CARTESIAN_POINT('',(47.5511607229712,-7.,9.79536145925522));
#8358=CARTESIAN_POINT('Origin',(47.5511607229712,-8.,4.00000005960464));
#8359=CARTESIAN_POINT('',(47.5511607229712,-8.,4.00000005960464));
#8360=CARTESIAN_POINT('',(47.5511607229712,-8.,2.00000002980232));
#8361=CARTESIAN_POINT('',(47.5511607229712,-7.,4.00000005960464));
#8362=CARTESIAN_POINT('',(47.5511607229712,-8.,4.00000005960464));
#8363=CARTESIAN_POINT('',(47.5511607229712,-7.,4.00000005960464));
#8364=CARTESIAN_POINT('Origin',(48.5334261953833,-8.,4.00000005960464));
#8365=CARTESIAN_POINT('',(19.2667130976916,-8.,4.00000005960464));
#8366=CARTESIAN_POINT('',(48.5334261953833,-7.,4.00000005960464));
#8367=CARTESIAN_POINT('Origin',(59.0654855668547,-7.,6.88949525356293));
#8368=CARTESIAN_POINT('Origin',(46.0559364855292,-8.,12.0000001788139));
#8369=CARTESIAN_POINT('',(46.0559364855292,-8.,12.0000001788139));
#8370=CARTESIAN_POINT('',(46.0559364855292,-8.,10.8703956007957));
#8371=CARTESIAN_POINT('',(46.0559364855292,-8.,6.00000008940697));
#8372=CARTESIAN_POINT('',(46.0559364855292,-7.,12.0000001788139));
#8373=CARTESIAN_POINT('',(46.0559364855292,-8.,12.0000001788139));
#8374=CARTESIAN_POINT('',(46.0559364855292,-7.,10.8703956007957));
#8375=CARTESIAN_POINT('',(46.0559364855292,-7.,12.0000001788139));
#8376=CARTESIAN_POINT('',(46.0559364855292,-8.,10.8703956007957));
#8377=CARTESIAN_POINT('Origin',(45.0736722052099,-8.,12.0000001788139));
#8378=CARTESIAN_POINT('',(45.0736722052099,-8.,12.0000001788139));
#8379=CARTESIAN_POINT('',(17.536836102605,-8.,12.0000001788139));
#8380=CARTESIAN_POINT('',(45.0736722052099,-7.,12.0000001788139));
#8381=CARTESIAN_POINT('',(45.0736722052099,-8.,12.0000001788139));
#8382=CARTESIAN_POINT('',(45.0736722052099,-7.,12.0000001788139));
#8383=CARTESIAN_POINT('Origin',(45.0736722052099,-8.,10.8703956007957));
#8384=CARTESIAN_POINT('',(45.0736722052099,-8.,10.8703956007957));
#8385=CARTESIAN_POINT('',(45.0736722052099,-8.,5.43519780039787));
#8386=CARTESIAN_POINT('',(45.0736722052099,-7.,10.8703956007957));
#8387=CARTESIAN_POINT('',(45.0736722052099,-8.,10.8703956007957));
#8388=CARTESIAN_POINT('',(45.0736722052099,-7.,10.8703956007957));
#8389=CARTESIAN_POINT('Origin',(46.0559364855292,-8.,10.8703956007957));
#8390=CARTESIAN_POINT('',(18.0279682427646,-8.,10.8703956007957));
#8391=CARTESIAN_POINT('',(46.0559364855292,-7.,10.8703956007957));
#8392=CARTESIAN_POINT('Origin',(59.0654855668547,-7.,6.88949525356293));
#8393=CARTESIAN_POINT('Ctrl Pts',(37.6139172613623,-8.,9.15688961744308));
#8394=CARTESIAN_POINT('Ctrl Pts',(37.6139172613623,-7.,9.15688961744308));
#8395=CARTESIAN_POINT('Ctrl Pts',(37.4065884337202,-8.,9.12722018492936));
#8396=CARTESIAN_POINT('Ctrl Pts',(37.4065884337202,-7.,9.12722018492936));
#8397=CARTESIAN_POINT('Ctrl Pts',(36.9670535027077,-8.,9.06432130047896));
#8398=CARTESIAN_POINT('Ctrl Pts',(36.9670535027077,-7.,9.06432130047896));
#8399=CARTESIAN_POINT('Ctrl Pts',(36.6618978716722,-8.,8.73926035821447));
#8400=CARTESIAN_POINT('Ctrl Pts',(36.6618978716722,-7.,8.73926035821447));
#8401=CARTESIAN_POINT('Ctrl Pts',(36.5006842911245,-8.,8.56753081083298));
#8402=CARTESIAN_POINT('Ctrl Pts',(36.5006842911245,-7.,8.56753081083298));
#8403=CARTESIAN_POINT('',(37.6139172613623,-8.,9.15688961744308));
#8404=CARTESIAN_POINT('',(36.5006842911245,-8.,8.56753081083298));
#8405=CARTESIAN_POINT('Ctrl Pts',(37.6139172613623,-8.,9.15688961744308));
#8406=CARTESIAN_POINT('Ctrl Pts',(37.4065884337202,-8.,9.12722018492936));
#8407=CARTESIAN_POINT('Ctrl Pts',(36.9670535027077,-8.,9.06432130047896));
#8408=CARTESIAN_POINT('Ctrl Pts',(36.6618978716722,-8.,8.73926035821447));
#8409=CARTESIAN_POINT('Ctrl Pts',(36.5006842911245,-8.,8.56753081083298));
#8410=CARTESIAN_POINT('',(37.6139172613623,-7.,9.15688961744308));
#8411=CARTESIAN_POINT('',(37.6139172613623,-8.,9.15688961744308));
#8412=CARTESIAN_POINT('',(36.5006842911245,-7.,8.56753081083298));
#8413=CARTESIAN_POINT('Ctrl Pts',(37.6139172613623,-7.,9.15688961744308));
#8414=CARTESIAN_POINT('Ctrl Pts',(37.4065884337202,-7.,9.12722018492936));
#8415=CARTESIAN_POINT('Ctrl Pts',(36.9670535027077,-7.,9.06432130047896));
#8416=CARTESIAN_POINT('Ctrl Pts',(36.6618978716722,-7.,8.73926035821447));
#8417=CARTESIAN_POINT('Ctrl Pts',(36.5006842911245,-7.,8.56753081083298));
#8418=CARTESIAN_POINT('',(36.5006842911245,-8.,8.56753081083298));
#8419=CARTESIAN_POINT('Ctrl Pts',(38.6998656094076,-8.,8.60572963953018));
#8420=CARTESIAN_POINT('Ctrl Pts',(38.6998656094076,-7.,8.60572963953018));
#8421=CARTESIAN_POINT('Ctrl Pts',(38.5452743291501,-8.,8.76642785856838));
#8422=CARTESIAN_POINT('Ctrl Pts',(38.5452743291501,-7.,8.76642785856838));
#8423=CARTESIAN_POINT('Ctrl Pts',(38.2464226303414,-8.,9.07708532692684));
#8424=CARTESIAN_POINT('Ctrl Pts',(38.2464226303414,-7.,9.07708532692684));
#8425=CARTESIAN_POINT('Ctrl Pts',(37.8198369049244,-8.,9.13090838176701));
#8426=CARTESIAN_POINT('Ctrl Pts',(37.8198369049244,-7.,9.13090838176701));
#8427=CARTESIAN_POINT('Ctrl Pts',(37.6139172613623,-8.,9.15688961744308));
#8428=CARTESIAN_POINT('Ctrl Pts',(37.6139172613623,-7.,9.15688961744308));
#8429=CARTESIAN_POINT('',(38.6998656094076,-8.,8.60572963953018));
#8430=CARTESIAN_POINT('Ctrl Pts',(38.6998656094076,-8.,8.60572963953018));
#8431=CARTESIAN_POINT('Ctrl Pts',(38.5452743291501,-8.,8.76642785856838));
#8432=CARTESIAN_POINT('Ctrl Pts',(38.2464226303414,-8.,9.07708532692684));
#8433=CARTESIAN_POINT('Ctrl Pts',(37.8198369049244,-8.,9.13090838176701));
#8434=CARTESIAN_POINT('Ctrl Pts',(37.6139172613623,-8.,9.15688961744308));
#8435=CARTESIAN_POINT('',(38.6998656094076,-7.,8.60572963953018));
#8436=CARTESIAN_POINT('',(38.6998656094076,-8.,8.60572963953018));
#8437=CARTESIAN_POINT('Ctrl Pts',(38.6998656094076,-7.,8.60572963953018));
#8438=CARTESIAN_POINT('Ctrl Pts',(38.5452743291501,-7.,8.76642785856838));
#8439=CARTESIAN_POINT('Ctrl Pts',(38.2464226303414,-7.,9.07708532692684));
#8440=CARTESIAN_POINT('Ctrl Pts',(37.8198369049244,-7.,9.13090838176701));
#8441=CARTESIAN_POINT('Ctrl Pts',(37.6139172613623,-7.,9.15688961744308));
#8442=CARTESIAN_POINT('Ctrl Pts',(39.1582557260992,-8.,6.94679409265518));
#8443=CARTESIAN_POINT('Ctrl Pts',(39.1582557260992,-7.,6.94679409265518));
#8444=CARTESIAN_POINT('Ctrl Pts',(39.1498615852889,-8.,7.27855950660698));
#8445=CARTESIAN_POINT('Ctrl Pts',(39.1498615852889,-7.,7.27855950660698));
#8446=CARTESIAN_POINT('Ctrl Pts',(39.1348305939774,-8.,7.87263615688906));
#8447=CARTESIAN_POINT('Ctrl Pts',(39.1348305939774,-7.,7.87263615688906));
#8448=CARTESIAN_POINT('Ctrl Pts',(38.83309519456,-8.,8.38118342538656));
#8449=CARTESIAN_POINT('Ctrl Pts',(38.83309519456,-7.,8.38118342538656));
#8450=CARTESIAN_POINT('Ctrl Pts',(38.6998656094076,-8.,8.60572963953018));
#8451=CARTESIAN_POINT('Ctrl Pts',(38.6998656094076,-7.,8.60572963953018));
#8452=CARTESIAN_POINT('',(39.1582557260992,-8.,6.94679409265518));
#8453=CARTESIAN_POINT('Ctrl Pts',(39.1582557260992,-8.,6.94679409265518));
#8454=CARTESIAN_POINT('Ctrl Pts',(39.1498615852889,-8.,7.27855950660698));
#8455=CARTESIAN_POINT('Ctrl Pts',(39.1348305939774,-8.,7.87263615688906));
#8456=CARTESIAN_POINT('Ctrl Pts',(38.83309519456,-8.,8.38118342538656));
#8457=CARTESIAN_POINT('Ctrl Pts',(38.6998656094076,-8.,8.60572963953018));
#8458=CARTESIAN_POINT('',(39.1582557260992,-7.,6.94679409265518));
#8459=CARTESIAN_POINT('',(39.1582557260992,-8.,6.94679409265518));
#8460=CARTESIAN_POINT('Ctrl Pts',(39.1582557260992,-7.,6.94679409265518));
#8461=CARTESIAN_POINT('Ctrl Pts',(39.1498615852889,-7.,7.27855950660698));
#8462=CARTESIAN_POINT('Ctrl Pts',(39.1348305939774,-7.,7.87263615688906));
#8463=CARTESIAN_POINT('Ctrl Pts',(38.83309519456,-7.,8.38118342538656));
#8464=CARTESIAN_POINT('Ctrl Pts',(38.6998656094076,-7.,8.60572963953018));
#8465=CARTESIAN_POINT('Ctrl Pts',(38.6889514029028,-8.,5.22783070802689));
#8466=CARTESIAN_POINT('Ctrl Pts',(38.6889514029028,-7.,5.22783070802689));
#8467=CARTESIAN_POINT('Ctrl Pts',(38.8252845234625,-8.,5.45820743045973));
#8468=CARTESIAN_POINT('Ctrl Pts',(38.8252845234625,-7.,5.45820743045973));
#8469=CARTESIAN_POINT('Ctrl Pts',(39.1370880861836,-8.,5.98509541283472));
#8470=CARTESIAN_POINT('Ctrl Pts',(39.1370880861836,-7.,5.98509541283472));
#8471=CARTESIAN_POINT('Ctrl Pts',(39.1506331254715,-8.,6.60048033307993));
#8472=CARTESIAN_POINT('Ctrl Pts',(39.1506331254715,-7.,6.60048033307993));
#8473=CARTESIAN_POINT('Ctrl Pts',(39.1582557260992,-8.,6.94679409265518));
#8474=CARTESIAN_POINT('Ctrl Pts',(39.1582557260992,-7.,6.94679409265518));
#8475=CARTESIAN_POINT('',(38.6889514029028,-8.,5.22783070802689));
#8476=CARTESIAN_POINT('Ctrl Pts',(38.6889514029028,-8.,5.22783070802689));
#8477=CARTESIAN_POINT('Ctrl Pts',(38.8252845234625,-8.,5.45820743045973));
#8478=CARTESIAN_POINT('Ctrl Pts',(39.1370880861836,-8.,5.98509541283472));
#8479=CARTESIAN_POINT('Ctrl Pts',(39.1506331254715,-8.,6.60048033307993));
#8480=CARTESIAN_POINT('Ctrl Pts',(39.1582557260992,-8.,6.94679409265518));
#8481=CARTESIAN_POINT('',(38.6889514029028,-7.,5.22783070802689));
#8482=CARTESIAN_POINT('',(38.6889514029028,-8.,5.22783070802689));
#8483=CARTESIAN_POINT('Ctrl Pts',(38.6889514029028,-7.,5.22783070802689));
#8484=CARTESIAN_POINT('Ctrl Pts',(38.8252845234625,-7.,5.45820743045973));
#8485=CARTESIAN_POINT('Ctrl Pts',(39.1370880861836,-7.,5.98509541283472));
#8486=CARTESIAN_POINT('Ctrl Pts',(39.1506331254715,-7.,6.60048033307993));
#8487=CARTESIAN_POINT('Ctrl Pts',(39.1582557260992,-7.,6.94679409265518));
#8488=CARTESIAN_POINT('Ctrl Pts',(37.5702616274359,-8.,4.67667132616043));
#8489=CARTESIAN_POINT('Ctrl Pts',(37.5702616274359,-7.,4.67667132616043));
#8490=CARTESIAN_POINT('Ctrl Pts',(37.7825841806712,-8.,4.70206029485905));
#8491=CARTESIAN_POINT('Ctrl Pts',(37.7825841806712,-7.,4.70206029485905));
#8492=CARTESIAN_POINT('Ctrl Pts',(38.2192317749649,-8.,4.7542734579683));
#8493=CARTESIAN_POINT('Ctrl Pts',(38.2192317749649,-7.,4.7542734579683));
#8494=CARTESIAN_POINT('Ctrl Pts',(38.5295350077491,-8.,5.06711187659403));
#8495=CARTESIAN_POINT('Ctrl Pts',(38.5295350077491,-7.,5.06711187659403));
#8496=CARTESIAN_POINT('Ctrl Pts',(38.6889514029028,-8.,5.22783070802689));
#8497=CARTESIAN_POINT('Ctrl Pts',(38.6889514029028,-7.,5.22783070802689));
#8498=CARTESIAN_POINT('',(37.5702616274359,-8.,4.67667132616043));
#8499=CARTESIAN_POINT('Ctrl Pts',(37.5702616274359,-8.,4.67667132616043));
#8500=CARTESIAN_POINT('Ctrl Pts',(37.7825841806712,-8.,4.70206029485905));
#8501=CARTESIAN_POINT('Ctrl Pts',(38.2192317749649,-8.,4.7542734579683));
#8502=CARTESIAN_POINT('Ctrl Pts',(38.5295350077491,-8.,5.06711187659403));
#8503=CARTESIAN_POINT('Ctrl Pts',(38.6889514029028,-8.,5.22783070802689));
#8504=CARTESIAN_POINT('',(37.5702616274359,-7.,4.67667132616043));
#8505=CARTESIAN_POINT('',(37.5702616274359,-8.,4.67667132616043));
#8506=CARTESIAN_POINT('Ctrl Pts',(37.5702616274359,-7.,4.67667132616043));
#8507=CARTESIAN_POINT('Ctrl Pts',(37.7825841806712,-7.,4.70206029485905));
#8508=CARTESIAN_POINT('Ctrl Pts',(38.2192317749649,-7.,4.7542734579683));
#8509=CARTESIAN_POINT('Ctrl Pts',(38.5295350077491,-7.,5.06711187659403));
#8510=CARTESIAN_POINT('Ctrl Pts',(38.6889514029028,-7.,5.22783070802689));
#8511=CARTESIAN_POINT('Ctrl Pts',(36.4733990728857,-8.,5.21145969629288));
#8512=CARTESIAN_POINT('Ctrl Pts',(36.4733990728857,-7.,5.21145969629288));
#8513=CARTESIAN_POINT('Ctrl Pts',(36.6295972169706,-8.,5.05550676173249));
#8514=CARTESIAN_POINT('Ctrl Pts',(36.6295972169706,-7.,5.05550676173249));
#8515=CARTESIAN_POINT('Ctrl Pts',(36.9345576075881,-8.,4.75102511683132));
#8516=CARTESIAN_POINT('Ctrl Pts',(36.9345576075881,-7.,4.75102511683132));
#8517=CARTESIAN_POINT('Ctrl Pts',(37.3618330625391,-8.,4.7010497371824));
#8518=CARTESIAN_POINT('Ctrl Pts',(37.3618330625391,-7.,4.7010497371824));
#8519=CARTESIAN_POINT('Ctrl Pts',(37.5702616274359,-8.,4.67667132616043));
#8520=CARTESIAN_POINT('Ctrl Pts',(37.5702616274359,-7.,4.67667132616043));
#8521=CARTESIAN_POINT('',(36.4733990728857,-8.,5.21145969629288));
#8522=CARTESIAN_POINT('Ctrl Pts',(36.4733990728857,-8.,5.21145969629288));
#8523=CARTESIAN_POINT('Ctrl Pts',(36.6295972169706,-8.,5.05550676173249));
#8524=CARTESIAN_POINT('Ctrl Pts',(36.9345576075881,-8.,4.75102511683132));
#8525=CARTESIAN_POINT('Ctrl Pts',(37.3618330625391,-8.,4.7010497371824));
#8526=CARTESIAN_POINT('Ctrl Pts',(37.5702616274359,-8.,4.67667132616043));
#8527=CARTESIAN_POINT('',(36.4733990728857,-7.,5.21145969629288));
#8528=CARTESIAN_POINT('',(36.4733990728857,-8.,5.21145969629288));
#8529=CARTESIAN_POINT('Ctrl Pts',(36.4733990728857,-7.,5.21145969629288));
#8530=CARTESIAN_POINT('Ctrl Pts',(36.6295972169706,-7.,5.05550676173249));
#8531=CARTESIAN_POINT('Ctrl Pts',(36.9345576075881,-7.,4.75102511683132));
#8532=CARTESIAN_POINT('Ctrl Pts',(37.3618330625391,-7.,4.7010497371824));
#8533=CARTESIAN_POINT('Ctrl Pts',(37.5702616274359,-7.,4.67667132616043));
#8534=CARTESIAN_POINT('Ctrl Pts',(36.0204657614233,-8.,6.86493903398514));
#8535=CARTESIAN_POINT('Ctrl Pts',(36.0204657614233,-7.,6.86493903398514));
#8536=CARTESIAN_POINT('Ctrl Pts',(36.0278191088168,-8.,6.53165255592301));
#8537=CARTESIAN_POINT('Ctrl Pts',(36.0278191088168,-7.,6.53165255592301));
#8538=CARTESIAN_POINT('Ctrl Pts',(36.0408853274545,-8.,5.93943329055471));
#8539=CARTESIAN_POINT('Ctrl Pts',(36.0408853274545,-7.,5.93943329055471));
#8540=CARTESIAN_POINT('Ctrl Pts',(36.3418221245592,-8.,5.43291981173902));
#8541=CARTESIAN_POINT('Ctrl Pts',(36.3418221245592,-7.,5.43291981173902));
#8542=CARTESIAN_POINT('Ctrl Pts',(36.4733990728857,-8.,5.21145969629288));
#8543=CARTESIAN_POINT('Ctrl Pts',(36.4733990728857,-7.,5.21145969629288));
#8544=CARTESIAN_POINT('',(36.0204657614233,-8.,6.86493903398514));
#8545=CARTESIAN_POINT('Ctrl Pts',(36.0204657614233,-8.,6.86493903398514));
#8546=CARTESIAN_POINT('Ctrl Pts',(36.0278191088168,-8.,6.53165255592301));
#8547=CARTESIAN_POINT('Ctrl Pts',(36.0408853274545,-8.,5.93943329055471));
#8548=CARTESIAN_POINT('Ctrl Pts',(36.3418221245592,-8.,5.43291981173902));
#8549=CARTESIAN_POINT('Ctrl Pts',(36.4733990728857,-8.,5.21145969629288));
#8550=CARTESIAN_POINT('',(36.0204657614233,-7.,6.86493903398514));
#8551=CARTESIAN_POINT('',(36.0204657614233,-8.,6.86493903398514));
#8552=CARTESIAN_POINT('Ctrl Pts',(36.0204657614233,-7.,6.86493903398514));
#8553=CARTESIAN_POINT('Ctrl Pts',(36.0278191088168,-7.,6.53165255592301));
#8554=CARTESIAN_POINT('Ctrl Pts',(36.0408853274545,-7.,5.93943329055471));
#8555=CARTESIAN_POINT('Ctrl Pts',(36.3418221245592,-7.,5.43291981173902));
#8556=CARTESIAN_POINT('Ctrl Pts',(36.4733990728857,-7.,5.21145969629288));
#8557=CARTESIAN_POINT('Ctrl Pts',(36.5006842911245,-8.,8.56753081083298));
#8558=CARTESIAN_POINT('Ctrl Pts',(36.5006842911245,-7.,8.56753081083298));
#8559=CARTESIAN_POINT('Ctrl Pts',(36.3610233020299,-8.,8.33425094635627));
#8560=CARTESIAN_POINT('Ctrl Pts',(36.3610233020299,-7.,8.33425094635627));
#8561=CARTESIAN_POINT('Ctrl Pts',(36.0487614603335,-8.,7.8126707929835));
#8562=CARTESIAN_POINT('Ctrl Pts',(36.0487614603335,-7.,7.8126707929835));
#8563=CARTESIAN_POINT('Ctrl Pts',(36.0305384310972,-8.,7.20231147274877));
#8564=CARTESIAN_POINT('Ctrl Pts',(36.0305384310972,-7.,7.20231147274877));
#8565=CARTESIAN_POINT('Ctrl Pts',(36.0204657614233,-8.,6.86493903398514));
#8566=CARTESIAN_POINT('Ctrl Pts',(36.0204657614233,-7.,6.86493903398514));
#8567=CARTESIAN_POINT('Ctrl Pts',(36.5006842911245,-8.,8.56753081083298));
#8568=CARTESIAN_POINT('Ctrl Pts',(36.3610233020299,-8.,8.33425094635627));
#8569=CARTESIAN_POINT('Ctrl Pts',(36.0487614603335,-8.,7.8126707929835));
#8570=CARTESIAN_POINT('Ctrl Pts',(36.0305384310972,-8.,7.20231147274877));
#8571=CARTESIAN_POINT('Ctrl Pts',(36.0204657614233,-8.,6.86493903398514));
#8572=CARTESIAN_POINT('Ctrl Pts',(36.5006842911245,-7.,8.56753081083298));
#8573=CARTESIAN_POINT('Ctrl Pts',(36.3610233020299,-7.,8.33425094635627));
#8574=CARTESIAN_POINT('Ctrl Pts',(36.0487614603335,-7.,7.8126707929835));
#8575=CARTESIAN_POINT('Ctrl Pts',(36.0305384310972,-7.,7.20231147274877));
#8576=CARTESIAN_POINT('Ctrl Pts',(36.0204657614233,-7.,6.86493903398514));
#8577=CARTESIAN_POINT('Origin',(36.1132356226446,-8.,4.60027307271957));
#8578=CARTESIAN_POINT('',(36.1132356226446,-8.,4.60027307271957));
#8579=CARTESIAN_POINT('',(36.1132356226446,-8.,1.77899032831192));
#8580=CARTESIAN_POINT('',(36.1132356226446,-8.,2.30013653635979));
#8581=CARTESIAN_POINT('',(36.1132356226446,-7.,4.60027307271957));
#8582=CARTESIAN_POINT('',(36.1132356226446,-8.,4.60027307271957));
#8583=CARTESIAN_POINT('',(36.1132356226446,-7.,1.77899032831192));
#8584=CARTESIAN_POINT('',(36.1132356226446,-7.,4.60027307271957));
#8585=CARTESIAN_POINT('',(36.1132356226446,-8.,1.77899032831192));
#8586=CARTESIAN_POINT('Ctrl Pts',(36.7517074644568,-8.,4.07639890909195));
#8587=CARTESIAN_POINT('Ctrl Pts',(36.7517074644568,-7.,4.07639890909195));
#8588=CARTESIAN_POINT('Ctrl Pts',(36.6291962052782,-8.,4.14887735050262));
#8589=CARTESIAN_POINT('Ctrl Pts',(36.6291962052782,-7.,4.14887735050262));
#8590=CARTESIAN_POINT('Ctrl Pts',(36.3893792066798,-8.,4.29075461467195));
#8591=CARTESIAN_POINT('Ctrl Pts',(36.3893792066798,-7.,4.29075461467195));
#8592=CARTESIAN_POINT('Ctrl Pts',(36.2039417689153,-8.,4.49860412890815));
#8593=CARTESIAN_POINT('Ctrl Pts',(36.2039417689153,-7.,4.49860412890815));
#8594=CARTESIAN_POINT('Ctrl Pts',(36.1132356226446,-8.,4.60027307271957));
#8595=CARTESIAN_POINT('Ctrl Pts',(36.1132356226446,-7.,4.60027307271957));
#8596=CARTESIAN_POINT('',(36.7517074644568,-8.,4.07639890909195));
#8597=CARTESIAN_POINT('Ctrl Pts',(36.7517074644568,-8.,4.07639890909195));
#8598=CARTESIAN_POINT('Ctrl Pts',(36.6291962052782,-8.,4.14887735050262));
#8599=CARTESIAN_POINT('Ctrl Pts',(36.3893792066798,-8.,4.29075461467195));
#8600=CARTESIAN_POINT('Ctrl Pts',(36.2039417689153,-8.,4.49860412890815));
#8601=CARTESIAN_POINT('Ctrl Pts',(36.1132356226446,-8.,4.60027307271957));
#8602=CARTESIAN_POINT('',(36.7517074644568,-7.,4.07639890909195));
#8603=CARTESIAN_POINT('',(36.7517074644568,-8.,4.07639890909195));
#8604=CARTESIAN_POINT('Ctrl Pts',(36.7517074644568,-7.,4.07639890909195));
#8605=CARTESIAN_POINT('Ctrl Pts',(36.6291962052782,-7.,4.14887735050262));
#8606=CARTESIAN_POINT('Ctrl Pts',(36.3893792066798,-7.,4.29075461467195));
#8607=CARTESIAN_POINT('Ctrl Pts',(36.2039417689153,-7.,4.49860412890815));
#8608=CARTESIAN_POINT('Ctrl Pts',(36.1132356226446,-7.,4.60027307271957));
#8609=CARTESIAN_POINT('Ctrl Pts',(37.6357456743719,-8.,3.86903196573257));
#8610=CARTESIAN_POINT('Ctrl Pts',(37.6357456743719,-7.,3.86903196573257));
#8611=CARTESIAN_POINT('Ctrl Pts',(37.4779401776845,-8.,3.87673088292515));
#8612=CARTESIAN_POINT('Ctrl Pts',(37.4779401776845,-7.,3.87673088292515));
#8613=CARTESIAN_POINT('Ctrl Pts',(37.1703816734966,-8.,3.89173585743693));
#8614=CARTESIAN_POINT('Ctrl Pts',(37.1703816734966,-7.,3.89173585743693));
#8615=CARTESIAN_POINT('Ctrl Pts',(36.8888081504533,-8.,4.01592842747766));
#8616=CARTESIAN_POINT('Ctrl Pts',(36.8888081504533,-7.,4.01592842747766));
#8617=CARTESIAN_POINT('Ctrl Pts',(36.7517074644568,-8.,4.07639890909195));
#8618=CARTESIAN_POINT('Ctrl Pts',(36.7517074644568,-7.,4.07639890909195));
#8619=CARTESIAN_POINT('',(37.6357456743719,-8.,3.86903196573257));
#8620=CARTESIAN_POINT('Ctrl Pts',(37.6357456743719,-8.,3.86903196573257));
#8621=CARTESIAN_POINT('Ctrl Pts',(37.4779401776845,-8.,3.87673088292515));
#8622=CARTESIAN_POINT('Ctrl Pts',(37.1703816734966,-8.,3.89173585743693));
#8623=CARTESIAN_POINT('Ctrl Pts',(36.8888081504533,-8.,4.01592842747766));
#8624=CARTESIAN_POINT('Ctrl Pts',(36.7517074644568,-8.,4.07639890909195));
#8625=CARTESIAN_POINT('',(37.6357456743719,-7.,3.86903196573257));
#8626=CARTESIAN_POINT('',(37.6357456743719,-8.,3.86903196573257));
#8627=CARTESIAN_POINT('Ctrl Pts',(37.6357456743719,-7.,3.86903196573257));
#8628=CARTESIAN_POINT('Ctrl Pts',(37.4779401776845,-7.,3.87673088292515));
#8629=CARTESIAN_POINT('Ctrl Pts',(37.1703816734966,-7.,3.89173585743693));
#8630=CARTESIAN_POINT('Ctrl Pts',(36.8888081504533,-7.,4.01592842747766));
#8631=CARTESIAN_POINT('Ctrl Pts',(36.7517074644568,-7.,4.07639890909195));
#8632=CARTESIAN_POINT('Ctrl Pts',(38.9126893579962,-8.,4.24556642770767));
#8633=CARTESIAN_POINT('Ctrl Pts',(38.9126893579962,-7.,4.24556642770767));
#8634=CARTESIAN_POINT('Ctrl Pts',(38.7099071394796,-8.,4.1357521222177));
#8635=CARTESIAN_POINT('Ctrl Pts',(38.7099071394796,-7.,4.1357521222177));
#8636=CARTESIAN_POINT('Ctrl Pts',(38.3107609966253,-8.,3.91959926233101));
#8637=CARTESIAN_POINT('Ctrl Pts',(38.3107609966253,-7.,3.91959926233101));
#8638=CARTESIAN_POINT('Ctrl Pts',(37.8583257195603,-8.,3.88570606303211));
#8639=CARTESIAN_POINT('Ctrl Pts',(37.8583257195603,-7.,3.88570606303211));
#8640=CARTESIAN_POINT('Ctrl Pts',(37.6357456743719,-8.,3.86903196573257));
#8641=CARTESIAN_POINT('Ctrl Pts',(37.6357456743719,-7.,3.86903196573257));
#8642=CARTESIAN_POINT('',(38.9126893579962,-8.,4.24556642770767));
#8643=CARTESIAN_POINT('Ctrl Pts',(38.9126893579962,-8.,4.24556642770767));
#8644=CARTESIAN_POINT('Ctrl Pts',(38.7099071394796,-8.,4.1357521222177));
#8645=CARTESIAN_POINT('Ctrl Pts',(38.3107609966253,-8.,3.91959926233101));
#8646=CARTESIAN_POINT('Ctrl Pts',(37.8583257195603,-8.,3.88570606303211));
#8647=CARTESIAN_POINT('Ctrl Pts',(37.6357456743719,-8.,3.86903196573257));
#8648=CARTESIAN_POINT('',(38.9126893579962,-7.,4.24556642770767));
#8649=CARTESIAN_POINT('',(38.9126893579962,-8.,4.24556642770767));
#8650=CARTESIAN_POINT('Ctrl Pts',(38.9126893579962,-7.,4.24556642770767));
#8651=CARTESIAN_POINT('Ctrl Pts',(38.7099071394796,-7.,4.1357521222177));
#8652=CARTESIAN_POINT('Ctrl Pts',(38.3107609966253,-7.,3.91959926233101));
#8653=CARTESIAN_POINT('Ctrl Pts',(37.8583257195603,-7.,3.88570606303211));
#8654=CARTESIAN_POINT('Ctrl Pts',(37.6357456743719,-7.,3.86903196573257));
#8655=CARTESIAN_POINT('Ctrl Pts',(39.8403837978842,-8.,5.33697158098221));
#8656=CARTESIAN_POINT('Ctrl Pts',(39.8403837978842,-7.,5.33697158098221));
#8657=CARTESIAN_POINT('Ctrl Pts',(39.7247134092708,-8.,5.11547931036953));
#8658=CARTESIAN_POINT('Ctrl Pts',(39.7247134092708,-7.,5.11547931036953));
#8659=CARTESIAN_POINT('Ctrl Pts',(39.4979087351628,-8.,4.68118075863151));
#8660=CARTESIAN_POINT('Ctrl Pts',(39.4979087351628,-7.,4.68118075863151));
#8661=CARTESIAN_POINT('Ctrl Pts',(39.1051440469007,-8.,4.38882214310484));
#8662=CARTESIAN_POINT('Ctrl Pts',(39.1051440469007,-7.,4.38882214310484));
#8663=CARTESIAN_POINT('Ctrl Pts',(38.9126893579962,-8.,4.24556642770767));
#8664=CARTESIAN_POINT('Ctrl Pts',(38.9126893579962,-7.,4.24556642770767));
#8665=CARTESIAN_POINT('',(39.8403837978842,-8.,5.33697158098221));
#8666=CARTESIAN_POINT('Ctrl Pts',(39.8403837978842,-8.,5.33697158098221));
#8667=CARTESIAN_POINT('Ctrl Pts',(39.7247134092708,-8.,5.11547931036953));
#8668=CARTESIAN_POINT('Ctrl Pts',(39.4979087351628,-8.,4.68118075863151));
#8669=CARTESIAN_POINT('Ctrl Pts',(39.1051440469007,-8.,4.38882214310484));
#8670=CARTESIAN_POINT('Ctrl Pts',(38.9126893579962,-8.,4.24556642770767));
#8671=CARTESIAN_POINT('',(39.8403837978842,-7.,5.33697158098221));
#8672=CARTESIAN_POINT('',(39.8403837978842,-8.,5.33697158098221));
#8673=CARTESIAN_POINT('Ctrl Pts',(39.8403837978842,-7.,5.33697158098221));
#8674=CARTESIAN_POINT('Ctrl Pts',(39.7247134092708,-7.,5.11547931036953));
#8675=CARTESIAN_POINT('Ctrl Pts',(39.4979087351628,-7.,4.68118075863151));
#8676=CARTESIAN_POINT('Ctrl Pts',(39.1051440469007,-7.,4.38882214310484));
#8677=CARTESIAN_POINT('Ctrl Pts',(38.9126893579962,-7.,4.24556642770767));
#8678=CARTESIAN_POINT('Ctrl Pts',(40.1623484194281,-8.,6.94133669137955));
#8679=CARTESIAN_POINT('Ctrl Pts',(40.1623484194281,-7.,6.94133669137955));
#8680=CARTESIAN_POINT('Ctrl Pts',(40.1507703303797,-8.,6.65627422835358));
#8681=CARTESIAN_POINT('Ctrl Pts',(40.1507703303797,-7.,6.65627422835358));
#8682=CARTESIAN_POINT('Ctrl Pts',(40.1283448839596,-8.,6.10414054167184));
#8683=CARTESIAN_POINT('Ctrl Pts',(40.1283448839596,-7.,6.10414054167184));
#8684=CARTESIAN_POINT('Ctrl Pts',(39.9342627757235,-8.,5.58707842299038));
#8685=CARTESIAN_POINT('Ctrl Pts',(39.9342627757235,-7.,5.58707842299038));
#8686=CARTESIAN_POINT('Ctrl Pts',(39.8403837978842,-8.,5.33697158098221));
#8687=CARTESIAN_POINT('Ctrl Pts',(39.8403837978842,-7.,5.33697158098221));
#8688=CARTESIAN_POINT('',(40.1623484194281,-8.,6.94133669137955));
#8689=CARTESIAN_POINT('Ctrl Pts',(40.1623484194281,-8.,6.94133669137955));
#8690=CARTESIAN_POINT('Ctrl Pts',(40.1507703303797,-8.,6.65627422835358));
#8691=CARTESIAN_POINT('Ctrl Pts',(40.1283448839596,-8.,6.10414054167184));
#8692=CARTESIAN_POINT('Ctrl Pts',(39.9342627757235,-8.,5.58707842299038));
#8693=CARTESIAN_POINT('Ctrl Pts',(39.8403837978842,-8.,5.33697158098221));
#8694=CARTESIAN_POINT('',(40.1623484194281,-7.,6.94133669137955));
#8695=CARTESIAN_POINT('',(40.1623484194281,-8.,6.94133669137955));
#8696=CARTESIAN_POINT('Ctrl Pts',(40.1623484194281,-7.,6.94133669137955));
#8697=CARTESIAN_POINT('Ctrl Pts',(40.1507703303797,-7.,6.65627422835358));
#8698=CARTESIAN_POINT('Ctrl Pts',(40.1283448839596,-7.,6.10414054167184));
#8699=CARTESIAN_POINT('Ctrl Pts',(39.9342627757235,-7.,5.58707842299038));
#8700=CARTESIAN_POINT('Ctrl Pts',(39.8403837978842,-7.,5.33697158098221));
#8701=CARTESIAN_POINT('Ctrl Pts',(39.8731264173987,-8.,8.46384733915329));
#8702=CARTESIAN_POINT('Ctrl Pts',(39.8731264173987,-7.,8.46384733915329));
#8703=CARTESIAN_POINT('Ctrl Pts',(39.9574676134773,-8.,8.22378247369928));
#8704=CARTESIAN_POINT('Ctrl Pts',(39.9574676134773,-7.,8.22378247369928));
#8705=CARTESIAN_POINT('Ctrl Pts',(40.1305767311768,-8.,7.73105271669387));
#8706=CARTESIAN_POINT('Ctrl Pts',(40.1305767311768,-7.,7.73105271669387));
#8707=CARTESIAN_POINT('Ctrl Pts',(40.1515788355815,-8.,7.20902510888935));
#8708=CARTESIAN_POINT('Ctrl Pts',(40.1515788355815,-7.,7.20902510888935));
#8709=CARTESIAN_POINT('Ctrl Pts',(40.1623484194281,-8.,6.94133669137955));
#8710=CARTESIAN_POINT('Ctrl Pts',(40.1623484194281,-7.,6.94133669137955));
#8711=CARTESIAN_POINT('',(39.8731264173987,-8.,8.46384733915329));
#8712=CARTESIAN_POINT('Ctrl Pts',(39.8731264173987,-8.,8.46384733915329));
#8713=CARTESIAN_POINT('Ctrl Pts',(39.9574676134773,-8.,8.22378247369928));
#8714=CARTESIAN_POINT('Ctrl Pts',(40.1305767311768,-8.,7.73105271669387));
#8715=CARTESIAN_POINT('Ctrl Pts',(40.1515788355815,-8.,7.20902510888935));
#8716=CARTESIAN_POINT('Ctrl Pts',(40.1623484194281,-8.,6.94133669137955));
#8717=CARTESIAN_POINT('',(39.8731264173987,-7.,8.46384733915329));
#8718=CARTESIAN_POINT('',(39.8731264173987,-8.,8.46384733915329));
#8719=CARTESIAN_POINT('Ctrl Pts',(39.8731264173987,-7.,8.46384733915329));
#8720=CARTESIAN_POINT('Ctrl Pts',(39.9574676134773,-7.,8.22378247369928));
#8721=CARTESIAN_POINT('Ctrl Pts',(40.1305767311768,-7.,7.73105271669387));
#8722=CARTESIAN_POINT('Ctrl Pts',(40.1515788355815,-7.,7.20902510888935));
#8723=CARTESIAN_POINT('Ctrl Pts',(40.1623484194281,-7.,6.94133669137955));
#8724=CARTESIAN_POINT('Ctrl Pts',(39.0163728296759,-8.,9.544338285923));
#8725=CARTESIAN_POINT('Ctrl Pts',(39.0163728296759,-7.,9.544338285923));
#8726=CARTESIAN_POINT('Ctrl Pts',(39.1951544331753,-8.,9.40086288922132));
#8727=CARTESIAN_POINT('Ctrl Pts',(39.1951544331753,-7.,9.40086288922132));
#8728=CARTESIAN_POINT('Ctrl Pts',(39.5624977105156,-8.,9.10606341651022));
#8729=CARTESIAN_POINT('Ctrl Pts',(39.5624977105156,-7.,9.10606341651022));
#8730=CARTESIAN_POINT('Ctrl Pts',(39.7677618783917,-8.,8.68168554738765));
#8731=CARTESIAN_POINT('Ctrl Pts',(39.7677618783917,-7.,8.68168554738765));
#8732=CARTESIAN_POINT('Ctrl Pts',(39.8731264173987,-8.,8.46384733915329));
#8733=CARTESIAN_POINT('Ctrl Pts',(39.8731264173987,-7.,8.46384733915329));
#8734=CARTESIAN_POINT('',(39.0163728296759,-8.,9.544338285923));
#8735=CARTESIAN_POINT('Ctrl Pts',(39.0163728296759,-8.,9.544338285923));
#8736=CARTESIAN_POINT('Ctrl Pts',(39.1951544331753,-8.,9.40086288922132));
#8737=CARTESIAN_POINT('Ctrl Pts',(39.5624977105156,-8.,9.10606341651022));
#8738=CARTESIAN_POINT('Ctrl Pts',(39.7677618783917,-8.,8.68168554738765));
#8739=CARTESIAN_POINT('Ctrl Pts',(39.8731264173987,-8.,8.46384733915329));
#8740=CARTESIAN_POINT('',(39.0163728296759,-7.,9.544338285923));
#8741=CARTESIAN_POINT('',(39.0163728296759,-8.,9.544338285923));
#8742=CARTESIAN_POINT('Ctrl Pts',(39.0163728296759,-7.,9.544338285923));
#8743=CARTESIAN_POINT('Ctrl Pts',(39.1951544331753,-7.,9.40086288922132));
#8744=CARTESIAN_POINT('Ctrl Pts',(39.5624977105156,-7.,9.10606341651022));
#8745=CARTESIAN_POINT('Ctrl Pts',(39.7677618783917,-7.,8.68168554738765));
#8746=CARTESIAN_POINT('Ctrl Pts',(39.8731264173987,-7.,8.46384733915329));
#8747=CARTESIAN_POINT('Ctrl Pts',(37.7066871225836,-8.,9.92633014917374));
#8748=CARTESIAN_POINT('Ctrl Pts',(37.7066871225836,-7.,9.92633014917374));
#8749=CARTESIAN_POINT('Ctrl Pts',(37.9446420961595,-8.,9.91184379155867));
#8750=CARTESIAN_POINT('Ctrl Pts',(37.9446420961595,-7.,9.91184379155867));
#8751=CARTESIAN_POINT('Ctrl Pts',(38.4104275928041,-8.,9.88348743835913));
#8752=CARTESIAN_POINT('Ctrl Pts',(38.4104275928041,-7.,9.88348743835913));
#8753=CARTESIAN_POINT('Ctrl Pts',(38.817339335143,-8.,9.65573785946483));
#8754=CARTESIAN_POINT('Ctrl Pts',(38.817339335143,-7.,9.65573785946483));
#8755=CARTESIAN_POINT('Ctrl Pts',(39.0163728296759,-8.,9.544338285923));
#8756=CARTESIAN_POINT('Ctrl Pts',(39.0163728296759,-7.,9.544338285923));
#8757=CARTESIAN_POINT('',(37.7066871225836,-8.,9.92633014917374));
#8758=CARTESIAN_POINT('Ctrl Pts',(37.7066871225836,-8.,9.92633014917374));
#8759=CARTESIAN_POINT('Ctrl Pts',(37.9446420961595,-8.,9.91184379155867));
#8760=CARTESIAN_POINT('Ctrl Pts',(38.4104275928041,-8.,9.88348743835913));
#8761=CARTESIAN_POINT('Ctrl Pts',(38.817339335143,-8.,9.65573785946483));
#8762=CARTESIAN_POINT('Ctrl Pts',(39.0163728296759,-8.,9.544338285923));
#8763=CARTESIAN_POINT('',(37.7066871225836,-7.,9.92633014917374));
#8764=CARTESIAN_POINT('',(37.7066871225836,-8.,9.92633014917374));
#8765=CARTESIAN_POINT('Ctrl Pts',(37.7066871225836,-7.,9.92633014917374));
#8766=CARTESIAN_POINT('Ctrl Pts',(37.9446420961595,-7.,9.91184379155867));
#8767=CARTESIAN_POINT('Ctrl Pts',(38.4104275928041,-7.,9.88348743835913));
#8768=CARTESIAN_POINT('Ctrl Pts',(38.817339335143,-7.,9.65573785946483));
#8769=CARTESIAN_POINT('Ctrl Pts',(39.0163728296759,-7.,9.544338285923));
#8770=CARTESIAN_POINT('Ctrl Pts',(36.7407932579519,-8.,9.70259219408035));
#8771=CARTESIAN_POINT('Ctrl Pts',(36.7407932579519,-7.,9.70259219408035));
#8772=CARTESIAN_POINT('Ctrl Pts',(36.8854602264178,-8.,9.76779237417832));
#8773=CARTESIAN_POINT('Ctrl Pts',(36.8854602264178,-7.,9.76779237417832));
#8774=CARTESIAN_POINT('Ctrl Pts',(37.192185266753,-8.,9.90603075770499));
#8775=CARTESIAN_POINT('Ctrl Pts',(37.192185266753,-7.,9.90603075770499));
#8776=CARTESIAN_POINT('Ctrl Pts',(37.5288241054262,-8.,9.91931266036942));
#8777=CARTESIAN_POINT('Ctrl Pts',(37.5288241054262,-7.,9.91931266036942));
#8778=CARTESIAN_POINT('Ctrl Pts',(37.7066871225836,-8.,9.92633014917374));
#8779=CARTESIAN_POINT('Ctrl Pts',(37.7066871225836,-7.,9.92633014917374));
#8780=CARTESIAN_POINT('',(36.7407932579519,-8.,9.70259219408035));
#8781=CARTESIAN_POINT('Ctrl Pts',(36.7407932579519,-8.,9.70259219408035));
#8782=CARTESIAN_POINT('Ctrl Pts',(36.8854602264178,-8.,9.76779237417832));
#8783=CARTESIAN_POINT('Ctrl Pts',(37.192185266753,-8.,9.90603075770499));
#8784=CARTESIAN_POINT('Ctrl Pts',(37.5288241054262,-8.,9.91931266036942));
#8785=CARTESIAN_POINT('Ctrl Pts',(37.7066871225836,-8.,9.92633014917374));
#8786=CARTESIAN_POINT('',(36.7407932579519,-7.,9.70259219408035));
#8787=CARTESIAN_POINT('',(36.7407932579519,-8.,9.70259219408035));
#8788=CARTESIAN_POINT('Ctrl Pts',(36.7407932579519,-7.,9.70259219408035));
#8789=CARTESIAN_POINT('Ctrl Pts',(36.8854602264178,-7.,9.76779237417832));
#8790=CARTESIAN_POINT('Ctrl Pts',(37.192185266753,-7.,9.90603075770499));
#8791=CARTESIAN_POINT('Ctrl Pts',(37.5288241054262,-7.,9.91931266036942));
#8792=CARTESIAN_POINT('Ctrl Pts',(37.7066871225836,-7.,9.92633014917374));
#8793=CARTESIAN_POINT('Ctrl Pts',(36.025923162699,-8.,9.04229193925858));
#8794=CARTESIAN_POINT('Ctrl Pts',(36.025923162699,-7.,9.04229193925858));
#8795=CARTESIAN_POINT('Ctrl Pts',(36.13146261302,-8.,9.17840985299833));
#8796=CARTESIAN_POINT('Ctrl Pts',(36.13146261302,-7.,9.17840985299833));
#8797=CARTESIAN_POINT('Ctrl Pts',(36.3331607137935,-8.,9.43854693537879));
#8798=CARTESIAN_POINT('Ctrl Pts',(36.3331607137935,-7.,9.43854693537879));
#8799=CARTESIAN_POINT('Ctrl Pts',(36.6091951150009,-8.,9.61734908432842));
#8800=CARTESIAN_POINT('Ctrl Pts',(36.6091951150009,-7.,9.61734908432842));
#8801=CARTESIAN_POINT('Ctrl Pts',(36.7407932579519,-8.,9.70259219408035));
#8802=CARTESIAN_POINT('Ctrl Pts',(36.7407932579519,-7.,9.70259219408035));
#8803=CARTESIAN_POINT('',(36.025923162699,-8.,9.04229193925858));
#8804=CARTESIAN_POINT('Ctrl Pts',(36.025923162699,-8.,9.04229193925858));
#8805=CARTESIAN_POINT('Ctrl Pts',(36.13146261302,-8.,9.17840985299833));
#8806=CARTESIAN_POINT('Ctrl Pts',(36.3331607137935,-8.,9.43854693537879));
#8807=CARTESIAN_POINT('Ctrl Pts',(36.6091951150009,-8.,9.61734908432842));
#8808=CARTESIAN_POINT('Ctrl Pts',(36.7407932579519,-8.,9.70259219408035));
#8809=CARTESIAN_POINT('',(36.025923162699,-7.,9.04229193925858));
#8810=CARTESIAN_POINT('',(36.025923162699,-8.,9.04229193925858));
#8811=CARTESIAN_POINT('Ctrl Pts',(36.025923162699,-7.,9.04229193925858));
#8812=CARTESIAN_POINT('Ctrl Pts',(36.13146261302,-7.,9.17840985299833));
#8813=CARTESIAN_POINT('Ctrl Pts',(36.3331607137935,-7.,9.43854693537879));
#8814=CARTESIAN_POINT('Ctrl Pts',(36.6091951150009,-7.,9.61734908432842));
#8815=CARTESIAN_POINT('Ctrl Pts',(36.7407932579519,-7.,9.70259219408035));
#8816=CARTESIAN_POINT('Origin',(36.025923162699,-8.,9.79536145925522));
#8817=CARTESIAN_POINT('',(36.025923162699,-8.,9.79536145925522));
#8818=CARTESIAN_POINT('',(36.025923162699,-8.,4.89768072962761));
#8819=CARTESIAN_POINT('',(36.025923162699,-7.,9.79536145925522));
#8820=CARTESIAN_POINT('',(36.025923162699,-8.,9.79536145925522));
#8821=CARTESIAN_POINT('',(36.025923162699,-7.,9.79536145925522));
#8822=CARTESIAN_POINT('Origin',(35.130970746279,-8.,9.79536145925522));
#8823=CARTESIAN_POINT('',(35.130970746279,-8.,9.79536145925522));
#8824=CARTESIAN_POINT('',(12.5654853731395,-8.,9.79536145925522));
#8825=CARTESIAN_POINT('',(35.130970746279,-7.,9.79536145925522));
#8826=CARTESIAN_POINT('',(35.130970746279,-8.,9.79536145925522));
#8827=CARTESIAN_POINT('',(35.130970746279,-7.,9.79536145925522));
#8828=CARTESIAN_POINT('Origin',(35.130970746279,-8.,1.77899032831192));
#8829=CARTESIAN_POINT('',(35.130970746279,-8.,1.77899032831192));
#8830=CARTESIAN_POINT('',(35.130970746279,-8.,0.88949516415596));
#8831=CARTESIAN_POINT('',(35.130970746279,-7.,1.77899032831192));
#8832=CARTESIAN_POINT('',(35.130970746279,-8.,1.77899032831192));
#8833=CARTESIAN_POINT('',(35.130970746279,-7.,1.77899032831192));
#8834=CARTESIAN_POINT('Origin',(36.1132356226446,-8.,1.77899032831192));
#8835=CARTESIAN_POINT('',(13.0566178113223,-8.,1.77899032831192));
#8836=CARTESIAN_POINT('',(36.1132356226446,-7.,1.77899032831192));
#8837=CARTESIAN_POINT('Origin',(59.0654855668547,-7.,6.88949525356293));
#8838=CARTESIAN_POINT('Origin',(-10.,-8.,0.));
#8839=CARTESIAN_POINT('',(-5.,-8.,0.));
#8840=CARTESIAN_POINT('',(-5.,-8.,78.));
#8841=CARTESIAN_POINT('',(-5.,-8.,0.));
#8842=CARTESIAN_POINT('',(83.,-8.,0.));
#8843=CARTESIAN_POINT('',(88.,-8.,0.));
#8844=CARTESIAN_POINT('',(83.,-8.,0.));
#8845=CARTESIAN_POINT('',(83.,-8.,78.));
#8846=CARTESIAN_POINT('',(83.,-8.,0.));
#8847=CARTESIAN_POINT('',(14.5,-8.,78.));
#8848=CARTESIAN_POINT('Origin',(-10.,-8.,0.));
#8849=CARTESIAN_POINT('Origin',(-10.,-8.,0.));
#8850=CARTESIAN_POINT('Origin',(-5.,-3.,78.));
#8851=CARTESIAN_POINT('',(-10.,-3.,78.));
#8852=CARTESIAN_POINT('',(-5.,-3.,83.));
#8853=CARTESIAN_POINT('Origin',(-5.,-3.,78.));
#8854=CARTESIAN_POINT('Origin',(-5.,-3.,78.));
#8855=CARTESIAN_POINT('Origin',(-5.,-3.,78.));
#8856=CARTESIAN_POINT('Origin',(-5.,-3.,0.));
#8857=CARTESIAN_POINT('',(-10.,-3.,0.));
#8858=CARTESIAN_POINT('Origin',(-5.,-3.,0.));
#8859=CARTESIAN_POINT('',(-10.,-3.,0.));
#8860=CARTESIAN_POINT('Origin',(83.,-3.,78.));
#8861=CARTESIAN_POINT('',(83.,-3.,83.));
#8862=CARTESIAN_POINT('Origin',(83.,-3.,78.));
#8863=CARTESIAN_POINT('',(88.,-3.,78.));
#8864=CARTESIAN_POINT('Origin',(83.,-3.,78.));
#8865=CARTESIAN_POINT('Origin',(83.,-3.,78.));
#8866=CARTESIAN_POINT('Origin',(83.,-3.,0.));
#8867=CARTESIAN_POINT('',(88.,-3.00000000000001,0.));
#8868=CARTESIAN_POINT('Origin',(83.,-3.,0.));
#8869=CARTESIAN_POINT('',(88.,-3.,0.));
#8870=CARTESIAN_POINT('Origin',(-5.,81.5,78.));
#8871=CARTESIAN_POINT('',(-5.,86.5,78.));
#8872=CARTESIAN_POINT('',(-5.,81.5,83.));
#8873=CARTESIAN_POINT('Origin',(-5.,81.5,78.));
#8874=CARTESIAN_POINT('',(-10.,81.5,78.));
#8875=CARTESIAN_POINT('Origin',(-5.,81.5,78.));
#8876=CARTESIAN_POINT('Origin',(-5.,81.5,78.));
#8877=CARTESIAN_POINT('Origin',(-5.,81.5,0.));
#8878=CARTESIAN_POINT('',(-5.,86.5,0.));
#8879=CARTESIAN_POINT('',(-10.,81.5,0.));
#8880=CARTESIAN_POINT('Origin',(-5.,81.5,0.));
#8881=CARTESIAN_POINT('',(-10.,81.5,0.));
#8882=CARTESIAN_POINT('',(-5.,86.5,0.));
#8883=CARTESIAN_POINT('Origin',(-5.,62.875,78.));
#8884=CARTESIAN_POINT('',(-5.,62.875,83.));
#8885=CARTESIAN_POINT('',(-10.,62.875,78.));
#8886=CARTESIAN_POINT('Origin',(83.,81.5,78.));
#8887=CARTESIAN_POINT('',(88.,81.5,78.));
#8888=CARTESIAN_POINT('',(83.,81.5,83.));
#8889=CARTESIAN_POINT('Origin',(83.,81.5,78.));
#8890=CARTESIAN_POINT('',(83.,86.5,78.));
#8891=CARTESIAN_POINT('Origin',(83.,81.5,78.));
#8892=CARTESIAN_POINT('Origin',(83.,81.5,78.));
#8893=CARTESIAN_POINT('Origin',(83.,81.5,0.));
#8894=CARTESIAN_POINT('',(88.,81.5,0.));
#8895=CARTESIAN_POINT('',(83.,86.5,0.));
#8896=CARTESIAN_POINT('Origin',(83.,81.5,0.));
#8897=CARTESIAN_POINT('',(83.,86.5,0.));
#8898=CARTESIAN_POINT('',(88.,81.5,0.));
#8899=CARTESIAN_POINT('Origin',(63.5,81.5,78.));
#8900=CARTESIAN_POINT('',(63.5,81.5,83.));
#8901=CARTESIAN_POINT('',(63.5,86.5,78.));
#8902=CARTESIAN_POINT('Origin',(83.,15.625,78.));
#8903=CARTESIAN_POINT('',(83.,15.625,83.));
#8904=CARTESIAN_POINT('',(88.,15.625,78.));
#8905=CARTESIAN_POINT('Origin',(14.5,-3.,78.));
#8906=CARTESIAN_POINT('',(14.5,-3.,83.));
#8907=CARTESIAN_POINT('Origin',(-10.,86.5,0.));
#8908=CARTESIAN_POINT('',(-10.,-8.,0.));
#8909=CARTESIAN_POINT('',(-10.,14.,13.));
#8910=CARTESIAN_POINT('',(-10.,31.,13.));
#8911=CARTESIAN_POINT('',(-10.,60.75,13.));
#8912=CARTESIAN_POINT('',(-10.,35.,17.));
#8913=CARTESIAN_POINT('Origin',(-10.,31.,17.));
#8914=CARTESIAN_POINT('',(-10.,35.,19.));
#8915=CARTESIAN_POINT('',(-10.,35.,11.5));
#8916=CARTESIAN_POINT('',(-10.,31.,23.));
#8917=CARTESIAN_POINT('Origin',(-10.,31.,19.));
#8918=CARTESIAN_POINT('',(-10.,14.,23.));
#8919=CARTESIAN_POINT('',(-10.,48.25,23.));
#8920=CARTESIAN_POINT('',(-10.,10.,19.));
#8921=CARTESIAN_POINT('Origin',(-10.,14.,19.));
#8922=CARTESIAN_POINT('',(-10.,10.,17.));
#8923=CARTESIAN_POINT('',(-10.,10.,6.5));
#8924=CARTESIAN_POINT('Origin',(-10.,14.,17.));
#8925=CARTESIAN_POINT('Origin',(88.,86.5,0.));
#8926=CARTESIAN_POINT('',(-10.,86.5,0.));
#8927=CARTESIAN_POINT('',(58.,86.5,13.));
#8928=CARTESIAN_POINT('Origin',(63.,86.5,13.));
#8929=CARTESIAN_POINT('Origin',(39.,39.25,83.));
#8930=CARTESIAN_POINT('',(0.,0.,83.));
#8931=CARTESIAN_POINT('',(4.07504551034789E-15,78.5,83.));
#8932=CARTESIAN_POINT('',(4.07504551034789E-15,78.5,83.));
#8933=CARTESIAN_POINT('',(78.,78.5,83.));
#8934=CARTESIAN_POINT('',(78.,78.5,83.));
#8935=CARTESIAN_POINT('',(78.,0.,83.));
#8936=CARTESIAN_POINT('',(78.,0.,83.));
#8937=CARTESIAN_POINT('',(0.,0.,83.));
#8938=CARTESIAN_POINT('Origin',(2.03752275517394E-15,14.,19.));
#8939=CARTESIAN_POINT('',(7.26759708851853E-16,14.,23.));
#8940=CARTESIAN_POINT('',(5.19114077751324E-16,10.,19.));
#8941=CARTESIAN_POINT('Origin',(0.,14.,19.));
#8942=CARTESIAN_POINT('',(2.03752275517394E-15,10.,19.));
#8943=CARTESIAN_POINT('',(2.03752275517394E-15,14.,23.));
#8944=CARTESIAN_POINT('Origin',(2.03752275517394E-15,10.,13.));
#8945=CARTESIAN_POINT('',(5.19114077751324E-16,10.,17.));
#8946=CARTESIAN_POINT('',(5.19114077751324E-16,10.,6.5));
#8947=CARTESIAN_POINT('',(2.03752275517394E-15,10.,17.));
#8948=CARTESIAN_POINT('Origin',(2.03752275517394E-15,14.,17.));
#8949=CARTESIAN_POINT('',(7.26759708851853E-16,14.,13.));
#8950=CARTESIAN_POINT('Origin',(0.,14.,17.));
#8951=CARTESIAN_POINT('',(2.03752275517394E-15,14.,13.));
#8952=CARTESIAN_POINT('Origin',(2.03752275517394E-15,35.,13.));
#8953=CARTESIAN_POINT('',(1.6092536410291E-15,31.,13.));
#8954=CARTESIAN_POINT('',(9.08449636064816E-16,17.5,13.));
#8955=CARTESIAN_POINT('',(2.03752275517394E-15,31.,13.));
#8956=CARTESIAN_POINT('Origin',(2.03752275517394E-15,31.,17.));
#8957=CARTESIAN_POINT('',(1.81689927212963E-15,35.,17.));
#8958=CARTESIAN_POINT('Origin',(0.,31.,17.));
#8959=CARTESIAN_POINT('',(2.03752275517394E-15,35.,17.));
#8960=CARTESIAN_POINT('Origin',(2.03752275517394E-15,35.,23.));
#8961=CARTESIAN_POINT('',(1.81689927212963E-15,35.,19.));
#8962=CARTESIAN_POINT('',(1.81689927212963E-15,35.,11.5));
#8963=CARTESIAN_POINT('',(2.03752275517394E-15,35.,19.));
#8964=CARTESIAN_POINT('Origin',(2.03752275517394E-15,31.,19.));
#8965=CARTESIAN_POINT('',(1.6092536410291E-15,31.,23.));
#8966=CARTESIAN_POINT('Origin',(0.,31.,19.));
#8967=CARTESIAN_POINT('',(2.03752275517394E-15,31.,23.));
#8968=CARTESIAN_POINT('Origin',(2.03752275517394E-15,10.,23.));
#8969=CARTESIAN_POINT('',(2.59557038875662E-16,5.,23.));
#8970=CARTESIAN_POINT('Origin',(63.,78.5,13.));
#8971=CARTESIAN_POINT('',(58.,78.5,13.));
#8972=CARTESIAN_POINT('Origin',(63.,78.5,13.));
#8973=CARTESIAN_POINT('',(58.,78.5,13.));
#8974=CARTESIAN_POINT('Origin',(78.,78.5,0.));
#8975=CARTESIAN_POINT('',(78.,0.,3.));
#8976=CARTESIAN_POINT('',(78.,78.5,3.));
#8977=CARTESIAN_POINT('',(78.,58.875,3.));
#8978=CARTESIAN_POINT('',(78.,0.,0.));
#8979=CARTESIAN_POINT('',(78.,78.5,0.));
#8980=CARTESIAN_POINT('Origin',(78.,0.,0.));
#8981=CARTESIAN_POINT('',(0.,0.,3.));
#8982=CARTESIAN_POINT('',(58.5,0.,3.));
#8983=CARTESIAN_POINT('',(0.,0.,0.));
#8984=CARTESIAN_POINT('Origin',(0.,78.5,0.));
#8985=CARTESIAN_POINT('',(4.07504551034789E-15,78.5,3.));
#8986=CARTESIAN_POINT('',(19.5,78.5,3.));
#8987=CARTESIAN_POINT('',(4.07504551034789E-15,78.5,0.));
#8988=CARTESIAN_POINT('Origin',(0.,0.,0.));
#8989=CARTESIAN_POINT('',(0.,19.625,3.));
#8990=CARTESIAN_POINT('Origin',(88.,-8.00000000000001,0.));
#8991=CARTESIAN_POINT('',(88.,86.5,0.));
#8992=CARTESIAN_POINT('Origin',(-10.,-8.,0.));
#8993=CARTESIAN_POINT('Origin',(39.,39.25,3.));
#8994=CARTESIAN_POINT('Origin',(39.,39.25,0.));
#8995=UNCERTAINTY_MEASURE_WITH_UNIT(LENGTH_MEASURE(0.01),#8999,
'DISTANCE_ACCURACY_VALUE',
'Maximum model space distance between geometric entities at asserted c
onnectivities');
#8996=UNCERTAINTY_MEASURE_WITH_UNIT(LENGTH_MEASURE(0.01),#8999,
'DISTANCE_ACCURACY_VALUE',
'Maximum model space distance between geometric entities at asserted c
onnectivities');
#8997=(
GEOMETRIC_REPRESENTATION_CONTEXT(3)
GLOBAL_UNCERTAINTY_ASSIGNED_CONTEXT((#8995))
GLOBAL_UNIT_ASSIGNED_CONTEXT((#8999,#9001,#9002))
REPRESENTATION_CONTEXT('','3D')
);
#8998=(
GEOMETRIC_REPRESENTATION_CONTEXT(3)
GLOBAL_UNCERTAINTY_ASSIGNED_CONTEXT((#8996))
GLOBAL_UNIT_ASSIGNED_CONTEXT((#8999,#9001,#9002))
REPRESENTATION_CONTEXT('','3D')
);
#8999=(
LENGTH_UNIT()
NAMED_UNIT(*)
SI_UNIT(.MILLI.,.METRE.)
);
#9000=(
LENGTH_UNIT()
NAMED_UNIT(*)
SI_UNIT($,.METRE.)
);
#9001=(
NAMED_UNIT(*)
PLANE_ANGLE_UNIT()
SI_UNIT($,.RADIAN.)
);
#9002=(
NAMED_UNIT(*)
SI_UNIT($,.STERADIAN.)
SOLID_ANGLE_UNIT()
);
#9003=SHAPE_DEFINITION_REPRESENTATION(#9004,#9005);
#9004=PRODUCT_DEFINITION_SHAPE('',$,#9007);
#9005=SHAPE_REPRESENTATION('',(#4693),#8997);
#9006=PRODUCT_DEFINITION_CONTEXT('part definition',#9011,'design');
#9007=PRODUCT_DEFINITION('CS 194W Box','CS 194W Box v2',#9008,#9006);
#9008=PRODUCT_DEFINITION_FORMATION('',$,#9013);
#9009=PRODUCT_RELATED_PRODUCT_CATEGORY('CS 194W Box v2',
'CS 194W Box v2',(#9013));
#9010=APPLICATION_PROTOCOL_DEFINITION('international standard',
'automotive_design',2009,#9011);
#9011=APPLICATION_CONTEXT(
'Core Data for Automotive Mechanical Design Process');
#9012=PRODUCT_CONTEXT('part definition',#9011,'mechanical');
#9013=PRODUCT('CS 194W Box','CS 194W Box v2',$,(#9012));
#9014=PRESENTATION_STYLE_ASSIGNMENT((#9015));
#9015=SURFACE_STYLE_USAGE(.BOTH.,#9016);
#9016=SURFACE_SIDE_STYLE('',(#9017));
#9017=SURFACE_STYLE_FILL_AREA(#9018);
#9018=FILL_AREA_STYLE('Steel - Satin',(#9019));
#9019=FILL_AREA_STYLE_COLOUR('Steel - Satin',#9020);
#9020=COLOUR_RGB('Steel - Satin',0.627450980392157,0.627450980392157,0.627450980392157);
ENDSEC;
END-ISO-10303-21;
